bs_id,latitude,longitude,workload,observed_slots,mean_sms-in,mean_sms-out,mean_call-in,mean_call-out,mean_internet
MI_B1,45.35880092,9.01449148,40.6690731859,8784,2.7877825733,1.5004139971,1.7331468439,1.8240848242,40.6690731859
MI_B2,45.35880006,9.02049237,41.7875827155,8784,2.7883375806,1.5015284508,1.7340512563,1.8155065660,41.7875827155
MI_B3,45.35879880,9.02649325,40.8618158508,8784,2.7435891084,1.4777762269,1.7066298719,1.7880003632,40.8618158508
MI_B4,45.35879721,9.03249412,41.9968710566,8784,2.8371176870,1.5255118267,1.7650186491,1.8497286895,41.9968710566
MI_B5,45.35879542,9.03849501,33.5552690288,8784,2.4821831678,1.3344929522,1.5489957184,1.6373763392,33.5552690288
MI_B6,45.35879324,9.04449589,9.8384332638,8784,0.9942394830,0.5288282987,0.6214278260,0.6808476723,9.8384332638
MI_B7,45.35879071,9.05049676,7.9621830473,8784,0.5573742143,0.2940804058,0.3513612920,0.3835648308,7.9621830473
MI_B8,45.35878795,9.05649765,11.9026662106,8784,0.7320284665,0.4054595111,0.4591641631,0.5173980776,11.9026662106
MI_B9,45.35878477,9.06249851,14.5230351530,8784,0.8489182316,0.4866696087,0.5196627510,0.6404896251,14.5230351530
MI_B10,45.35878130,9.06849938,14.5236746632,8784,0.8513368625,0.4867171086,0.5200350263,0.6362135154,14.5236746632
MI_B11,45.35877759,9.07450026,14.5304156036,8784,0.8599818162,0.4872198639,0.5228798642,0.6175451108,14.5304156036
MI_B12,45.35877353,9.08050114,19.4790784901,8784,1.2219109689,0.9101788791,0.7723335025,0.8396072460,19.4790784901
MI_B13,45.35876908,9.08650200,23.8020837462,8784,1.4709793718,1.1803215586,0.9455941276,1.0079042641,23.8020837462
MI_B14,45.35876443,9.09250288,27.2807107627,8784,1.4134363998,0.9890346843,0.9173169956,0.9647660207,27.2807107627
MI_B15,45.35875943,9.09850375,30.1166281895,8784,1.2853206722,0.7071534450,0.8450738849,0.8699859482,30.1166281895
MI_B16,45.35875405,9.10450460,32.0784336621,8784,1.3897529578,0.7045721303,0.9558604088,0.9830124685,32.0784336621
MI_B17,45.35874842,9.11050547,31.9971933942,8784,1.6159881930,0.7784060939,1.1495803360,1.2285049341,31.9971933942
MI_B18,45.35874245,9.11650633,29.5043921550,8784,1.6712898764,0.7775506443,1.1699036481,1.3082234850,29.5043921550
MI_B19,45.35873620,9.12250720,29.4270659055,8784,1.7065323289,0.7910133552,1.2018480837,1.3505274696,29.4270659055
MI_B20,45.35872957,9.12850805,31.1465571491,8784,2.0156373402,1.0071736563,1.5193660665,1.5514732155,31.1465571491
MI_B21,45.35872268,9.13450891,39.3917790504,8784,3.2622715940,1.6552659828,2.9955551974,2.3325731106,39.3917790504
MI_B22,45.35871545,9.14050977,62.3442941131,8784,4.3854629483,2.1481766060,3.8293697935,2.9545976727,62.3442941131
MI_B23,45.35870790,9.14651062,123.8453716409,8784,6.3053424843,3.0420361748,5.0451153368,4.0699511938,123.8453716409
MI_B24,45.35870004,9.15251147,486.5243376693,8784,15.7064793652,7.5148657647,10.0949040994,9.6412497217,486.5243376693
MI_B25,45.35869188,9.15851231,119.0156527529,8784,6.8546503067,3.2164834447,4.1942137132,4.5491568986,119.0156527529
MI_B26,45.35868345,9.16451317,66.4410983935,8784,4.3603907796,1.9919938233,2.6149359879,2.8396307904,66.4410983935
MI_B27,45.35867461,9.17051401,69.3119848521,8784,3.9857849577,1.6878994068,2.3060026419,2.4502909394,69.3119848521
MI_B28,45.35866545,9.17651484,66.5101944802,8784,3.0037270523,1.4212105027,1.7851689047,1.9628344951,66.5101944802
MI_B29,45.35865610,9.18251569,39.2348562125,8784,2.3334303294,1.0824786773,1.5445536269,2.1171291857,39.2348562125
MI_B30,45.35864634,9.18851652,35.7209246269,8784,1.9925871260,1.1046842240,1.5007807810,1.5283459525,35.7209246269
MI_B31,45.35863625,9.19451734,25.0761600041,8784,1.7969753818,0.9034051161,1.6312956548,1.8278993214,25.0761600041
MI_B32,45.35862587,9.20051817,29.6302285833,8784,2.1751059083,1.1070738768,1.8584967417,2.0340096119,29.6302285833
MI_B33,45.35861516,9.20651899,57.7277167888,8784,3.3651942565,1.8853418680,2.4263165014,2.4838678104,57.7277167888
MI_B34,45.35860418,9.21251982,71.3831470766,8784,4.1929035861,2.1443693826,2.8226216511,3.0879734426,71.3831470766
MI_B35,45.35859286,9.21852063,64.8544986729,8784,3.9360969339,1.9228539554,2.5457989963,2.8914824469,64.8544986729
MI_B36,45.35858123,9.22452145,49.8718539685,8784,2.8109350541,1.4338067939,1.7547131566,1.9700396143,49.8718539685
MI_B37,45.35856924,9.23052225,55.0527755173,8784,2.6925864968,1.4411172011,1.5938680274,1.7709879348,55.0527755173
MI_B38,45.35855697,9.23652305,55.0112587639,8784,2.7084433899,1.4373308805,1.5903842559,1.7731773500,55.0112587639
MI_B39,45.35854441,9.24252386,55.0112587639,8784,2.7084433899,1.4373308805,1.5903842559,1.7731773500,55.0112587639
MI_B40,45.35853151,9.24852466,53.0567576870,8784,2.6865337898,1.3461994434,1.6343104326,1.8570797083,53.0567576870
MI_B41,45.35851832,9.25452546,20.3640686549,8784,1.4454117921,0.6700568677,0.9426693943,1.1061224226,20.3640686549
MI_B42,45.35850476,9.26052624,12.3164186520,8784,1.0303665673,0.4390279035,0.6470304171,0.7902033265,12.3164186520
MI_B43,45.35849092,9.26652702,13.8784683736,8784,1.0563736719,0.4348724459,0.7036386536,0.8395003233,13.8784683736
MI_B44,45.35847675,9.27252780,20.7481624747,8784,1.2643895275,0.4582933534,1.0488031924,1.1084576416,20.7481624747
MI_B45,45.35846229,9.27852858,18.9488086464,8784,1.1265066657,0.3620900833,0.9458698536,0.9906190076,18.9488086464
MI_B46,45.35844750,9.28452935,22.7960189037,8784,1.5641726600,0.5809363063,1.2716510822,1.5823164787,22.7960189037
MI_B47,45.35843234,9.29053011,38.8079247794,8568,2.0402501580,0.7903958583,1.6727791286,2.2308883997,38.8079247794
MI_B48,45.35841696,9.29653088,56.4881334080,8568,2.5288392246,0.9940661856,2.0912788034,2.8755943245,56.4881334080
MI_B49,45.35840122,9.30253164,56.1634444002,8568,2.5141488867,0.9885052948,2.0794869840,2.8590773587,56.1634444002
MI_B50,45.35838519,9.30853239,56.4498864769,8568,2.5255670908,0.9933266243,2.0896215994,2.8731441367,56.4498864769
MI_B51,45.36303157,9.01449256,39.7762090786,8784,2.4813727625,1.3493476212,1.5443101914,1.6037491720,39.7762090786
MI_B52,45.36303069,9.02049390,41.8700072217,8784,2.7985840374,1.5072273421,1.7425486707,1.8224439157,41.8700072217
MI_B53,45.36302943,9.02649522,42.1914874388,8784,2.8663540559,1.5410753079,1.7871628579,1.8697880164,42.1914874388
MI_B54,45.36302790,9.03249655,42.0180493874,8784,2.8484377831,1.5270405948,1.7681857119,1.8539616629,42.0180493874
MI_B55,45.36302603,9.03849788,38.7038226537,8784,2.6947041583,1.4485440616,1.6783182138,1.7645263835,38.7038226537
MI_B56,45.36302383,9.04449920,15.4892773463,8784,1.6021096638,0.8811546067,1.0549371646,1.1406990251,15.4892773463
MI_B57,45.36302134,9.05050052,13.1041874904,8784,0.8003770267,0.4529390917,0.4981533732,0.5414379223,13.1041874904
MI_B58,45.36301856,9.05650185,14.5573192958,8784,0.8569797520,0.4918206200,0.5276386793,0.6173192958,14.5573192958
MI_B59,45.36301541,9.06250317,14.6041781240,8784,0.8507890871,0.4872619567,0.5209706890,0.6430735839,14.6041781240
MI_B60,45.36301198,9.06850450,15.4377946273,8784,0.8704866887,0.4933559091,0.5344795970,0.6573188492,15.4377946273
MI_B61,45.36300824,9.07450582,18.4471891233,8784,1.0004576130,0.6062351155,0.6233643889,0.7380689626,18.4471891233
MI_B62,45.36300413,9.08050713,26.0962631930,8784,1.5108432327,1.1785177193,0.9739695144,1.0463398377,26.0962631930
MI_B63,45.36299977,9.08650846,28.2178781153,8784,1.4312785561,0.9892134293,0.9298978235,0.9776225334,28.2178781153
MI_B64,45.36299505,9.09250977,30.4167702052,8784,1.2622486028,0.6625672441,0.8316654704,0.8529714595,30.4167702052
MI_B65,45.36299004,9.09851108,30.4899382322,8784,1.2566241394,0.6516981082,0.8283967937,0.8488237011,30.4899382322
MI_B66,45.36298470,9.10451240,31.1054576484,8784,1.3357475421,0.6836311015,0.9070363519,0.9293552954,31.1054576484
MI_B67,45.36297905,9.11051371,30.4790012963,8784,1.2405081878,0.6508826623,0.8236472876,0.8442101335,30.4790012963
MI_B68,45.36297313,9.11651503,30.3874400833,8784,1.2941083701,0.6636495665,0.8609345284,0.8927232044,30.3874400833
MI_B69,45.36296681,9.12251633,46.2818815294,8784,2.3519670322,1.5484969153,1.4935406853,1.6346097443,46.2818815294
MI_B70,45.36296022,9.12851764,65.7496867864,8784,3.3986288688,2.6688191196,2.0188162958,2.2071810639,65.7496867864
MI_B71,45.36295330,9.13451894,67.1940698963,8784,4.1356830248,2.9975521259,2.8938002585,2.7377735177,67.1940698963
MI_B72,45.36294607,9.14052024,43.5046373751,8784,3.3978061888,1.9841836104,2.7206193416,2.3390184079,43.5046373751
MI_B73,45.36293852,9.14652154,164.3789165820,8784,7.6993420273,3.6982221912,5.0370280999,5.0053183823,164.3789165820
MI_B74,45.36293070,9.15252284,271.6705980458,8784,11.5430937581,5.5264558275,7.1734203096,7.4580497819,271.6705980458
MI_B75,45.36292247,9.15852412,135.1387873830,8784,8.6716472702,4.1081680854,5.3244384779,6.0272316230,135.1387873830
MI_B76,45.36291400,9.16452542,103.5944723930,8784,5.6368147016,2.5563285710,3.3324687020,3.6714414722,103.5944723930
MI_B77,45.36290519,9.17052671,96.9296326368,8784,4.4439899708,1.9431029800,2.5473401152,2.6933313013,96.9296326368
MI_B78,45.36289613,9.17652800,84.9365027123,8784,3.5084415151,1.6133130857,2.1544633845,2.5022566694,84.9365027123
MI_B79,45.36288666,9.18252928,44.2833227654,8784,2.5450263642,0.9703426866,1.6460137232,2.6694214524,44.2833227654
MI_B80,45.36287691,9.18853056,36.6077540263,8784,2.5909141146,1.2162779206,1.7114134177,2.1903083330,36.6077540263
MI_B81,45.36286685,9.19453184,33.6376898594,8784,2.1544353187,1.2272747450,1.7408015197,1.8189697387,33.6376898594
MI_B82,45.36285648,9.20053311,36.0879041313,8784,2.0771816144,1.1316137526,1.7222631440,1.9030171467,36.0879041313
MI_B83,45.36284578,9.20653438,60.9127686853,8784,2.7391779955,1.6492016918,1.9846078331,2.1107164147,60.9127686853
MI_B84,45.36283477,9.21253565,75.7997032772,8784,4.7946082984,2.4588679899,3.3814764643,3.7445337176,75.7997032772
MI_B85,45.36282347,9.21853692,86.5458971312,8784,6.3749679871,3.0855822700,4.4977908232,4.9807289975,86.5458971312
MI_B86,45.36281180,9.22453817,65.1617387314,8784,4.4186030616,2.2488429823,3.0329693416,3.3187872907,65.1617387314
MI_B87,45.36279987,9.23053943,55.0096778860,8784,2.7068206278,1.4372560149,1.5900629409,1.7737181292,55.0096778860
MI_B88,45.36278758,9.23654068,55.0105331669,8784,2.7076985687,1.4372965184,1.5902367776,1.7729129478,55.0105331669
MI_B89,45.36277500,9.24254193,48.9726729766,8784,2.4764309861,1.3052150093,1.4613500490,1.6349439453,48.9726729766
MI_B90,45.36276211,9.24854318,50.2600921111,8784,2.5950223075,1.2476444632,1.6130884342,1.8585995332,50.2600921111
MI_B91,45.36274888,9.25454442,15.5441238846,8784,1.1810732756,0.5042337455,0.7511592874,0.9038005234,15.5441238846
MI_B92,45.36273534,9.26054565,15.2826441923,8784,1.0768969751,0.4582705408,0.7149561995,0.8644734520,15.2826441923
MI_B93,45.36272150,9.26654689,24.7440306323,8784,0.9904802317,0.3578419058,0.8890438098,1.0329725003,24.7440306323
MI_B94,45.36270732,9.27254811,14.2266897545,8784,0.7319716820,0.2825742766,0.6349598155,0.6774528916,14.2266897545
MI_B95,45.36269289,9.27854934,17.6635332895,8784,1.1287126773,0.5476682652,0.9612450778,1.0645407335,17.6635332895
MI_B96,45.36267805,9.28455055,17.6562162575,8784,1.0891397676,0.4077372149,0.9048386335,1.0896015778,17.6562162575
MI_B97,45.36266300,9.29055178,23.7526181112,8784,1.6286351262,0.6191951729,1.3188890307,1.6844834408,23.7526181112
MI_B98,45.36264752,9.29655298,46.6532005190,8568,2.2486368179,0.8777852274,1.8519225599,2.5098712301,46.6532005190
MI_B99,45.36263182,9.30255419,55.3547406363,8568,2.5084777940,0.9782935243,2.0595942167,2.8345812319,55.3547406363
MI_B100,45.36261574,9.30855538,49.3174836202,8591,2.3462088087,0.8979792984,1.8676900943,2.5761470029,49.3174836202
MI_B101,45.36726226,9.01449365,18.4519018837,8784,1.0275996517,0.5827090426,0.6543456310,0.6810296567,18.4519018837
MI_B102,45.36726129,9.02049542,23.4371627813,8784,1.2778909148,0.7197735195,0.8070875403,0.8316356121,23.4371627813
MI_B103,45.36726012,9.02649721,24.3689120595,8784,1.3776545618,0.7706552818,0.8697387107,0.8984073797,24.3689120595
MI_B104,45.36725852,9.03249897,24.7926955749,8784,1.6394277495,0.8303775951,0.9586975626,1.0243401283,24.7926955749
MI_B105,45.36725668,9.03850075,19.0826693535,8784,1.4180857977,0.6786973107,0.7935847855,0.8759026191,19.0826693535
MI_B106,45.36725447,9.04450251,16.2950735230,8784,0.9665379463,0.5166621072,0.5741029506,0.6249159517,16.2950735230
MI_B107,45.36725199,9.05050429,15.9148478719,8784,0.8483090212,0.4778793595,0.5219580107,0.5606364219,15.9148478719
MI_B108,45.36724914,9.05650605,15.4441936981,8784,0.8046496637,0.4464493598,0.4829034618,0.5530407504,15.4441936981
MI_B109,45.36724605,9.06250783,17.9864751083,8784,0.9287199339,0.5104731873,0.5741781709,0.6990421497,17.9864751083
MI_B110,45.36724261,9.06850960,18.9405523594,8784,0.9568758297,0.5248429425,0.5937868533,0.7195036743,18.9405523594
MI_B111,45.36723885,9.07451137,25.0749093073,8784,1.3651787050,0.9990013665,0.8804919930,0.9914094510,25.0749093073
MI_B112,45.36723478,9.08051314,29.2104512646,8784,1.3392796682,0.8395071548,0.8807063649,0.9531797468,29.2104512646
MI_B113,45.36723038,9.08651490,30.4878340851,8784,1.2535236062,0.6515412253,0.8274830406,0.8555560125,30.4878340851
MI_B114,45.36722571,9.09251667,30.4899300872,8784,1.2566121375,0.6516975010,0.8283932566,0.8488497614,30.4899300872
MI_B115,45.36722066,9.09851843,30.4899382322,8784,1.2566241394,0.6516981082,0.8283967937,0.8488237011,30.4899382322
MI_B116,45.36721532,9.10452019,29.9513454575,8784,1.2328326460,0.6442311783,0.8156273708,0.8496428590,29.9513454575
MI_B117,45.36720967,9.11052195,31.7014251409,8784,1.4428373317,0.7262903284,1.0154827881,1.0331640340,31.7014251409
MI_B118,45.36720373,9.11652371,34.8755948656,8784,1.4226433338,0.8088082598,0.9301286248,0.9626978595,34.8755948656
MI_B119,45.36719743,9.12252546,76.9813736952,8784,3.5830267699,2.8090626187,2.1360007561,2.3110385104,76.9813736952
MI_B120,45.36719085,9.12852722,79.0469698496,8784,3.7126777454,2.9349495583,2.2051035950,2.3975581625,79.0469698496
MI_B121,45.36718390,9.13452896,79.4597184259,8784,4.1534812758,2.9600622718,2.3051771012,2.5565858600,79.4597184259
MI_B122,45.36717671,9.14053072,66.3412023861,8784,4.3848559649,3.0442130901,2.2908079941,2.7196603395,66.3412023861
MI_B123,45.36716915,9.14653246,80.8828930519,8784,6.1491793013,3.3572686291,3.5483566233,4.0678735736,80.8828930519
MI_B124,45.36716134,9.15253421,149.5350663366,8784,9.1283548610,4.3518645112,5.5990562346,6.1523194888,149.5350663366
MI_B125,45.36715315,9.15853595,110.4821380022,8784,5.9586365820,2.6799814573,3.4990187672,3.9070088650,110.4821380022
MI_B126,45.36714464,9.16453769,96.9967800192,8784,4.4523474392,1.9461427761,2.5522964621,2.6990487434,96.9967800192
MI_B127,45.36713583,9.17053942,92.7386564836,8784,3.7451005926,1.7297890497,2.1826284251,2.3479873910,92.7386564836
MI_B128,45.36712671,9.17654116,83.8218860969,8784,3.6583344248,1.6797690676,2.4517794741,3.0077023366,83.8218860969
MI_B129,45.36711729,9.18254289,75.7586493156,8784,4.3172540565,2.0481644895,3.2132160952,4.2112739934,75.7586493156
MI_B130,45.36710755,9.18854462,66.4474693608,8784,4.6742119447,4.1799183590,3.5510080910,4.4441925255,66.4474693608
MI_B131,45.36709744,9.19454633,42.8040760180,8784,3.9134234585,2.5736682357,3.1966057229,3.4692964892,42.8040760180
MI_B132,45.36708707,9.20054806,48.7413885277,8784,4.7381723137,2.6510818002,3.6979960030,4.0872439691,48.7413885277
MI_B133,45.36707638,9.20654978,69.6460260615,8784,5.7398814044,3.0448766388,4.4507943141,4.9486323335,69.6460260615
MI_B134,45.36706537,9.21255149,61.3475586334,8784,4.9031218854,2.4740914007,3.8396017253,4.2509636172,61.3475586334
MI_B135,45.36705406,9.21855321,62.7594467443,8784,5.3748737613,2.5732260120,4.0124972835,4.4705897947,62.7594467443
MI_B136,45.36704241,9.22455491,48.9152863549,8784,3.4596990821,1.7352332788,2.5143261244,2.8669978332,48.9152863549
MI_B137,45.36703046,9.23055662,44.3101137096,8784,2.3849248075,1.2622025517,1.5459924933,1.7852519638,44.3101137096
MI_B138,45.36701820,9.23655832,45.9234299912,8784,2.4912476359,1.2176698887,1.6323383818,1.9058937049,45.9234299912
MI_B139,45.36700559,9.24256001,45.0417790650,8784,2.4889508785,1.0816801335,1.6557176357,1.9681938344,45.0417790650
MI_B140,45.36699268,9.24856170,54.2783560903,8784,2.6992145959,1.2131213852,1.7750553514,2.0182154779,54.2783560903
MI_B141,45.36697948,9.25456339,14.8895732436,8784,1.0183050664,0.4209854047,0.6858399816,0.8341617447,14.8895732436
MI_B142,45.36696595,9.26056508,32.6010846454,8784,1.1385035308,0.3939323070,1.0517966522,1.2434646439,32.6010846454
MI_B143,45.36695210,9.26656676,18.0305189256,8784,0.7644968645,0.2751011220,0.7099042431,0.7753065107,18.0305189256
MI_B144,45.36693794,9.27256843,13.4732217793,8784,0.6802621299,0.2561403557,0.6037865235,0.6376386531,13.4732217793
MI_B145,45.36692347,9.27857010,13.4732217793,8784,0.6802621299,0.2561403557,0.6037865235,0.6376386531,13.4732217793
MI_B146,45.36690867,9.28457177,12.7892664913,8784,0.6608952843,0.2514426835,0.5648408792,0.6011075024,12.7892664913
MI_B147,45.36689355,9.29057343,15.5798525462,8784,1.0493529783,0.3913331345,0.7957778325,0.9727438123,15.5798525462
MI_B148,45.36687813,9.29657509,23.6575173072,8784,1.7044391714,0.6274144895,1.2429287495,1.6351908001,23.6575173072
MI_B149,45.36686238,9.30257674,28.0220672635,8652,1.7540723962,0.6254299403,1.2266808882,1.6715061912,28.0220672635
MI_B150,45.36684629,9.30857838,27.1618625296,8663,1.7038958345,0.6140730097,1.1710694510,1.6104665425,27.1618625296
MI_B151,45.37149284,9.01449472,16.6233142547,8784,0.9449517268,0.5393629306,0.6058710744,0.6330449637,16.6233142547
MI_B152,45.37149196,9.02049695,16.5829633852,8784,0.9367731423,0.5327781452,0.5990981715,0.6267595367,16.5829633852
MI_B153,45.37149067,9.02649916,16.5829633852,8784,0.9367731423,0.5327781452,0.5990981715,0.6267595367,16.5829633852
MI_B154,45.37148917,9.03250140,16.4083594704,8784,1.0005264525,0.5209956640,0.5899265272,0.6332454882,16.4083594704
MI_B155,45.37148726,9.03850361,15.9611614611,8784,1.0595485375,0.4645700970,0.5369543372,0.6082364106,15.9611614611
MI_B156,45.37148515,9.04450584,27.2149681332,8784,1.8611674469,0.9832246244,1.1621797648,1.2953049606,27.2149681332
MI_B157,45.37148260,9.05050805,19.0355868324,8784,1.1344883437,0.5462824426,0.6481867037,0.7322634549,19.0355868324
MI_B158,45.37147983,9.05651028,15.7232190027,8784,0.6966761922,0.3718623455,0.4135176829,0.4782475384,15.7232190027
MI_B159,45.37147667,9.06251249,18.2727509966,8784,0.8966033046,0.4888098567,0.5544841593,0.6715086388,18.2727509966
MI_B160,45.37147324,9.06851471,23.4947374268,8784,1.1685839778,0.7329134919,0.7483757103,0.8569853396,23.4947374268
MI_B161,45.37146944,9.07451692,29.9949726109,8784,1.2588118181,0.6961652588,0.8339449034,0.9039484802,29.9949726109
MI_B162,45.37146540,9.08051914,30.4775829705,8784,1.2384182359,0.6507769134,0.8230313613,0.8883549058,30.4775829705
MI_B163,45.37146100,9.08652135,30.4782210399,8784,1.2393584531,0.6508244872,0.8233084512,0.8861623634,30.4782210399
MI_B164,45.37145630,9.09252356,30.4821729648,8784,1.2451817505,0.6511191384,0.8250246258,0.8736690167,30.4821729648
MI_B165,45.37145133,9.09852578,30.4850469493,8784,1.2494166657,0.6513334195,0.8262726908,0.8644735763,30.4850469493
MI_B166,45.37144594,9.10452798,30.4808275282,8784,1.2431992033,0.6510188241,0.8244403525,0.8755412941,30.4808275282
MI_B167,45.37144030,9.11053019,31.2901689805,8784,1.3531906953,0.6938911679,0.9310821234,0.9793672988,31.2901689805
MI_B168,45.37143431,9.11653239,58.3533830257,8784,2.5198545464,1.8041260596,1.5569427966,1.6809909898,58.3533830257
MI_B169,45.37142806,9.12253460,77.7279031209,8784,3.6947789941,2.9226113240,2.1846946686,2.3849138341,77.7279031209
MI_B170,45.37142146,9.12853680,79.0443124666,8784,3.7087620000,2.9347514267,2.2039495920,2.4024043485,79.0443124666
MI_B171,45.37141454,9.13453899,79.6605376891,8784,3.8755435606,3.0202460809,2.2519053161,2.5149557005,79.6605376891
MI_B172,45.37140731,9.14054119,86.6597266480,8784,6.2386505169,3.7047718221,3.6228862036,4.2910995079,86.6597266480
MI_B173,45.37139981,9.14654339,107.9754430089,8784,7.8109681138,4.3338298551,4.2559430486,4.8327337607,107.9754430089
MI_B174,45.37139192,9.15254558,133.2031314814,8784,10.8752614200,4.9819151450,6.7173055363,7.3221601795,133.2031314814
MI_B175,45.37138373,9.15854776,182.5203766440,8784,11.6396316827,5.1456066267,7.3658586820,7.8043954102,182.5203766440
MI_B176,45.37137527,9.16454996,200.3310419561,8784,9.9212668334,4.2647415368,6.2466666443,6.7615996493,200.3310419561
MI_B177,45.37136644,9.17055214,136.3608009803,8784,6.6589136566,2.8546534055,4.5686548468,4.8436415325,136.3608009803
MI_B178,45.37135735,9.17655432,131.1795300352,8784,7.1208974545,3.1352548196,5.7372795286,6.3732971511,131.1795300352
MI_B179,45.37134789,9.18255650,100.4164292053,8784,5.7017558624,3.2596906825,4.1994358351,5.2296197331,100.4164292053
MI_B180,45.37133816,9.18855867,105.2441919698,8784,6.1031782122,8.0800104994,4.7314494976,5.5588344713,105.2441919698
MI_B181,45.37132809,9.19456085,73.6208300081,8784,5.7318563134,5.6103893058,4.5072062273,5.0287949004,73.6208300081
MI_B182,45.37131772,9.20056302,62.8595353614,8784,5.9039691280,3.1964688279,4.7145037117,5.2015597159,62.8595353614
MI_B183,45.37130696,9.20656517,150.8477231073,8784,10.4775968562,5.1763549688,7.4703483818,8.0983251450,150.8477231073
MI_B184,45.37129597,9.21256734,118.0351256627,8784,8.2039892414,3.9995276619,5.5112932985,6.0237538870,118.0351256627
MI_B185,45.37128463,9.21856949,86.7487258366,8784,4.1615450895,2.2990122134,2.9267498872,3.1821604421,86.7487258366
MI_B186,45.37127302,9.22457166,49.4645741079,8784,2.5985765401,1.5313397726,1.7945991928,2.0324267032,49.4645741079
MI_B187,45.37126106,9.23057381,37.5911923660,8784,2.1737706429,1.3259499013,1.5017050003,1.7349298262,37.5911923660
MI_B188,45.37124878,9.23657595,39.0650762007,8784,2.2404074624,1.3483159464,1.5505454399,1.7900937075,39.0650762007
MI_B189,45.37123618,9.24257809,38.4227973793,8784,2.2873207697,1.2714956348,1.6683874822,1.9271789203,38.4227973793
MI_B190,45.37122326,9.24858023,30.8152501091,8784,1.7948511627,0.9966508053,1.4056253090,1.5898276166,30.8152501091
MI_B191,45.37121009,9.25458238,43.5793671037,8784,1.4471440527,0.4969540665,1.3799526038,1.6129442911,43.5793671037
MI_B192,45.37119650,9.26058449,34.3881967393,8784,1.0778612519,0.3508566154,1.0913070374,1.2692163001,34.3881967393
MI_B193,45.37118271,9.26658663,13.4993640303,8784,0.6807453298,0.2562491213,0.6043952519,0.6384283641,13.4993640303
MI_B194,45.37116851,9.27258875,13.4608339112,8784,0.6786104141,0.2555245972,0.6025957179,0.6364965556,13.4608339112
MI_B195,45.37115402,9.27859087,13.4719888973,8784,0.6805518717,0.2560880639,0.6037703727,0.6376614299,13.4719888973
MI_B196,45.37113922,9.28459298,11.7077659170,8784,0.7018160743,0.2390987010,0.5175081824,0.5635423136,11.7077659170
MI_B197,45.37112412,9.29059509,17.7982774950,8784,2.0410140047,0.8456679143,1.3439352518,1.5090855610,17.7982774950
MI_B198,45.37110869,9.29659719,22.5592016109,8784,3.0934540240,1.2837282950,1.9864137611,2.3485298394,22.5592016109
MI_B199,45.37109293,9.30259929,26.4722130382,8652,1.8530849316,0.6430846578,1.2310003326,1.6290050903,26.4722130382
MI_B200,45.37107691,9.30860139,27.1717569178,8652,1.7186728515,0.6143978909,1.1759330023,1.6025597994,27.1717569178
MI_B201,45.37572347,9.01449581,16.6184192074,8784,0.9501351451,0.5441197698,0.6089369645,0.6364895192,16.6184192074
MI_B202,45.37572256,9.02049848,16.6391927345,8784,0.9481700835,0.5419541109,0.6085362810,0.6355183434,16.6391927345
MI_B203,45.37572134,9.02650115,16.7688382616,8784,0.9744475074,0.5631107297,0.6302973133,0.6557131372,16.7688382616
MI_B204,45.37571979,9.03250382,17.2578943033,8784,1.0623701994,0.6143957310,0.6846059295,0.7090573664,17.2578943033
MI_B205,45.37571791,9.03850649,15.8327094485,8784,0.9271777477,0.3732520817,0.4436637116,0.5147049653,15.8327094485
MI_B206,45.37571573,9.04450915,15.9970003189,8784,0.9339619148,0.3926094281,0.4629607513,0.5291229341,15.9970003189
MI_B207,45.37571322,9.05051182,15.8287141108,8784,0.9502949425,0.4684026041,0.5367155880,0.6609751316,15.8287141108
MI_B208,45.37571044,9.05651449,14.8209550736,8784,0.7818445405,0.4417238554,0.4981474042,0.5489102652,14.8209550736
MI_B209,45.37570731,9.06251715,17.6288585452,8784,0.8056320985,0.4489151985,0.5054460619,0.6006190133,17.6288585452
MI_B210,45.37570385,9.06851982,28.2137666486,8784,1.2117710119,0.6664380962,0.8048930615,0.8816216178,28.2137666486
MI_B211,45.37570012,9.07452248,30.4775829705,8784,1.2384182359,0.6507769134,0.8230313613,0.8883549058,30.4775829705
MI_B212,45.37569602,9.08052514,30.4293566051,8784,1.2484792190,0.6503722629,0.8241000046,0.8872418257,30.4293566051
MI_B213,45.37569163,9.08652780,30.4064734917,8784,1.3086698238,0.6510958532,0.8341855389,0.8686783387,30.4064734917
MI_B214,45.37568692,9.09253046,30.4642120827,8784,1.2675274151,0.6512318853,0.8284480480,0.8699961348,30.4642120827
MI_B215,45.37568187,9.09853311,30.4452112774,8784,1.2473122295,0.6599015873,0.8285965668,0.8898768285,30.4452112774
MI_B216,45.37567660,9.10453578,33.6352453073,8784,1.5555422057,0.8786959382,1.1074084414,1.1918381513,33.6352453073
MI_B217,45.37567093,9.11053843,42.9810589123,8784,1.6416985718,0.8892355274,1.1052520640,1.1749212484,42.9810589123
MI_B218,45.37566497,9.11654108,77.3029919492,8784,3.5077774620,2.7152300721,2.1066291738,2.3098006248,77.3029919492
MI_B219,45.37565863,9.12254372,79.0443124666,8784,3.7087620000,2.9347514267,2.2039495920,2.4081727317,79.0443124666
MI_B220,45.37565206,9.12854638,77.7057390403,8784,3.7139464846,2.9435901821,2.1913559388,2.4061320813,77.7057390403
MI_B221,45.37564516,9.13454903,84.8065933473,8784,4.1957218227,3.2128881283,2.3940686325,2.7647233358,84.8065933473
MI_B222,45.37563794,9.14055167,86.5765932396,8784,4.6875292605,3.2784695904,2.5066234000,2.9576077071,86.5765932396
MI_B223,45.37563033,9.14655430,120.5167305165,8784,10.4901955793,5.7285878337,7.4840356478,8.4935301226,120.5167305165
MI_B224,45.37562252,9.15255695,156.1040446539,8784,17.4179196883,8.6536777245,13.1276054810,14.6163824450,156.1040446539
MI_B225,45.37561436,9.15855959,252.6856114444,8784,25.4899606995,12.5048319823,19.0926406247,19.6266254595,252.6856114444
MI_B226,45.37560585,9.16456222,440.7876414132,8784,31.9205451010,15.3076094178,23.9522277244,24.2360275521,440.7876414132
MI_B227,45.37559706,9.17056485,294.7652614506,8784,17.4936744351,7.6614533042,13.1769908716,14.1436712962,294.7652614506
MI_B228,45.37558794,9.17656748,246.0066169222,8784,14.6077459417,6.8494292806,11.0914036496,11.7297490603,246.0066169222
MI_B229,45.37557852,9.18257011,154.3991571538,8784,9.6797388986,4.8628807331,6.8496842297,7.9960891085,154.3991571538
MI_B230,45.37556873,9.18857273,51.5584783588,8784,3.6607877754,3.6947211663,2.6871600059,3.7498501087,51.5584783588
MI_B231,45.37555868,9.19457535,64.7091436751,8784,6.3532607252,5.9020146864,4.8333448946,5.3919987391,64.7091436751
MI_B232,45.37554828,9.20057796,125.1628192030,8784,10.0087165098,5.9685281750,7.4749938115,7.7988685996,125.1628192030
MI_B233,45.37553763,9.20658059,241.1387570047,8784,15.0289535583,7.2477921417,9.8511437399,10.3370985099,241.1387570047
MI_B234,45.37552658,9.21258319,195.5325807127,8784,11.7837463065,5.5811860834,7.9712252773,8.2127788220,195.5325807127
MI_B235,45.37551528,9.21858580,159.8582316383,8784,6.1727693757,3.5283377884,4.1808302611,4.3025415809,159.8582316383
MI_B236,45.37550363,9.22458840,52.0806803805,8784,2.6523140035,1.5895542299,1.8395070065,2.0528858636,52.0806803805
MI_B237,45.37549163,9.23059099,37.5911923660,8784,2.1737706429,1.3259499013,1.5017050003,1.7349298262,37.5911923660
MI_B238,45.37547937,9.23659359,58.5287126868,8784,2.8340104706,1.6816178429,1.9765358775,2.1758001532,58.5287126868
MI_B239,45.37546679,9.24259618,29.3509479456,8784,1.7926724275,1.0471374350,1.4154166552,1.5898593736,29.3509479456
MI_B240,45.37545388,9.24859877,32.8146965571,8784,1.9527181461,0.7820628863,1.6367326050,1.8926721570,32.8146965571
MI_B241,45.37544069,9.25460136,39.0133621965,8784,1.8784831894,0.6896401011,1.6741339961,1.9323448034,39.0133621965
MI_B242,45.37542712,9.26060393,33.8888101957,8784,1.3364062299,0.4769789379,1.2538065590,1.4284768024,33.8888101957
MI_B243,45.37541324,9.26660650,13.4626289185,8784,0.6788497484,0.2556138209,0.6027682661,0.6366620460,13.4626289185
MI_B244,45.37539909,9.27260907,13.3976311129,8784,0.6701833744,0.2523830027,0.5965202376,0.6306695840,13.3976311129
MI_B245,45.37538463,9.27861164,13.2765201255,8784,0.7035629113,0.2511685449,0.5975289674,0.6350528688,13.2765201255
MI_B246,45.37536984,9.28461421,11.2244965194,8784,0.7038527341,0.2336601175,0.4920028958,0.5415989577,11.2244965194
MI_B247,45.37535469,9.29061676,17.0700824264,8784,1.9763782124,0.8437739870,1.2813896632,1.4537938048,17.0700824264
MI_B248,45.37533925,9.29661931,36.1343611590,8784,4.6743587208,1.8598939246,3.1150126402,3.2980297472,36.1343611590
MI_B249,45.37532357,9.30262187,87.1803229061,8784,8.1166151592,2.7827265481,5.5644090347,5.6786241639,87.1803229061
MI_B250,45.37530745,9.30862439,71.0962788318,8784,6.2313269630,2.1304766981,4.2598709961,4.5008619971,71.0962788318
MI_B251,45.37995412,9.01449689,16.6301880700,8784,0.9732460751,0.5493017601,0.6269071780,0.6600099348,16.6301880700
MI_B252,45.37995322,9.02050001,16.9413068578,8784,1.0167512469,0.5994525862,0.6677236837,0.6901038466,16.9413068578
MI_B253,45.37995197,9.02650313,13.6191111710,8784,0.9336290024,0.5129817648,0.6007511482,0.6351458356,13.6191111710
MI_B254,45.37995044,9.03250625,14.4741720543,8784,1.0004245701,0.5228578760,0.7407646987,0.7922430783,14.4741720543
MI_B255,45.37994856,9.03850936,19.1005842524,8784,1.0865445812,0.5340390074,0.6737330550,0.7004020441,19.1005842524
MI_B256,45.37994638,9.04451248,19.7315651413,8784,1.1404236015,0.6241118276,0.7642962531,0.7733216704,19.7315651413
MI_B257,45.37994386,9.05051559,19.4511511870,8784,1.1599915163,0.7008098537,0.8148731051,0.8134376594,19.4511511870
MI_B258,45.37994104,9.05651870,17.5411880358,8784,1.0528078936,0.6257969990,0.7010699412,0.7225637624,17.5411880358
MI_B259,45.37993792,9.06252181,15.9637129955,8784,0.8627916202,0.4722300318,0.5942581718,0.6692681202,15.9637129955
MI_B260,45.37993448,9.06852493,16.8629609395,8784,1.0262375708,0.5168579231,0.7699679084,0.8874437265,16.8629609395
MI_B261,45.37993073,9.07452804,16.8458158085,8784,0.9630971174,0.5027129217,0.6753855500,0.7787138120,16.8458158085
MI_B262,45.37992664,9.08053115,33.1009159911,8784,1.9388631657,1.0213996406,1.3516015113,1.4923901392,33.1009159911
MI_B263,45.37992225,9.08653425,12.8206110370,8784,0.9405023536,0.4521193586,0.5920663928,0.6808242616,12.8206110370
MI_B264,45.37991756,9.09253736,14.4739696682,8784,1.0680765362,0.5123522944,0.6663117425,0.7451635468,14.4739696682
MI_B265,45.37991253,9.09854047,16.2708734228,8784,0.9954669073,0.5550222139,0.6853003907,0.8048991858,16.2708734228
MI_B266,45.37990720,9.10454357,40.1339454087,8784,2.1725846272,1.1714239338,1.5025617267,1.5833637111,40.1339454087
MI_B267,45.37990154,9.11054667,55.0257272052,8784,2.3986785892,1.6384584831,1.5141780610,1.6543417138,55.0257272052
MI_B268,45.37989555,9.11654977,78.3756103262,8784,3.7028472312,2.9256923183,2.1994987080,2.4201660378,78.3756103262
MI_B269,45.37988929,9.12255287,79.0443124666,8784,3.7087620000,2.9347514267,2.2039495920,2.4186042749,79.0443124666
MI_B270,45.37988269,9.12855597,82.4231140227,8784,3.9942983424,3.0978411371,2.3154288002,2.6146285553,82.4231140227
MI_B271,45.37987580,9.13455907,86.1300899376,8784,4.2955444688,3.2442730083,2.4265384105,2.8554757687,86.1300899376
MI_B272,45.37986855,9.14056215,76.6469361816,8784,3.3806963883,2.2585358934,1.9100063226,2.6758451440,76.6469361816
MI_B273,45.37986102,9.14656525,133.8214297179,8784,11.5516170339,5.5545311771,8.6743651504,10.1029898694,133.8214297179
MI_B274,45.37985317,9.15256833,231.1177264000,8784,22.2957186814,10.7263726169,16.7980115531,18.5194874306,231.1177264000
MI_B275,45.37984494,9.15857141,225.2518529613,8784,22.3801259011,10.9499556652,17.0355870130,18.5709114892,225.2518529613
MI_B276,45.37983652,9.16457450,522.9330394207,8784,37.0224595732,17.8273311097,28.5202034437,28.0537690199,522.9330394207
MI_B277,45.37982765,9.17057757,257.6618600305,8784,19.0943788858,9.1237016758,13.8663099569,14.6747882985,257.6618600305
MI_B278,45.37981856,9.17658065,199.8457972940,8784,13.6727355922,6.8297939792,9.3415024068,10.2300937238,199.8457972940
MI_B279,45.37980910,9.18258372,180.3728636949,8784,11.1018115310,5.4453587348,7.8333362391,8.6032235599,180.3728636949
MI_B280,45.37979934,9.18858679,96.9786116181,8784,7.6166608772,5.5403664196,5.6058276249,6.2735668293,96.9786116181
MI_B281,45.37978930,9.19458987,65.6564180605,8784,6.9729484353,6.3262152223,5.3064119847,5.8272523130,65.6564180605
MI_B282,45.37977891,9.20059293,154.1727593355,8784,11.0994373083,6.4886175906,8.2569104940,8.4996221121,154.1727593355
MI_B283,45.37976822,9.20659599,170.4742725033,8784,10.4634522550,5.2176453623,7.1954205714,7.5449203855,170.4742725033
MI_B284,45.37975717,9.21259904,135.3860866186,8784,7.0300459553,3.4748609011,4.7455228592,5.1026246404,135.3860866186
MI_B285,45.37974585,9.21860210,170.2090757631,8784,7.5882014556,3.9120497235,5.4288836765,5.5896111264,170.2090757631
MI_B286,45.37973420,9.22460515,116.3286188232,8784,4.8152910768,2.6785884104,3.6840382780,3.7466165801,116.3286188232
MI_B287,45.37972224,9.23060819,44.0471558845,8784,2.0258738217,1.2146007187,1.5386103195,1.7795164620,44.0471558845
MI_B288,45.37970996,9.23661123,65.7185741143,8784,3.1322818465,1.8461325622,2.2118210691,2.3676620432,65.7185741143
MI_B289,45.37969737,9.24261427,32.0969209167,8784,1.9176433196,0.8516599787,1.5958686276,1.8290906661,32.0969209167
MI_B290,45.37968448,9.24861731,33.7872661506,8784,1.9900089566,0.7508089807,1.7089785947,1.9710436597,33.7872661506
MI_B291,45.37967122,9.25462034,34.1146138906,8784,2.0672366181,0.7661886715,1.7668543490,2.0526445992,34.1146138906
MI_B292,45.37965770,9.26062337,34.1689730633,8784,2.2355509926,0.7871678635,1.8861257756,2.2327151388,34.1689730633
MI_B293,45.37964389,9.26662640,18.3526752099,8784,1.1278089682,0.3903589536,1.0010773825,1.1480379376,18.3526752099
MI_B294,45.37962966,9.27262940,13.5451359845,8784,0.6975004558,0.2595153296,0.6166183388,0.6558039930,13.5451359845
MI_B295,45.37961518,9.27863242,12.9533882952,8784,0.7625073334,0.2678755473,0.6125254565,0.6571434495,12.9533882952
MI_B296,45.37960037,9.28463542,22.7041982072,8784,3.0467872946,1.2979395958,1.9871242596,2.2440091951,22.7041982072
MI_B297,45.37958525,9.29063843,10.0317963130,8784,0.6105654380,0.2333818117,0.3953192379,0.4590377287,10.0317963130
MI_B298,45.37956984,9.29664143,23.6547177147,8784,2.2400124687,0.8075836779,1.5374944036,1.5478013518,23.6547177147
MI_B299,45.37955407,9.30264442,95.6462844782,8784,8.9998741685,3.0926558266,6.1887197997,6.2537415700,95.6462844782
MI_B300,45.37953803,9.30864741,95.1627741255,8784,8.9353210091,3.0845035619,6.1684447679,6.2255387835,95.1627741255
MI_B301,45.38418476,9.01449798,16.6761691757,8784,0.9351261927,0.5325409488,0.6001818388,0.6267121292,16.6761691757
MI_B302,45.38418381,9.02050154,18.9946837373,8784,1.1029378062,0.6516927448,0.7629986145,0.7673157251,18.9946837373
MI_B303,45.38418256,9.02650510,16.4144888743,8784,1.0594921497,0.6133517495,0.7075324538,0.7299014265,16.4144888743
MI_B304,45.38418102,9.03250866,11.0259326711,8784,0.6438095537,0.3764267942,0.4412775238,0.4485554295,11.0259326711
MI_B305,45.38417911,9.03851222,18.6560399662,8784,1.1211750164,0.6577300173,0.7959351663,0.7977983497,18.6560399662
MI_B306,45.38417698,9.04451579,24.1515655374,8784,1.4570631710,0.7781189563,1.0207971464,1.0484147775,24.1515655374
MI_B307,45.38417450,9.05051936,20.5175188428,8784,1.1964768823,0.7066405440,0.8540191670,0.8457191029,20.5175188428
MI_B308,45.38417166,9.05652292,18.7520577845,8784,1.1636949133,0.6996093637,0.8277925605,0.8304482964,18.7520577845
MI_B309,45.38416857,9.06252648,15.3184081677,8784,1.1987212106,0.6763838315,0.9174369468,0.9461410317,15.3184081677
MI_B310,45.38416509,9.06853004,16.5708679329,8784,1.1757804927,0.5365565208,0.8119427709,0.9041464722,16.5708679329
MI_B311,45.38416131,9.07453359,14.7027615247,8784,1.0202600003,0.4837894588,0.6877128739,0.7844783990,14.7027615247
MI_B312,45.38415729,9.08053716,12.8134897916,8784,0.9145974776,0.4517194615,0.5879751373,0.6815252100,12.8134897916
MI_B313,45.38415288,9.08654071,12.8001916450,8784,0.8662229563,0.4509726973,0.5803351654,0.6828341544,12.8001916450
MI_B314,45.38414814,9.09254426,13.1525437631,8784,1.2862744436,0.6738637930,1.0376004782,1.1719047049,13.1525437631
MI_B315,45.38414314,9.09854781,17.1565848630,8784,1.3205076973,0.6597449577,1.0180653961,1.1874419092,17.1565848630
MI_B316,45.38413779,9.10455136,12.7819476411,8784,0.8485591520,0.4590687351,0.5825888592,0.6891920815,12.7819476411
MI_B317,45.38413215,9.11055492,31.1988028864,8784,2.5304900209,2.2396751780,1.4182891992,1.6534013321,31.1988028864
MI_B318,45.38412620,9.11655847,70.5867597458,8784,3.5205818862,2.8204924214,2.0808889974,2.3028355753,70.5867597458
MI_B319,45.38411991,9.12256201,79.8490264211,8784,3.7644729547,2.9601775625,2.2403636060,2.4465992543,79.8490264211
MI_B320,45.38411329,9.12856555,95.0743413906,8784,4.6321015723,3.0496343065,2.8309273355,3.3696713983,95.0743413906
MI_B321,45.38410642,9.13456910,69.7783016917,8784,2.4027663918,1.2799522041,1.4791995636,2.4775835696,69.7783016917
MI_B322,45.38409916,9.14057264,63.5584180531,8784,1.8776386825,0.8981522316,1.1664592880,2.2380246046,63.5584180531
MI_B323,45.38409157,9.14657616,214.4833554094,8784,11.3290825851,4.9120778551,7.6079959683,8.8035583291,214.4833554094
MI_B324,45.38408375,9.15257971,302.4126656776,8784,23.0303842748,10.6599374948,16.8153982955,18.5148502675,302.4126656776
MI_B325,45.38407558,9.15858324,309.8315795653,8784,26.5306730980,12.5967678671,19.8045136883,21.6294791480,309.8315795653
MI_B326,45.38406706,9.16458677,342.5239455448,8784,25.2088272249,11.8125849595,18.2173574483,19.2394763860,342.5239455448
MI_B327,45.38405827,9.17059030,189.9634360337,8784,15.0305291585,7.0626200942,11.1906120596,11.9906965554,189.9634360337
MI_B328,45.38404915,9.17659382,131.5431228694,8784,11.0208089357,5.5395844857,7.8347314361,8.5515101362,131.5431228694
MI_B329,45.38403968,9.18259734,129.9380983732,8784,9.7887478584,5.3052695978,6.8984262268,7.6194877701,129.9380983732
MI_B330,45.38402997,9.18860086,151.6294475310,8784,9.8255335065,5.0675212032,7.0155975264,7.6774043895,151.6294475310
MI_B331,45.38401988,9.19460437,38.2509329003,8784,4.7504945535,3.3694916242,3.7074420046,4.0604562507,38.2509329003
MI_B332,45.38400946,9.20060788,79.9856068197,8784,6.5484310695,3.9194595696,5.0038177243,5.4058636138,79.9856068197
MI_B333,45.38399881,9.20661140,130.2687964298,8784,6.6512288660,3.3873363851,4.5566134612,4.9179964041,130.2687964298
MI_B334,45.38398776,9.21261490,130.7016550898,8784,6.5514921844,3.2553160745,4.4156575214,4.7831453405,130.7016550898
MI_B335,45.38397640,9.21861839,134.3848488452,8784,6.6532151158,3.3079675262,4.5316022692,4.8796859168,134.3848488452
MI_B336,45.38396478,9.22462190,59.4596104192,8784,3.3169840141,1.4905928394,2.3971408409,2.8321470219,59.4596104192
MI_B337,45.38395284,9.23062539,49.7531970010,8784,2.5368452457,1.2697954686,1.8647559205,2.1918079673,49.7531970010
MI_B338,45.38394055,9.23662888,45.4127787842,8784,2.0735698738,1.0932935372,1.6016296811,1.8442860235,45.4127787842
MI_B339,45.38392795,9.24263237,36.6509668988,8784,2.0775322238,0.8242302658,1.6875098778,1.9306911538,36.6509668988
MI_B340,45.38391503,9.24863585,33.3424980155,8784,2.0841618537,0.7715082395,1.6884800920,1.9509208934,33.3424980155
MI_B341,45.38390183,9.25463933,38.2827713918,8784,2.0781110155,0.7457942590,1.8111336556,2.1038616475,38.2827713918
MI_B342,45.38388825,9.26064280,49.9635523776,8784,2.8306534264,0.9969785993,2.6463466966,2.9420390454,49.9635523776
MI_B343,45.38387444,9.26664628,91.2088146056,8784,5.5260367928,2.0415472762,5.6395682291,6.6739997744,91.2088146056
MI_B344,45.38386024,9.27264974,65.5301716813,8784,3.9548321681,1.4739126473,4.0501812283,4.7735573058,65.5301716813
MI_B345,45.38384572,9.27865319,29.1021101753,8784,3.2561687648,1.3654961196,2.3704333942,2.6939036286,29.1021101753
MI_B346,45.38383096,9.28465666,38.5346069942,8784,6.2273522782,2.7360603840,4.0458598592,4.5764689532,38.5346069942
MI_B347,45.38381585,9.29066011,23.4766983703,8784,3.2484981714,1.4048099294,2.0968715289,2.3811080535,23.4766983703
MI_B348,45.38380041,9.29666355,47.3373788649,8784,3.1664192528,1.5297675883,1.8580318166,1.9449383501,47.3373788649
MI_B349,45.38378465,9.30266699,103.1224626986,8784,9.1397697110,3.3706244270,6.1248929877,6.2088931728,103.1224626986
MI_B350,45.38376856,9.30867043,110.0818058176,8784,9.0681343984,3.2047249991,6.2588222482,6.2984937889,110.0818058176
MI_B351,45.38841534,9.01449905,19.1152427863,8784,1.0273048049,0.5808620625,0.7064954542,0.7121301206,19.1152427863
MI_B352,45.38841443,9.02050306,18.9896181445,8784,1.0365362826,0.5901652089,0.7269322213,0.7273185543,18.9896181445
MI_B353,45.38841320,9.02650708,21.9419639378,8784,1.2989339637,0.7447412927,0.8964862149,0.9009131182,21.9419639378
MI_B354,45.38841165,9.03251109,21.0453359868,8784,1.2238630020,0.7190535571,0.8482656381,0.8465199293,21.0453359868
MI_B355,45.38840979,9.03851511,20.5175188428,8784,1.1964768823,0.7066405440,0.8540191670,0.8457191029,20.5175188428
MI_B356,45.38840757,9.04451911,23.3960668784,8784,1.3404504848,0.7746496643,0.9533580079,0.9526003009,23.3960668784
MI_B357,45.38840509,9.05052312,20.7416014592,8784,1.3458145109,0.8091924947,0.9954789485,1.0123827274,20.7416014592
MI_B358,45.38840232,9.05652714,19.7872537597,8784,1.5158584231,0.9047026044,1.1499528390,1.1743260271,19.7872537597
MI_B359,45.38839916,9.06253114,21.3651020522,8784,2.1161454417,1.2726580314,1.6397729894,1.7038736638,21.3651020522
MI_B360,45.38839575,9.06853516,18.9811154013,8784,1.8737077713,0.9697053269,1.3717351663,1.4842682888,18.9811154013
MI_B361,45.38839193,9.07453915,15.6553434266,8784,1.5450814691,0.7240111979,1.2116502261,1.3316304298,15.6553434266
MI_B362,45.38838786,9.08054316,13.0904458417,8784,1.3890789088,0.6614867799,1.0395459321,1.1482867642,13.0904458417
MI_B363,45.38838347,9.08654716,13.0982509000,8784,1.3988039502,0.6687271043,1.0542727906,1.1648207737,13.0982509000
MI_B364,45.38837879,9.09255117,13.1482151197,8784,1.4231439379,0.7288917019,1.1693509746,1.3058059948,13.1482151197
MI_B365,45.38837375,9.09855517,13.0697650407,8784,1.2750933588,0.6744471200,1.0489294682,1.1862436013,13.0697650407
MI_B366,45.38836842,9.10455917,12.3917479922,8784,1.1292189974,0.8460387015,0.9358881792,1.0542857743,12.3917479922
MI_B367,45.38836277,9.11056316,18.0535476669,8784,1.5299739859,1.0931475479,1.1644726993,1.3094279919,18.0535476669
MI_B368,45.38835678,9.11656716,35.5342975139,8784,2.6091726654,1.9288039075,1.9403859718,2.1762339248,35.5342975139
MI_B369,45.38835049,9.12257115,69.1833868489,8784,2.8142048599,1.7400822545,1.9807963543,2.5358226445,69.1833868489
MI_B370,45.38834392,9.12857515,104.0522746459,8784,4.7297780133,2.1419748020,3.2023324023,4.6850386152,104.0522746459
MI_B371,45.38833699,9.13457913,85.7034479071,8784,4.3017826135,2.0688600672,2.9203713798,4.3753053119,85.7034479071
MI_B372,45.38832975,9.14058312,102.8072985024,8784,5.2363432678,2.3894446760,3.6601298131,4.8032626771,102.8072985024
MI_B373,45.38832224,9.14658711,156.0634085616,8784,8.1591963286,3.5506726580,5.8712108792,7.1379795317,156.0634085616
MI_B374,45.38831435,9.15259109,168.0491601786,8784,8.2759919600,3.7013192949,5.8237776101,7.1476581459,168.0491601786
MI_B375,45.38830613,9.15859506,158.1219201230,8784,9.9436340697,4.6095599613,6.8722464273,8.6800129350,158.1219201230
MI_B376,45.38829767,9.16459905,218.2298441166,8784,15.4712625278,6.6638794342,10.3625069655,11.6015577295,218.2298441166
MI_B377,45.38828887,9.17060302,213.5671089065,8784,15.6130986937,6.4271078450,12.5840115010,14.0247309010,213.5671089065
MI_B378,45.38827974,9.17660699,166.1801928989,8784,14.0073849542,5.0804016776,10.1437329107,11.5493828335,166.1801928989
MI_B379,45.38827030,9.18261096,104.1487752920,8784,8.4109252500,3.0523478531,6.0145010037,6.9543779556,104.1487752920
MI_B380,45.38826057,9.18861493,64.1905534350,8784,4.7170449560,1.9320271400,3.7047850377,4.2903396890,64.1905534350
MI_B381,45.38825048,9.19461889,20.4234207156,8784,1.7680527140,0.8729749082,1.3776095266,1.5554956818,20.4234207156
MI_B382,45.38824011,9.20062286,31.1175442450,8784,2.7377770294,1.3975712595,2.0423044632,2.2719369083,31.1175442450
MI_B383,45.38822937,9.20662680,110.5637842057,8784,5.7180223584,2.8489140222,3.9024492475,4.2301304131,110.5637842057
MI_B384,45.38821835,9.21263076,115.9221515020,8784,6.0652476134,2.9895991590,4.0908290268,4.4366666792,115.9221515020
MI_B385,45.38820705,9.21863471,111.4208783294,8784,5.9117579377,2.9125966422,3.9840631678,4.3346852869,111.4208783294
MI_B386,45.38819538,9.22463865,69.1415786302,8784,3.9510810542,1.8554145709,2.7980884188,3.1864988035,69.1415786302
MI_B387,45.38818343,9.23064260,59.0737327101,8784,3.3697513036,1.5953200907,2.5423397811,2.8789096310,59.0737327101
MI_B388,45.38817114,9.23664654,57.6995507952,8784,2.7914459710,1.2779280365,1.9544097762,2.1791209641,57.6995507952
MI_B389,45.38815853,9.24265047,60.0497977620,8784,2.9811747999,1.3671558574,2.0122232138,2.2093500859,60.0497977620
MI_B390,45.38814562,9.24865440,43.4784386124,8784,2.4739531103,1.0267862274,1.8157295092,2.0403644886,43.4784386124
MI_B391,45.38813241,9.25465833,39.3525645228,8784,2.9435316015,1.0047994569,2.2383598360,2.5515411233,39.3525645228
MI_B392,45.38811885,9.26066225,128.1975126998,8784,6.3795957147,1.9722162232,4.8005198044,4.8859562358,128.1975126998
MI_B393,45.38810500,9.26666616,114.7430921205,8784,7.0452888648,2.2219500233,5.4719106331,5.8996828272,114.7430921205
MI_B394,45.38809083,9.27267008,103.4367468563,8784,7.2744888053,2.9501634245,6.6078113674,7.5585315354,103.4367468563
MI_B395,45.38807636,9.27867399,107.8094314590,8784,11.2252012219,5.5378231951,7.7623867273,8.7455038236,107.8094314590
MI_B396,45.38806152,9.28467789,118.9170789121,8784,10.6537211963,5.0833852433,6.7310604861,7.4438986714,118.9170789121
MI_B397,45.38804638,9.29068178,123.2991271351,8784,10.5704098865,5.0202787154,6.3811854633,7.0990958351,123.2991271351
MI_B398,45.38803093,9.29668568,145.1672017031,8784,9.8181562225,5.0353399692,5.5898630886,5.8160245072,145.1672017031
MI_B399,45.38801523,9.30268958,138.5498609710,8784,9.3835876085,4.7181793483,5.5044061174,5.6517940024,138.5498609710
MI_B400,45.38799913,9.30869345,124.7254724696,8784,7.3862375662,3.1272645857,4.9431757344,5.0735916473,124.7254724696
MI_B401,45.39264600,9.01450014,19.7342473441,8784,1.1109991852,0.6359439262,0.7794918336,0.7778425960,19.7342473441
MI_B402,45.39264501,9.02050459,20.2458173066,8784,1.1608235223,0.6693390066,0.8136096238,0.8119119820,20.2458173066
MI_B403,45.39264381,9.02650906,19.9389325707,8784,1.1003896181,0.6362016923,0.7762345708,0.7738724018,19.9389325707
MI_B404,45.39264226,9.03251352,20.3302312039,8784,1.1721977115,0.6892396474,0.8344487915,0.8276301450,20.3302312039
MI_B405,45.39264040,9.03851798,27.1094251794,8784,1.5764578707,0.9336179539,1.0703970109,1.0619147609,27.1094251794
MI_B406,45.39263821,9.04452243,31.2914588683,8784,1.8273340594,1.0806561058,1.2024864131,1.2239899714,31.2914588683
MI_B407,45.39263570,9.05052689,32.7126692526,8784,2.0649438792,1.2433897360,1.4176224940,1.4190789548,32.7126692526
MI_B408,45.39263289,9.05653135,52.7439546856,8784,3.8258472206,2.1932979736,2.8442802517,2.9433936829,52.7439546856
MI_B409,45.39262974,9.06253580,22.7777070549,8784,2.3178621819,1.3575907804,1.7511034658,1.8567697194,22.7777070549
MI_B410,45.39262632,9.06854026,20.9739389554,8784,2.1379858503,1.2388427461,1.6667370223,1.7449704333,20.9739389554
MI_B411,45.39262255,9.07454471,16.4561774024,8784,1.7065472539,0.8029280363,1.3474816379,1.4744936086,16.4561774024
MI_B412,45.39261849,9.08054917,13.0473997522,8784,1.5323537708,0.7381174581,1.1869731556,1.3059798278,13.0473997522
MI_B413,45.39261407,9.08655362,14.9816610064,8784,1.6280186347,0.7904374376,1.2696372387,1.3953913328,14.9816610064
MI_B414,45.39260941,9.09255808,23.5916109057,8784,2.3131278423,1.1373513602,1.7711049978,1.9044923989,23.5916109057
MI_B415,45.39260437,9.09856252,15.4867586545,8784,1.7373528144,0.8557210298,1.4096584831,1.5139392757,15.4867586545
MI_B416,45.39259900,9.10456696,12.6782369984,8784,1.1935446005,0.9800974496,0.9884170745,1.0852791566,12.6782369984
MI_B417,45.39259337,9.11057141,16.2550678140,8784,1.3860609644,1.0839809849,1.1284473055,1.2593894427,16.2550678140
MI_B418,45.39258742,9.11657586,36.9654364242,8784,1.5906532071,1.0589180963,1.3210188775,1.5071444270,36.9654364242
MI_B419,45.39258113,9.12258030,97.7955068559,8784,2.3281173126,0.8638715320,1.8738731388,2.2522139384,97.7955068559
MI_B420,45.39257447,9.12858473,77.9173344770,8784,1.9980111466,0.7846402451,1.5579714680,2.5745105613,77.9173344770
MI_B421,45.39256761,9.13458918,170.5151311372,8784,6.0297208481,3.1947022590,3.6415134150,5.8655503222,170.5151311372
MI_B422,45.39256033,9.14059360,62.8523336312,8784,3.2896191537,1.6229427057,2.3091156904,3.6008053109,62.8523336312
MI_B423,45.39255283,9.14659805,110.2470188581,8784,4.6902472276,2.1684550940,3.5828281583,4.6667748217,110.2470188581
MI_B424,45.39254489,9.15260246,215.3637798621,8784,7.3875626799,3.3415075273,6.1827438189,7.4580904776,215.3637798621
MI_B425,45.39253682,9.15860691,137.5534939956,8784,5.7195675410,3.0114321968,4.0325801803,5.7161178748,137.5534939956
MI_B426,45.39252826,9.16461132,196.3420508524,8784,13.0615971022,5.8997912901,8.3893753675,9.4783354256,196.3420508524
MI_B427,45.39251949,9.17061575,281.7020554422,8784,21.1310553467,8.4061196317,13.8511866829,15.5915309867,281.7020554422
MI_B428,45.39251032,9.17662017,337.2886099399,8784,28.2702703531,9.2584740053,18.6639837675,21.8482910511,337.2886099399
MI_B429,45.39250086,9.18262458,174.3273929334,8784,14.9828857951,4.8125079723,9.8913488191,11.5689637415,174.3273929334
MI_B430,45.39249111,9.18862900,48.9686662023,8784,3.9356728197,1.6132792748,3.0850071163,3.6021336139,48.9686662023
MI_B431,45.39248109,9.19463342,19.3876528008,8784,1.6449637751,0.6827279833,1.1831516438,1.3191547543,19.3876528008
MI_B432,45.39247062,9.20063781,19.3966997195,8784,1.6684008123,0.6832758002,1.1880621477,1.3169131992,19.3966997195
MI_B433,45.39245997,9.20664222,37.8515739230,8784,2.9611873583,1.2703747395,2.1008264293,2.2814328686,37.8515739230
MI_B434,45.39244897,9.21264663,57.9753633330,8784,4.3914058420,1.9214886162,3.1526726629,3.3804817482,57.9753633330
MI_B435,45.39243760,9.21865102,60.2293914471,8784,4.4429338763,1.9759184163,3.1605575273,3.4058606510,60.2293914471
MI_B436,45.39242596,9.22465541,62.0930833162,8784,4.5477985548,2.1531640923,3.3499531110,3.5447566563,62.0930833162
MI_B437,45.39241401,9.23065981,62.0410006360,8784,4.0638947924,1.9518805089,2.8711488794,3.0541288712,62.0410006360
MI_B438,45.39240168,9.23666418,61.6602251506,8784,3.0870241926,1.4161287334,2.0719070793,2.2657995261,61.6602251506
MI_B439,45.39238911,9.24266857,61.1911909814,8784,3.0242296708,1.3914298822,2.0332213349,2.2300961798,61.1911909814
MI_B440,45.39237620,9.24867295,58.7719737912,8784,2.9760693722,1.3447327092,2.0289725782,2.2332469669,58.7719737912
MI_B441,45.39236297,9.25467732,50.1992263070,8784,3.6019856391,1.2653455759,2.6181197383,2.9676584976,50.1992263070
MI_B442,45.39234941,9.26068169,195.1541298296,8784,10.5492626347,3.8159427526,7.8312071034,8.2758341730,195.1541298296
MI_B443,45.39233553,9.26668605,148.6263854067,8784,8.7801561077,2.8899879389,6.3995985380,6.4569724823,148.6263854067
MI_B444,45.39232138,9.27269042,148.2227637171,8784,13.2438447891,6.4707031728,9.0242365751,9.9425791004,148.2227637171
MI_B445,45.39230687,9.27869477,160.2519640569,8784,15.8352151717,8.2758811413,10.4669946651,11.7858642018,160.2519640569
MI_B446,45.39229206,9.28469912,152.3914730152,8784,13.2099505511,6.5478191368,8.4191654622,9.3357657071,152.3914730152
MI_B447,45.39227697,9.29070348,171.9955113576,8784,12.8079902163,6.1418558995,8.1146023905,8.9416560537,171.9955113576
MI_B448,45.39226151,9.29670781,210.7246906508,8784,13.2533393755,6.9862437361,8.3933792414,9.0543014282,210.7246906508
MI_B449,45.39224579,9.30271216,157.9068759221,8784,10.2863563942,5.3969937658,6.6901581707,6.9195511954,157.9068759221
MI_B450,45.39222967,9.30871648,50.1595733740,8784,3.5478029587,1.4533758900,2.2994999318,2.4982438852,50.1595733740
MI_B451,45.39687659,9.01450122,13.5135604534,8784,0.7073175196,0.3613888823,0.4856778074,0.5055752183,13.5135604534
MI_B452,45.39687564,9.02050612,18.9550610498,8784,0.8912057420,0.4967841358,0.6119384740,0.6290638994,18.9550610498
MI_B453,45.39687445,9.02651104,19.0515067978,8784,0.9208772112,0.5046344601,0.6310942391,0.6405132176,19.0515067978
MI_B454,45.39687285,9.03251594,24.3080641454,8784,1.4118142043,0.8140024830,0.9598246824,0.9665671527,24.3080641454
MI_B455,45.39687103,9.03852085,37.8830731037,8784,2.2766527207,1.3249531096,1.4924447203,1.5086730628,37.8830731037
MI_B456,45.39686881,9.04452575,47.5199823591,8784,2.9686402988,1.6977868003,1.9593889359,2.0284221929,47.5199823591
MI_B457,45.39686633,9.05053066,56.6931382395,8784,3.5895099186,2.0848459972,2.4092590865,2.4655870725,56.6931382395
MI_B458,45.39686348,9.05653556,57.4542926967,8784,3.6488725372,2.2416028149,2.5368287073,2.5397306798,57.4542926967
MI_B459,45.39686039,9.06254047,25.8601932843,8784,2.4163350550,1.5978483204,1.8614866014,1.9273589081,25.8601932843
MI_B460,45.39685693,9.06854538,21.1469685380,8784,2.1749479173,1.2862631749,1.7226567116,1.7881325073,21.1469685380
MI_B461,45.39685317,9.07455028,15.6628160647,8784,1.6345088424,0.7744661715,1.2846883506,1.3782044952,15.6628160647
MI_B462,45.39684913,9.08055519,12.7002616685,8784,1.4955477765,0.7168436178,1.1458861242,1.2477944643,12.7002616685
MI_B463,45.39684471,9.08656008,18.5190079385,8784,2.0019997475,1.0328650715,1.6193228961,1.7193730587,18.5190079385
MI_B464,45.39684001,9.09256498,16.7532806461,8784,1.9451958630,0.8975588020,1.5804496262,1.6409719728,16.7532806461
MI_B465,45.39683497,9.09856987,15.9672682717,8784,1.7852408294,0.9750654215,1.4337885064,1.4864066290,15.9672682717
MI_B466,45.39682963,9.10457477,12.6328028712,8784,1.3601941919,0.9910690383,1.0010796832,1.0901894223,12.6328028712
MI_B467,45.39682397,9.11057966,15.7227397905,8784,1.3938317579,1.0667797798,1.0618066449,1.1845309893,15.7227397905
MI_B468,45.39681799,9.11658455,61.5640130847,8784,1.9135471605,1.0039753822,1.5677186387,1.8317318021,61.5640130847
MI_B469,45.39681172,9.12258945,98.5376493499,8784,2.3335224007,0.8581190949,1.8773654571,2.2583630643,98.5376493499
MI_B470,45.39680512,9.12859433,98.2293431331,8784,2.3269689179,0.8557613849,1.8721756977,2.2732983048,98.2293431331
MI_B471,45.39679820,9.13459922,170.9826198949,8784,5.6892190692,3.0000368786,3.4165309686,5.7457463442,170.9826198949
MI_B472,45.39679094,9.14060410,154.5610699475,8784,5.7489267861,3.0288804375,3.5330849730,5.5764575543,154.5610699475
MI_B473,45.39678342,9.14660898,145.2935487142,8784,7.9748313490,4.0828111250,6.2071951628,7.3603536277,145.2935487142
MI_B474,45.39677559,9.15261387,381.9068331866,8784,19.2338846534,9.3681454578,16.2453122616,17.3675138532,381.9068331866
MI_B475,45.39676737,9.15861874,254.1125721780,8784,11.7137535028,5.7882105968,9.3423132979,10.8609559606,254.1125721780
MI_B476,45.39675886,9.16462361,172.4026562032,8784,9.8547090783,5.2553830126,6.3529697059,7.3624675067,172.4026562032
MI_B477,45.39675007,9.17062848,207.5661097847,8784,14.8423346396,7.0549680143,9.9637328766,10.5604671587,207.5661097847
MI_B478,45.39674093,9.17663335,269.5171913289,8784,20.0835527226,7.4920390275,13.6682149635,15.4575837444,269.5171913289
MI_B479,45.39673147,9.18263821,164.9061828853,8784,12.3430991797,4.6736689107,8.8162712056,10.0682275021,164.9061828853
MI_B480,45.39672175,9.18864308,30.9044540876,8784,2.7345961005,1.1410321168,2.1145426493,2.4577674484,30.9044540876
MI_B481,45.39671166,9.19464793,19.3966997195,8784,1.6684008123,0.6832758002,1.1880621477,1.3169131992,19.3966997195
MI_B482,45.39670130,9.20065280,19.3966997195,8784,1.6684008123,0.6832758002,1.1880621477,1.3169131992,19.3966997195
MI_B483,45.39669053,9.20665764,37.8277988295,8784,2.9665104497,1.2648511773,2.1104143108,2.2850611508,37.8277988295
MI_B484,45.39667954,9.21266249,58.4760468531,8784,4.4386426714,1.9313792662,3.1812272977,3.4082066639,58.4760468531
MI_B485,45.39666821,9.21866734,58.9874153518,8784,4.4715904793,1.9582933479,3.2188699350,3.4378598388,58.9874153518
MI_B486,45.39665653,9.22467217,61.7022226982,8784,4.3522827014,2.0553779849,3.2033157283,3.3204065725,61.7022226982
MI_B487,45.39664459,9.23067702,68.6782230100,8784,3.7096446149,1.8446604292,2.3086094954,2.3556948114,68.6782230100
MI_B488,45.39663228,9.23668185,63.9144836369,8784,3.4367785645,1.7599337857,2.3335268279,2.5692853442,63.9144836369
MI_B489,45.39661970,9.24268668,64.8717145666,8784,3.6779620532,1.9341015749,2.5855914881,2.8983617750,64.8717145666
MI_B490,45.39660677,9.24869150,68.8812950999,8784,4.1225494014,2.2372847913,3.0135537184,3.3867833994,68.8812950999
MI_B491,45.39659352,9.25469632,94.2413802388,8784,6.3092740708,3.0391429630,5.0850601947,5.5893370112,94.2413802388
MI_B492,45.39657997,9.26070114,176.1820477044,8784,11.7024401527,5.6727264424,10.1665250502,11.1595270634,176.1820477044
MI_B493,45.39656614,9.26670596,116.3046538195,8784,7.3231736827,3.6816020485,5.9506473778,6.4038529921,116.3046538195
MI_B494,45.39655195,9.27271077,119.9372383236,8784,9.7116882214,5.0412716951,6.4813612531,7.2486495242,119.9372383236
MI_B495,45.39653744,9.27871557,177.9819798035,8784,16.1228816830,8.4093326371,10.5331109655,11.8968825274,177.9819798035
MI_B496,45.39652265,9.28472037,142.8205414591,8784,11.8302853731,5.9661813748,7.3972942977,8.1956525113,142.8205414591
MI_B497,45.39650749,9.29072516,139.3475035031,8784,8.4980778291,4.0136641821,5.0453690856,5.4049965607,139.3475035031
MI_B498,45.39649210,9.29672996,135.6865800765,8784,8.1256266189,3.9699641051,5.0080641820,5.2974425777,135.6865800765
MI_B499,45.39647633,9.30273474,92.8831539947,8784,5.9115504895,3.0345158359,3.6476834429,3.8963935339,92.8831539947
MI_B500,45.39646023,9.30873952,13.8408851642,8784,1.9082710673,0.7513482578,1.2226318313,1.3566560253,13.8408851642
MI_B501,45.40110723,9.01450231,9.9438597845,8784,0.5345678530,0.2538986018,0.3726762751,0.4021811281,9.9438597845
MI_B502,45.40110628,9.02050766,15.2519582232,8784,0.8371066850,0.4127446598,0.5435731930,0.5695480238,15.2519582232
MI_B503,45.40110501,9.02651301,25.6087235866,8784,1.2337444887,0.6556748482,0.7976018506,0.8334343075,25.6087235866
MI_B504,45.40110351,9.03251837,47.0720370622,8784,2.6385513988,1.4735347566,1.7076295977,1.7764519527,47.0720370622
MI_B505,45.40110160,9.03852372,53.4991013727,8784,3.3909330711,1.9061339140,2.2381868726,2.3522646512,53.4991013727
MI_B506,45.40109944,9.04452908,53.5805536279,8784,3.3995769215,1.9115418810,2.2445932246,2.3588094659,53.5805536279
MI_B507,45.40109695,9.05053444,51.2635307019,8784,3.3599508875,2.1575400451,2.3039622149,2.3691097941,51.2635307019
MI_B508,45.40109410,9.05653979,53.2071958758,8784,3.5907292932,2.9450933024,2.6739991582,2.7197900268,53.2071958758
MI_B509,45.40109100,9.06254514,43.0620407731,8784,3.0210041941,2.7470118193,2.2609856021,2.2946151679,43.0620407731
MI_B510,45.40108756,9.06855050,32.4511515337,8784,2.6432010732,2.0793934915,2.0349895383,2.0987991426,32.4511515337
MI_B511,45.40108374,9.07455584,31.9455668177,8784,2.5830984072,1.5004733796,1.9421341032,2.0635278649,31.9455668177
MI_B512,45.40107968,9.08056119,16.7521289700,8784,1.9160498159,0.9642900785,1.4608363029,1.5644891016,16.7521289700
MI_B513,45.40107536,9.08656655,15.8355188650,8784,1.9158303261,0.9257108358,1.4691746589,1.5081894051,15.8355188650
MI_B514,45.40107057,9.09257188,16.7706346117,8784,1.9614120275,0.9115619057,1.5815727195,1.6397207998,16.7706346117
MI_B515,45.40106561,9.09857724,13.9709456837,8784,1.5406961723,0.9806759490,1.1827534999,1.2562512444,13.9709456837
MI_B516,45.40106019,9.10458257,14.3878733383,8784,1.4197439746,1.0008733051,1.0366843164,1.1632179752,14.3878733383
MI_B517,45.40105460,9.11058792,47.0456213546,8784,2.7109257227,1.5839788440,2.1926185573,2.4367049260,47.0456213546
MI_B518,45.40104859,9.11659325,83.1789598399,8784,2.8671804898,1.3843958687,2.3682124098,2.7137668062,83.1789598399
MI_B519,45.40104231,9.12259859,98.6833896824,8784,2.3515728053,0.8635811529,1.8906985816,2.2519308383,98.6833896824
MI_B520,45.40103574,9.12860393,92.0700901025,8784,2.3041138450,0.9121305280,1.8124384574,2.4930170372,92.0700901025
MI_B521,45.40102878,9.13460926,154.9618879405,8784,5.0726071848,2.7374468187,3.3871799156,5.2769350113,154.9618879405
MI_B522,45.40102156,9.14061459,245.5264567995,8784,9.4172250741,5.0207349532,5.7444791771,8.6908131313,245.5264567995
MI_B523,45.40101399,9.14661992,472.3371877058,8784,27.3601530016,14.5320991962,18.9699544206,25.7869992788,472.3371877058
MI_B524,45.40100612,9.15262525,303.1129367984,8784,18.6139864222,8.8499612926,14.0218574387,16.7799546709,303.1129367984
MI_B525,45.40099795,9.15863057,178.0918500640,8739,9.7430077993,4.3183436056,6.6526563870,8.5024801680,178.0918500640
MI_B526,45.40098948,9.16463590,160.1652826532,8784,6.8066031848,3.9394934886,4.2348830148,5.5849995440,160.1652826532
MI_B527,45.40098065,9.17064122,164.0197713723,8784,9.7905849345,4.5751829489,6.6225626582,7.4103215325,164.0197713723
MI_B528,45.40097152,9.17664653,141.3833631851,8784,10.3530351733,4.1479402734,7.0560140571,8.2873860912,141.3833631851
MI_B529,45.40096207,9.18265184,99.5249019467,8784,6.4339120964,3.0542767944,4.4240374574,4.8347029960,99.5249019467
MI_B530,45.40095232,9.18865715,29.9616258909,8784,2.7868791313,1.3178355276,1.9363041290,2.2059817036,29.9616258909
MI_B531,45.40094223,9.19466246,33.7892912139,8784,3.0511483647,1.2690061737,2.1210247915,2.4041089665,33.7892912139
MI_B532,45.40093184,9.20066776,37.3548254923,8784,3.0507023675,1.2201256309,2.1024001093,2.3895119360,37.3548254923
MI_B533,45.40092112,9.20667306,60.2326817283,8784,4.6520855783,1.8112642061,3.1848376098,3.6263112176,60.2326817283
MI_B534,45.40091009,9.21267836,58.9920096354,8784,4.4512387170,1.8465240796,3.0778545996,3.3856321466,58.9920096354
MI_B535,45.40089875,9.21868365,47.5321913341,8784,3.2757708406,1.4472062208,2.1980127220,2.3303689632,47.5321913341
MI_B536,45.40088712,9.22468894,74.7789409799,8784,3.7711438405,1.9254292193,2.2312994234,2.2495063237,74.7789409799
MI_B537,45.40087511,9.23069422,97.3280164880,8784,4.5500985282,2.4211270170,2.5838993874,2.5737717131,97.3280164880
MI_B538,45.40086288,9.23669952,49.0039370232,8784,2.7038316242,1.5138116766,1.7357085556,1.9363777266,49.0039370232
MI_B539,45.40085029,9.24270480,49.9093461783,8784,3.3731113649,1.8815449824,2.4581716905,2.8062105162,49.9093461783
MI_B540,45.40083732,9.24871006,62.0194323710,8784,4.3263009508,2.3861335726,3.4045381300,3.8052640741,62.0194323710
MI_B541,45.40082410,9.25471533,108.2302168620,8784,8.4251890605,4.0717436751,7.1822595935,8.0090629840,108.2302168620
MI_B542,45.40081058,9.26072060,131.2700364010,8784,9.6701086278,3.7415869908,8.2886086857,9.3224493812,131.2700364010
MI_B543,45.40079669,9.26672586,110.7037889847,8784,7.1279810428,3.3445563486,5.3147983232,5.7195495868,110.7037889847
MI_B544,45.40078252,9.27273112,157.7078018138,8784,10.3889072603,5.4118378333,6.6118897378,7.3242556752,157.7078018138
MI_B545,45.40076800,9.27873637,279.8446709952,8784,17.6019335586,9.0568901555,10.7733165065,12.3668669787,279.8446709952
MI_B546,45.40075320,9.28474162,161.0278360160,8784,10.0096298158,4.8693499755,5.7777356469,6.3333448817,161.0278360160
MI_B547,45.40073806,9.29074686,115.6687950676,8784,7.0539305524,3.2703985476,3.9574420579,4.1663409322,115.6687950676
MI_B548,45.40072261,9.29675210,102.0876347587,8784,6.3046192702,2.9063037674,3.7975693228,3.9512790719,102.0876347587
MI_B549,45.40070689,9.30275734,58.1320876778,8784,4.4094404098,1.9361285591,2.6756822096,2.8317717382,58.1320876778
MI_B550,45.40069080,9.30876256,11.6156550794,8784,1.8087399307,0.6881138748,1.1513756434,1.2938356097,11.6156550794
MI_B551,45.40533778,9.01450338,9.8492302375,8784,0.5193257620,0.2429812712,0.3597098733,0.3932833074,9.8492302375
MI_B552,45.40533688,9.02050919,21.0584121807,8784,1.1813251495,0.6248799186,0.7809868535,0.8200032662,21.0584121807
MI_B553,45.40533562,9.02651499,66.2863423165,8784,3.5013859595,1.9698378075,2.2328951762,2.3190514460,66.2863423165
MI_B554,45.40533404,9.03252079,62.2921674282,8784,3.2938903550,1.8160757481,2.0890560839,2.1802197973,62.2921674282
MI_B555,45.40533226,9.03852661,51.7606470760,8784,3.0600305296,1.6594823679,1.9683989852,2.1039644469,51.7606470760
MI_B556,45.40533002,9.04453240,52.9042363263,8784,3.3021166747,1.8467149925,2.1667343158,2.2862239329,52.9042363263
MI_B557,45.40532754,9.05053821,45.9854250401,8784,3.1627517916,2.6518024976,2.3205276509,2.3637990856,45.9854250401
MI_B558,45.40532468,9.05654400,44.6245552492,8784,3.1057970205,2.8530622421,2.3383549873,2.3680790766,44.6245552492
MI_B559,45.40532158,9.06254981,44.5749268789,8784,3.1009871802,2.8493056044,2.3336485664,2.3632774362,44.5749268789
MI_B560,45.40531814,9.06855561,49.4529044007,8784,3.3754365319,2.6361542512,2.5946475372,2.5835775198,49.4529044007
MI_B561,45.40531442,9.07456141,30.7073085742,8784,2.6222593208,1.4884988796,2.0820355648,2.1478409750,30.7073085742
MI_B562,45.40531028,9.08056720,23.4920677985,8784,2.6269589321,1.3373584580,1.9125390285,1.9934635204,23.4920677985
MI_B563,45.40530591,9.08657300,17.2511906606,8784,2.4104607420,1.2993278111,1.6126727747,1.6050740350,17.2511906606
MI_B564,45.40530119,9.09257879,15.9622097708,8784,2.3204901348,1.2384631634,1.4908224404,1.5094242777,15.9622097708
MI_B565,45.40529615,9.09858458,15.1923780328,8784,1.6889620688,1.0642473469,1.1755058737,1.2792841403,15.1923780328
MI_B566,45.40529086,9.10459039,29.9993907165,8784,2.1297486559,1.2132512336,1.6485933501,1.9552344303,29.9993907165
MI_B567,45.40528517,9.11059617,52.7778502234,8784,2.9949923621,1.6896641857,2.4426403341,2.7319837143,52.7778502234
MI_B568,45.40527921,9.11660196,92.8920663657,8784,6.3858880048,4.5939319986,4.9051044583,6.6526541303,92.8920663657
MI_B569,45.40527291,9.12260774,322.3430016555,8784,14.8121346902,9.8994275978,11.0299867302,13.0172876482,322.3430016555
MI_B570,45.40526631,9.12861353,277.7103977859,8784,11.5486108455,7.2858680106,8.5691126220,10.3140007743,277.7103977859
MI_B571,45.40525938,9.13461931,158.8503507332,8784,5.1874956961,2.8202909032,3.5433487178,5.3277218156,158.8503507332
MI_B572,45.40525213,9.14062509,192.4367102497,8784,7.2312809656,3.8759028841,4.7728329703,7.1963166374,192.4367102497
MI_B573,45.40524463,9.14663087,419.1246888620,8784,23.8616557444,11.8749341487,15.7423278192,21.7188078838,419.1246888620
MI_B574,45.40523673,9.15263664,311.5175242535,8784,24.5716067707,9.0169949635,18.1481715971,22.9149261917,311.5175242535
MI_B575,45.40522855,9.15864241,151.6024686556,8742,9.4400503285,3.8506792118,6.5571727305,9.2364461314,151.6024686556
MI_B576,45.40522006,9.16464819,98.1453624551,8784,5.2888917922,2.4285873396,3.4225638586,5.2768431876,98.1453624551
MI_B577,45.40521125,9.17065395,137.5058270802,8784,10.4093166241,4.0442021682,6.9578553895,8.4026234683,137.5058270802
MI_B578,45.40520209,9.17665971,117.9189856855,8784,9.5464272517,3.5567032845,6.1514444867,7.3258879949,117.9189856855
MI_B579,45.40519266,9.18266548,22.4587464148,8784,2.0023000136,1.1251976517,1.3022551598,1.4038726138,22.4587464148
MI_B580,45.40518289,9.18867123,19.3555186608,8784,1.5988670668,0.9719703835,1.0453645449,1.1018904144,19.3555186608
MI_B581,45.40517280,9.19467699,52.5949852672,8784,4.1812906106,1.7960100907,2.9007010998,3.2195648573,52.5949852672
MI_B582,45.40516242,9.20068274,74.1939372949,8784,5.1626895183,2.1060207324,3.5959726068,4.0209871396,74.1939372949
MI_B583,45.40515172,9.20668849,211.9541401221,8784,26.3462826026,13.0867456225,17.3027991051,13.4524920299,211.9541401221
MI_B584,45.40514067,9.21269423,34.9854083179,8784,2.1553472449,0.8473260026,1.2595813881,1.4355854115,34.9854083179
MI_B585,45.40512934,9.21869998,30.7180059137,8784,1.8067119692,0.8001674792,1.0351346085,1.0624875800,30.7180059137
MI_B586,45.40511771,9.22470572,67.5840828423,8784,3.3212447188,1.6911318151,1.8944397864,1.8938609916,67.5840828423
MI_B587,45.40510573,9.23071145,94.3372462508,8784,4.4024315686,2.3303073921,2.4925568130,2.4841138547,94.3372462508
MI_B588,45.40509341,9.23671717,41.7934761195,8784,2.0197544138,1.0637119689,1.1954975072,1.2932750350,41.7934761195
MI_B589,45.40508083,9.24272291,40.2950104258,8784,2.9218518901,1.6310742066,2.1474215050,2.4572794875,40.2950104258
MI_B590,45.40506792,9.24872863,42.3533209820,8784,3.3545229524,1.8111244593,2.5616258279,2.8828244143,42.3533209820
MI_B591,45.40505465,9.25473434,85.1005893199,8784,6.6045220654,2.6771821729,5.6465784033,6.5553157881,85.1005893199
MI_B592,45.40504109,9.26074005,172.3442144377,8784,13.3809152055,5.8816618935,10.2907442419,11.3976929176,172.3442144377
MI_B593,45.40502726,9.26674577,232.3245551648,8784,16.7154239014,8.2466911480,11.6802064407,12.5250004204,232.3245551648
MI_B594,45.40501306,9.27275147,170.8731710467,8784,12.5258956375,6.5794293231,7.8973366894,8.5878228647,170.8731710467
MI_B595,45.40499857,9.27875718,222.4645327612,8784,15.0046567808,7.8083602521,9.2998831147,10.4331666067,222.4645327612
MI_B596,45.40498377,9.28476287,210.9913851866,8784,12.7852698346,6.3675027960,7.5746734597,8.4610804456,210.9913851866
MI_B597,45.40496861,9.29076856,112.2684868776,8784,6.8827603799,3.1803009612,3.9235532735,4.1203272108,112.2684868776
MI_B598,45.40495319,9.29677425,102.1679807949,8784,6.3276578131,2.9170403485,3.8184525972,3.9711403842,102.1679807949
MI_B599,45.40493741,9.30277993,71.1288499269,8784,4.9783499819,2.2262399813,3.0145026894,3.1697829181,71.1288499269
MI_B600,45.40492135,9.30878561,13.3815531571,8784,2.4119180344,0.9208640901,1.4879125687,1.6462559412,13.3815531571
MI_B601,45.40956842,9.01450447,9.9595784898,8784,0.5349642657,0.2520082559,0.3724236537,0.4018202927,9.9595784898
MI_B602,45.40956742,9.02051071,36.9608868408,8784,1.8915395827,1.0287539391,1.2163544757,1.2532608046,36.9608868408
MI_B603,45.40956626,9.02651698,66.0953581206,8784,3.4842069680,1.9315449066,2.2171736372,2.2881092886,66.0953581206
MI_B604,45.40956468,9.03252322,62.7072114423,8784,3.5176856845,2.0084132954,2.2703186277,2.3540224993,62.7072114423
MI_B605,45.40956282,9.03852948,52.9382516224,8784,3.4709420913,2.5368667041,2.3344347917,2.4574986816,52.9382516224
MI_B606,45.40956063,9.04453573,51.2201367883,8784,3.4545252370,2.9779527790,2.3675489393,2.4849754517,51.2201367883
MI_B607,45.40955816,9.05054198,43.5216648828,8784,2.8956783313,2.6840616451,2.1363977251,2.1885657999,43.5216648828
MI_B608,45.40955535,9.05654824,44.2919607247,8784,3.0438550391,2.8069919779,2.2878879638,2.3215317331,44.2919607247
MI_B609,45.40955218,9.06255448,47.3020061867,8784,3.2751340549,2.8541817403,2.4578557823,2.4794812560,47.3020061867
MI_B610,45.40954876,9.06856073,72.0405073166,8784,4.8090572619,2.6641384505,3.6237031992,3.5377071192,72.0405073166
MI_B611,45.40954498,9.07456697,67.3858629304,8784,4.5910238101,2.4389105862,3.5387094789,3.5295317737,67.3858629304
MI_B612,45.40954090,9.08057322,59.1326659435,8784,4.8170523968,2.2425578311,3.9202869586,4.4312535080,59.1326659435
MI_B613,45.40953649,9.08657946,45.6223601725,8784,4.1221017659,1.9515824132,3.1676994288,3.5362116019,45.6223601725
MI_B614,45.40953179,9.09258571,15.1625439613,8784,2.2710694730,1.2226041044,1.3849429383,1.4313252430,15.1625439613
MI_B615,45.40952676,9.09859195,68.5856260869,8784,5.5001728575,2.6532481138,3.6395197779,3.6155851825,68.5856260869
MI_B616,45.40952146,9.10459819,96.7426099880,8784,5.9732823463,3.3984071475,3.8857787073,4.2453981100,96.7426099880
MI_B617,45.40951577,9.11060443,85.2685586945,8784,4.9772945877,2.7236064167,4.2418849934,4.3262308462,85.2685586945
MI_B618,45.40950980,9.11661066,124.7786176711,8784,7.6182878528,4.8723417799,6.0467214977,7.2608250530,124.7786176711
MI_B619,45.40950350,9.12261690,299.8168281724,8784,15.8708365080,11.1337524400,11.4957079828,14.4741923600,299.8168281724
MI_B620,45.40949690,9.12862313,259.9613285476,8784,11.8776760158,7.8562001715,8.6912113777,10.9797686123,259.9613285476
MI_B621,45.40949000,9.13462936,184.6565774584,8784,6.2257823553,3.3931252322,4.4261219863,6.1141395760,184.6565774584
MI_B622,45.40948275,9.14063559,143.2389234946,8784,4.7699002766,2.5687677847,3.3745675285,4.7959883110,143.2389234946
MI_B623,45.40947519,9.14664181,118.8054594337,8784,4.1120466876,2.1715516167,3.1069161759,4.2867440162,118.8054594337
MI_B624,45.40946732,9.15264804,104.6708707848,8784,4.9632923110,2.2282349156,3.8555338798,5.2226781691,104.6708707848
MI_B625,45.40945914,9.15865426,78.1777036657,8784,3.4190743591,1.6596292401,2.4404969732,3.5647764716,78.1777036657
MI_B626,45.40945064,9.16466048,93.8154534328,8742,4.6805051471,2.2608719840,2.9565500779,4.1809898692,93.8154534328
MI_B627,45.40944179,9.17066668,194.3091883841,8784,14.3610951425,5.9369659854,9.6837742176,11.1552975000,194.3091883841
MI_B628,45.40943266,9.17667290,124.6537431861,8784,9.7071441485,4.0680305392,6.3509783182,7.0596123404,124.6537431861
MI_B629,45.40942326,9.18267912,19.6154963908,8784,1.7038833814,1.0811617434,1.1224869452,1.1710444286,19.6154963908
MI_B630,45.40941345,9.18868531,18.9574488712,8784,1.5529450832,0.9567241770,1.0108102740,1.0627419919,18.9574488712
MI_B631,45.40940340,9.19469152,37.5583295944,8784,3.3098830907,1.8078737801,2.2221397204,2.4343713411,37.5583295944
MI_B632,45.40939300,9.20069772,88.1439092153,8784,6.1069815091,2.9078964683,4.1848328576,4.5318488561,88.1439092153
MI_B633,45.40938234,9.20670393,105.3155173196,8784,6.8569780084,3.2630744919,4.6558227650,4.9054496452,105.3155173196
MI_B634,45.40937125,9.21271011,44.2758161419,8784,2.5090643958,1.1821913573,1.4809122475,1.5710405234,44.2758161419
MI_B635,45.40935994,9.21871631,29.9894643060,8784,1.7881464495,0.8725064302,1.0053149830,1.0588244574,29.9894643060
MI_B636,45.40934826,9.22472249,39.6723232035,8784,2.7286254858,1.1871335380,1.5675558407,1.6618030432,39.6723232035
MI_B637,45.40933629,9.23072867,28.8367972718,8784,1.6350312604,0.8287432637,0.9211199542,0.9735632294,28.8367972718
MI_B638,45.40932398,9.23673485,17.7345656073,8784,1.1473513840,0.5715786358,0.6433900174,0.7090653381,17.7345656073
MI_B639,45.40931138,9.24274102,34.1396780088,8784,2.3884976141,1.2048996752,1.6458423842,1.8055839187,34.1396780088
MI_B640,45.40929845,9.24874719,69.6423006088,8784,6.3738959426,3.0669132689,4.7587120901,4.9397225023,69.6423006088
MI_B641,45.40928525,9.25475336,144.1176607506,8784,11.0573832541,4.3797234739,7.7725781481,8.8036232760,144.1176607506
MI_B642,45.40927167,9.26075952,211.9879307879,8784,16.7911570641,8.2894346085,12.0818436649,13.1627563676,211.9879307879
MI_B643,45.40925779,9.26676568,305.0080914667,8784,21.9837676670,11.3882151087,15.1207312388,16.2632499620,305.0080914667
MI_B644,45.40924364,9.27277184,219.7143856951,8784,17.5685730351,8.9342435456,11.1879288704,11.7518212492,219.7143856951
MI_B645,45.40922910,9.27877798,196.8132838945,8784,18.0170570569,9.1394407790,11.3488483290,11.6470940048,196.8132838945
MI_B646,45.40921433,9.28478413,185.3507828933,8784,14.1813611193,7.0879999074,8.7662382444,9.2710410432,185.3507828933
MI_B647,45.40919918,9.29079027,113.6723077842,8784,6.9577609956,3.2105231488,3.9833717880,4.2009895632,113.6723077842
MI_B648,45.40918372,9.29679640,104.1561476920,8784,6.4371925750,2.9696280924,3.8405317103,4.0016507907,104.1561476920
MI_B649,45.40916797,9.30280254,112.8297780883,8784,6.9639417027,3.2187357550,3.8483328686,4.0687557958,112.8297780883
MI_B650,45.40915186,9.30880865,73.5578145711,8784,4.9542209223,2.3337063436,2.7351881799,2.9416564518,73.5578145711
MI_B651,45.41379899,9.01450555,10.7864376972,8784,0.6009586591,0.2905311725,0.4149002252,0.4506462970,10.7864376972
MI_B652,45.41379814,9.02051226,55.1582750925,8784,2.9162258382,1.5990566901,1.8668925734,1.9262571125,55.1582750925
MI_B653,45.41379680,9.02651894,64.7938608432,8784,3.4853117079,1.9144797542,2.2218664928,2.2952189360,64.7938608432
MI_B654,45.41379533,9.03252566,62.6677035363,8784,3.5838627112,2.4948045297,2.3813208434,2.4763454092,62.6677035363
MI_B655,45.41379341,9.03853235,53.5444444413,8784,3.5210325573,3.0159848555,2.4141670357,2.5422886961,53.5444444413
MI_B656,45.41379124,9.04453905,48.0570685957,8784,3.4074816325,3.0085590525,2.3980664711,2.5031664295,48.0570685957
MI_B657,45.41378873,9.05054575,57.5685548919,8784,3.9336163964,2.8345887736,2.7075999287,2.9304582720,57.5685548919
MI_B658,45.41378593,9.05655245,77.2262548090,8784,5.1443542866,3.4795314364,3.7107986871,3.9456264344,77.2262548090
MI_B659,45.41378276,9.06255914,85.1727777214,8784,5.3656262475,3.2384939464,4.0368183618,4.1790956365,85.1727777214
MI_B660,45.41377932,9.06856584,72.9975485018,8784,4.8578422948,2.6182111657,3.6739144179,3.5788529264,72.9975485018
MI_B661,45.41377558,9.07457254,72.8954272815,8784,4.8494003403,2.6111848925,3.6701765197,3.5745583439,72.8954272815
MI_B662,45.41377148,9.08057923,48.3111673280,8784,3.8947486954,1.9099047032,3.3069885880,3.5540080669,48.3111673280
MI_B663,45.41376712,9.08658593,59.2153612616,8784,4.8774389475,2.2763361834,3.9387021917,4.4401467500,59.2153612616
MI_B664,45.41376240,9.09259262,64.8555304819,8784,4.7772926892,2.4343022176,3.3766777084,3.7836047476,64.8555304819
MI_B665,45.41375735,9.09859931,157.3880273075,8784,9.8603797986,5.5476541871,5.8331160780,6.0386588637,157.3880273075
MI_B666,45.41375203,9.10460600,300.0399903365,8784,17.6343970268,10.3368769550,10.9215409960,11.2239558031,300.0399903365
MI_B667,45.41374631,9.11061267,231.9320103644,8784,13.7867842005,8.0342478789,9.4289468818,9.2896994859,231.9320103644
MI_B668,45.41374040,9.11661937,168.2890978665,8784,9.2201553085,3.8900493770,7.5356847196,7.9266470426,168.2890978665
MI_B669,45.41373410,9.12262605,244.8000261873,8784,10.7806043508,5.2369473233,8.0630403604,8.3041243832,244.8000261873
MI_B670,45.41372748,9.12863273,184.2198317861,8784,8.2051171842,5.2096815180,5.7324088920,5.9180205246,184.2198317861
MI_B671,45.41372059,9.13463942,119.0657024600,8784,5.3634055256,3.6875843160,3.6485348989,3.9846588817,119.0657024600
MI_B672,45.41371332,9.14064609,105.1457616252,8784,3.6257785467,1.9703434166,2.6756216892,3.7734111397,105.1457616252
MI_B673,45.41370576,9.14665276,125.2006457051,8784,4.5190437720,2.3963297040,3.4344452068,4.6683548159,125.2006457051
MI_B674,45.41369789,9.15265943,72.1499732185,8784,2.5709371103,1.3403645428,2.1094538923,3.1259723159,72.1499732185
MI_B675,45.41368973,9.15866610,68.3497881514,8784,2.5929319483,1.3555708595,2.0490138369,3.0044751191,68.3497881514
MI_B676,45.41368117,9.16467276,123.0227495496,8742,7.0114141680,3.6048396994,4.7200818231,5.7252737506,123.0227495496
MI_B677,45.41367240,9.17067943,264.3954148774,8784,20.5506498029,9.4959955713,14.2276926866,15.2097906181,264.3954148774
MI_B678,45.41366328,9.17668609,269.1116098371,8784,19.9758331120,10.6419490501,13.5291414837,13.8668211418,269.1116098371
MI_B679,45.41365380,9.18269275,172.0559253016,8784,13.3134940635,8.8817353483,8.8924840431,8.5196770276,172.0559253016
MI_B680,45.41364406,9.18869941,47.1603446747,8784,4.5878503858,3.1709382478,3.1225988140,3.0967876295,47.1603446747
MI_B681,45.41363397,9.19470606,56.4230840413,8784,5.0187518491,3.1550726003,3.2254206888,3.3684820028,56.4230840413
MI_B682,45.41362357,9.20071270,144.1965826751,8784,9.3958898135,5.2686798919,6.3114796648,6.4439261489,144.1965826751
MI_B683,45.41361285,9.20671935,144.9666509785,8784,9.3384180327,5.1630980988,6.2823517155,6.4055731620,144.9666509785
MI_B684,45.41360185,9.21272600,138.1571031972,8784,8.7840636371,4.8148185838,5.8959284746,6.0133659745,138.1571031972
MI_B685,45.41359047,9.21873263,60.8488673523,8784,3.8276917544,2.3850886803,2.4175043375,2.5504731950,60.8488673523
MI_B686,45.41357884,9.22473927,39.8481346953,8784,2.0324260879,1.0647107477,1.2475076062,1.3475222409,39.8481346953
MI_B687,45.41356682,9.23074589,44.6114614508,8784,2.7341944270,1.4637323445,1.6679453112,1.9176009640,44.6114614508
MI_B688,45.41355455,9.23675252,56.3138836680,8784,2.7225869734,1.5038163660,1.6510217074,1.9404381948,56.3138836680
MI_B689,45.41354193,9.24275914,69.9696274394,8784,3.9962859990,2.1232953215,2.4950694145,2.8224845062,69.9696274394
MI_B690,45.41352901,9.24876576,90.3719494914,8784,8.5548333829,3.9053786575,6.0689104702,6.2557457455,90.3719494914
MI_B691,45.41351580,9.25477238,168.2099791320,8784,12.1669071933,5.2670703817,8.1726327136,8.3206651322,168.2099791320
MI_B692,45.41350222,9.26077899,228.9463536294,8784,15.5209090842,6.6603485027,10.0005594623,10.5157406793,228.9463536294
MI_B693,45.41348839,9.26678560,264.6060838106,8784,21.6473165686,10.5250173088,13.5022094956,14.6046415780,264.6060838106
MI_B694,45.41347417,9.27279220,247.4556680801,8784,20.6557351625,10.1472169764,13.0512578137,13.6161365194,247.4556680801
MI_B695,45.41345965,9.27879879,195.6110872629,8784,18.1281317327,8.9813046929,11.4614288181,11.7267396134,195.6110872629
MI_B696,45.41344486,9.28480539,142.4776494424,8784,11.0166762591,5.1407015628,6.9302347783,7.3581640230,142.4776494424
MI_B697,45.41342967,9.29081197,129.4712898680,8784,7.7683457586,3.4109738866,4.7132316384,5.1495707151,129.4712898680
MI_B698,45.41341425,9.29681856,105.8051105006,8784,6.6546740877,3.0004832215,3.8633074529,4.2475632806,105.8051105006
MI_B699,45.41339853,9.30282515,136.2466853989,8784,8.2287164690,3.9068863037,4.5328756838,4.8420968919,136.2466853989
MI_B700,45.41338241,9.30883171,135.4392213999,8784,8.0746272516,3.8791872969,4.5377569395,4.9967541008,135.4392213999
MI_B701,45.41802961,9.01450663,7.8560775400,8784,0.5370825104,0.2732118005,0.3572626069,0.3985435248,7.8560775400
MI_B702,45.41802868,9.02051378,37.0913071476,8784,2.0601818081,1.1040050029,1.3367427795,1.4237471466,37.0913071476
MI_B703,45.41802740,9.02652093,62.4279215588,8784,3.6710919566,2.3090588816,2.4804252319,2.5943019484,62.4279215588
MI_B704,45.41802587,9.03252808,53.3569987162,8784,3.4319790656,2.9475455604,2.4072443407,2.5198728628,53.3569987162
MI_B705,45.41802402,9.03853523,46.2610188808,8784,3.2891516145,2.7310224573,2.3755319992,2.4451352121,46.2610188808
MI_B706,45.41802185,9.04454238,56.4190101371,8784,4.0426993872,2.5060848578,2.7756135190,2.9868876657,56.4190101371
MI_B707,45.41801933,9.05054953,82.1811967130,8784,5.6861797837,3.2284785051,3.7930736643,4.2461721829,82.1811967130
MI_B708,45.41801650,9.05655667,115.9056564821,8784,6.9966770218,3.5736534829,5.0288513327,5.6128175435,115.9056564821
MI_B709,45.41801338,9.06256382,130.2550434763,8784,7.0433557087,3.2398675262,5.3475746310,5.9487485755,130.2550434763
MI_B710,45.41800994,9.06857097,124.4687489663,8784,7.7270546870,4.0584353270,5.8759245782,5.9274289128,124.4687489663
MI_B711,45.41800620,9.07457812,88.5512505890,8784,5.9026051396,3.2231021794,4.5076232317,4.5962722939,88.5512505890
MI_B712,45.41800209,9.08058525,70.1938158972,8784,5.7624124342,3.0420613092,4.6035048672,4.9770511875,70.1938158972
MI_B713,45.41799770,9.08659240,53.9382683074,8784,4.5657401083,2.2083168740,3.7037041185,4.1001891344,53.9382683074
MI_B714,45.41799296,9.09259953,116.9771826771,8784,7.0939706209,3.9121847414,4.4605130234,4.8477659153,116.9771826771
MI_B715,45.41798796,9.09860667,156.9027873400,8784,10.3522451527,6.3103116450,6.1305701811,6.2954663082,156.9027873400
MI_B716,45.41798261,9.10461381,205.3479193383,8784,14.6696402236,8.9027771545,9.4644076213,9.3521776332,205.3479193383
MI_B717,45.41797695,9.11062094,303.5970682793,8784,17.9834207516,10.3492509189,13.2590112642,13.3429175411,303.5970682793
MI_B718,45.41797096,9.11662807,316.3636799528,8784,19.2756594911,9.9070336853,15.4352291167,16.3181495641,316.3636799528
MI_B719,45.41796467,9.12263521,219.1755007105,8784,12.0158275812,5.2919417040,8.3432667187,9.0636914407,219.1755007105
MI_B720,45.41795810,9.12864234,80.7078208418,8784,4.2523205305,3.0698140510,2.6678154836,2.7743614255,80.7078208418
MI_B721,45.41795111,9.13464946,80.5925543189,8784,4.2082089033,3.0675968180,2.6587010434,2.7761374481,80.5925543189
MI_B722,45.41794393,9.14065659,68.5982061415,8784,2.8836271291,1.9832060846,1.9361432938,2.6993962570,68.5982061415
MI_B723,45.41793636,9.14666371,66.6128304684,8784,2.7073978590,1.3797948492,1.6821513432,2.8404749523,66.6128304684
MI_B724,45.41792849,9.15267083,60.4223742024,8784,2.5393385166,1.2852582424,1.5146008026,2.4411989788,60.4223742024
MI_B725,45.41792031,9.15867795,93.0210848831,8784,3.4343859525,1.8914789600,2.1663904864,3.2006421423,93.0210848831
MI_B726,45.41791176,9.16468506,155.2512845954,8784,12.5640144385,6.8674772605,8.6855420850,8.8505976356,155.2512845954
MI_B727,45.41790301,9.17069218,164.6834767160,8784,14.8619710388,8.1009816885,10.3442518380,10.2539371754,164.6834767160
MI_B728,45.41789385,9.17669929,187.0709587173,8784,16.5683742290,9.5144414644,10.8904228458,10.9127461647,187.0709587173
MI_B729,45.41788439,9.18270639,206.6504101787,8784,17.7934435403,10.7662224717,11.0116613166,11.1387907446,206.6504101787
MI_B730,45.41787461,9.18871349,65.8209965677,8784,7.8129781354,5.7364354106,3.0897601696,3.2221268508,65.8209965677
MI_B731,45.41786456,9.19472060,68.9889868463,8784,5.9743186631,3.4850246707,3.7911559531,3.9225111307,68.9889868463
MI_B732,45.41785412,9.20072769,101.4612676946,8784,7.7377240425,4.5922890252,5.0138281809,5.1724317268,101.4612676946
MI_B733,45.41784344,9.20673479,120.4896704736,8784,8.4769178087,4.8949968539,5.5919806705,5.7390299310,120.4896704736
MI_B734,45.41783239,9.21274187,125.9560669670,8784,8.6892701673,4.9819574377,5.7580697942,5.9017997900,125.9560669670
MI_B735,45.41782105,9.21874896,95.8252456284,8784,6.7154050156,3.9979016347,4.3699763098,4.6274009621,95.8252456284
MI_B736,45.41780941,9.22475605,81.5757207779,8784,3.6511771933,1.9675526146,2.4973322172,2.9202208737,81.5757207779
MI_B737,45.41779739,9.23076312,77.4596435213,8784,3.5390562213,1.9314304502,2.2991289666,2.6874566429,77.4596435213
MI_B738,45.41778512,9.23677020,69.2450518201,8784,3.4392986379,1.9013785436,2.0337867482,2.3593630635,69.2450518201
MI_B739,45.41777251,9.24277727,75.9153581324,8784,3.8986226275,2.1601185689,2.4043995072,2.7640295598,75.9153581324
MI_B740,45.41775959,9.24878434,105.1546154126,8784,10.0031865616,4.8848881314,6.8030927263,6.9775394003,105.1546154126
MI_B741,45.41774633,9.25479140,256.7575796525,8784,17.7404166564,8.4907361577,11.6957186860,11.2804218874,256.7575796525
MI_B742,45.41773278,9.26079846,273.6972529050,8784,19.1124915031,9.0621931421,12.3840349340,12.2929091865,273.6972529050
MI_B743,45.41771891,9.26680552,266.4324817159,8784,21.3849937634,10.3437823671,13.1878905177,14.2589666555,266.4324817159
MI_B744,45.41770470,9.27281257,241.1262040163,8784,19.0460661162,10.1577819372,11.3320807209,12.0697896529,241.1262040163
MI_B745,45.41769022,9.27881962,184.2083033290,8784,13.9470661131,7.3067920901,8.2291183933,8.6877900318,184.2083033290
MI_B746,45.41767540,9.28482666,125.9417834587,8784,7.6652714229,3.4536855568,4.7685882088,5.3021595278,125.9417834587
MI_B747,45.41766026,9.29083370,145.6324537982,8784,8.5327047110,3.7307574074,5.2705549197,5.8528250664,145.6324537982
MI_B748,45.41764483,9.29684073,161.6465179238,8784,9.4981897129,4.5840632481,5.8960086026,6.4426409231,161.6465179238
MI_B749,45.41762902,9.30284775,194.3878007578,8784,10.8635832715,5.5303917033,6.7911141504,7.3153910238,194.3878007578
MI_B750,45.41761295,9.30885477,166.8231795744,8784,9.6611946629,4.9728861750,6.0227492165,6.5017375979,166.8231795744
MI_B751,45.42226015,9.01450771,8.3189866785,8784,0.4746341548,0.2363863209,0.3232620997,0.3808656703,8.3189866785
MI_B752,45.42225930,9.02051532,8.9781053812,8784,0.5710939333,0.2856737514,0.3791079803,0.4449025049,8.9781053812
MI_B753,45.42225804,9.02652291,29.8786566460,8784,1.8979251146,1.0298376444,1.4066286393,1.4432925007,29.8786566460
MI_B754,45.42225649,9.03253051,42.4109193205,8784,2.9042191872,1.7229827400,2.1810992775,2.2192960982,42.4109193205
MI_B755,45.42225461,9.03853811,39.8483301417,8784,2.7934802544,1.6232158720,2.1134233192,2.1444566735,39.8483301417
MI_B756,45.42225236,9.04454569,39.7900940339,8784,2.8063935305,1.6180955297,2.1087948789,2.1438842223,39.7900940339
MI_B757,45.42224993,9.05055330,49.7807164439,8784,3.4224483139,1.8416255598,2.5568801307,2.6339030484,49.7807164439
MI_B758,45.42224709,9.05656089,129.1362694142,8784,7.6108818272,3.6314626395,6.1116389266,6.3618180970,129.1362694142
MI_B759,45.42224398,9.06256849,347.9063175285,8784,21.6359906000,10.0066496683,15.5932627010,16.8297387928,347.9063175285
MI_B760,45.42224052,9.06857609,260.6401733073,8784,15.1076107022,7.2645429429,10.6948278808,11.3596049650,260.6401733073
MI_B761,45.42223676,9.07458368,241.8556582753,8784,14.5893653615,7.8972021930,10.8214225454,12.0255568216,241.8556582753
MI_B762,45.42223264,9.08059126,94.8213298338,8784,10.7579992251,5.0777432639,8.3918698485,9.1050340762,94.8213298338
MI_B763,45.42222828,9.08659886,45.9561764985,8784,7.6966273352,3.7813960896,5.6541572212,6.0649622577,45.9561764985
MI_B764,45.42222360,9.09260646,105.6991466503,8784,9.2672640140,5.5388426044,5.7879925863,6.0439139606,105.6991466503
MI_B765,45.42221855,9.09861404,146.1851030472,8784,11.7573594681,7.1597648406,7.4022853802,7.6369112053,146.1851030472
MI_B766,45.42221321,9.10462162,183.1469314710,8784,15.3320236172,9.4977508702,10.3387395680,10.4489620537,183.1469314710
MI_B767,45.42220752,9.11062920,261.5626668152,8784,19.7885937549,12.0492038221,14.6539596724,14.9288191195,261.5626668152
MI_B768,45.42220154,9.11663678,365.7188715248,8784,22.4571643165,13.5337331668,15.8857939156,16.2768645335,365.7188715248
MI_B769,45.42219527,9.12264437,289.8342709196,8784,15.8194465220,8.4564067179,9.7714809861,10.1367563790,289.8342709196
MI_B770,45.42218863,9.12865194,178.2996578017,8784,10.0923607384,5.5823287197,6.1095925642,6.2797462174,178.2996578017
MI_B771,45.42218176,9.13465953,68.3295854698,8784,3.6149359011,2.4296177382,2.2629779310,2.8238487360,68.3295854698
MI_B772,45.42217450,9.14066710,32.4948983487,8784,1.1728438959,0.7689905665,0.7692609801,1.7605397255,32.4948983487
MI_B773,45.42216690,9.14667466,55.0985657710,8784,2.2545385021,1.1463166572,1.3528843611,2.2614900511,55.0985657710
MI_B774,45.42215908,9.15268224,60.4304915559,8784,2.5409801737,1.2859903866,1.5133503869,2.4024511645,60.4304915559
MI_B775,45.42215086,9.15868980,103.0844887702,8784,3.9496822613,2.1907656349,2.4980427781,3.4477561138,103.0844887702
MI_B776,45.42214238,9.16469737,151.6806589302,8784,9.6510960385,5.4024176666,6.5524469462,7.0355447720,151.6806589302
MI_B777,45.42213356,9.17070493,210.9691886706,8784,17.2511387372,9.4577237648,11.5850525483,11.6248227954,210.9691886706
MI_B778,45.42212439,9.17671248,201.5225158793,8784,21.4163886401,11.7991897575,12.7806487231,13.6245906446,201.5225158793
MI_B779,45.42211497,9.18272004,199.1953077552,8784,21.2493492795,11.8279890390,12.4113708307,13.3234407796,199.1953077552
MI_B780,45.42210518,9.18872759,66.9721165079,8784,16.6524213506,14.2036737395,3.4240795095,3.8260358775,66.9721165079
MI_B781,45.42209512,9.19473514,56.1511593315,8784,13.3002008679,11.1506019473,3.1809235992,3.4437524434,56.1511593315
MI_B782,45.42208471,9.20074268,107.2338899395,8784,8.2122835522,4.9964723373,5.4039246444,5.7552842623,107.2338899395
MI_B783,45.42207398,9.20675022,106.3021591556,8784,8.1508895601,4.9508960680,5.3525503881,5.6829368846,106.3021591556
MI_B784,45.42206297,9.21275777,109.4942033131,8784,8.3397396217,5.0829278760,5.5050198403,5.8843387316,109.4942033131
MI_B785,45.42205163,9.21876530,100.6389367467,8784,7.4674663994,4.3141345257,4.8217387757,5.4769549354,100.6389367467
MI_B786,45.42203995,9.22477283,83.7061947375,8784,3.9634602957,1.9913064949,2.5905077009,3.0817345248,83.7061947375
MI_B787,45.42202799,9.23078036,83.2975889233,8784,3.8435176452,1.9331562869,2.5224128036,3.0014525304,83.2975889233
MI_B788,45.42201567,9.23678788,81.8388881102,8784,3.8786227438,1.9005330409,2.4642474315,2.9498242212,81.8388881102
MI_B789,45.42200309,9.24279541,91.5759721456,8784,5.6896687362,2.5403381244,3.3952472245,4.0539164676,91.5759721456
MI_B790,45.42199010,9.24880291,97.7266495608,8784,8.7015789812,3.4018100172,5.9264049335,6.7113522037,97.7266495608
MI_B791,45.42197690,9.25481044,297.9553023226,8784,22.1854803629,10.0521116550,14.0682899693,14.1463337753,297.9553023226
MI_B792,45.42196333,9.26081794,349.1606310496,8784,26.2256892611,11.9285232377,16.3866813408,16.4819408605,349.1606310496
MI_B793,45.42194948,9.26682545,279.2367296572,8784,21.0065795713,10.9639070662,11.9760531834,12.4810311720,279.2367296572
MI_B794,45.42193530,9.27283295,164.3390815522,8784,13.0341271008,8.2519037029,6.5508013985,7.0480730489,164.3390815522
MI_B795,45.42192076,9.27884044,155.4817813311,8784,11.4373268215,6.7554270333,6.0270966126,6.5510987159,155.4817813311
MI_B796,45.42190592,9.28484793,145.6428104488,8784,8.5377946013,3.7310283573,5.2718121685,5.8547484004,145.6428104488
MI_B797,45.42189080,9.29085541,148.8748035350,8784,8.7014193297,3.8579491201,5.3789987438,5.9628968346,148.8748035350
MI_B798,45.42187536,9.29686290,188.6707894284,8784,10.6519026575,5.3989349578,6.6549081698,7.2127526724,188.6707894284
MI_B799,45.42185958,9.30287037,192.6746398328,8784,10.7649068972,5.4862786092,6.7307722967,7.2502175313,192.6746398328
MI_B800,45.42184345,9.30887783,167.9422569157,8784,9.1165220888,4.7091578711,5.7312536214,6.1537475342,167.9422569157
MI_B801,45.42649074,9.01450879,8.3347581616,8784,0.4775843553,0.2494102252,0.3294803634,0.3857878802,8.3347581616
MI_B802,45.42648984,9.02051684,8.4772720450,8784,0.4956312632,0.2471390162,0.3353809972,0.3924248623,8.4772720450
MI_B803,45.42648862,9.02652489,12.7786945411,8784,0.7444211612,0.3849746488,0.5239131619,0.5718785313,12.7786945411
MI_B804,45.42648708,9.03253294,37.1102710175,8784,2.5141000572,1.4476299134,1.9023023317,1.9287067605,37.1102710175
MI_B805,45.42648520,9.03854099,39.9500142397,8784,2.8038982804,1.6381452724,2.1209159777,2.2083963828,39.9500142397
MI_B806,45.42648301,9.04454903,34.8062578404,8784,2.4963066362,1.4360337487,1.8567759492,1.9722520563,34.8062578404
MI_B807,45.42648054,9.05055708,38.9746897332,8784,2.9379432173,1.6209489313,2.2465238434,2.3079648076,38.9746897332
MI_B808,45.42647771,9.05656513,89.2403844912,8784,6.2175401325,3.1559872421,4.6319192749,4.8726220293,89.2403844912
MI_B809,45.42647455,9.06257317,298.8452744226,8784,17.8145133418,8.3486243669,12.0789718122,13.1038579888,298.8452744226
MI_B810,45.42647115,9.06858122,310.1394173598,8784,19.9890187906,8.8949128950,14.1022393514,15.9460513823,310.1394173598
MI_B811,45.42646733,9.07458925,239.2464201970,8784,18.3639268623,7.3025656049,14.6730699489,16.3103139324,239.2464201970
MI_B812,45.42646327,9.08059729,127.4317035324,8784,14.0494529086,4.9932111356,11.8058489083,12.4334768448,127.4317035324
MI_B813,45.42645886,9.08660533,189.9324602116,8784,18.2444541791,7.3370161465,12.9755487723,14.6972425936,189.9324602116
MI_B814,45.42645414,9.09261336,110.3282249432,8784,11.6792088009,7.2142350866,7.6565246470,8.1148569077,110.3282249432
MI_B815,45.42644912,9.09862140,193.6592175932,8784,15.9992138430,10.2351686808,10.1864837917,10.4175707061,193.6592175932
MI_B816,45.42644377,9.10462944,296.5521563720,8784,21.3465008573,14.7623707375,14.1130201331,14.2161068510,296.5521563720
MI_B817,45.42643812,9.11063747,378.3834722025,8784,27.9090648539,17.1429860918,19.9941899710,20.5983575596,378.3834722025
MI_B818,45.42643215,9.11664550,411.0547410564,8784,28.9446966355,17.7651740490,20.1034861761,20.8063971395,411.0547410564
MI_B819,45.42642586,9.12265353,263.9421143702,8784,15.5863831291,8.8621354740,9.5295832104,10.0046523345,263.9421143702
MI_B820,45.42641926,9.12866156,168.6045938966,8784,10.6112140795,5.9808686627,6.1373820604,6.5845860279,168.6045938966
MI_B821,45.42641231,9.13466958,53.4892704350,8784,2.7799518559,1.5606429791,1.6746260428,2.5804373183,53.4892704350
MI_B822,45.42640507,9.14067760,28.6433040800,8784,0.8332407197,0.4532681886,0.5566663899,1.5617360668,28.6433040800
MI_B823,45.42639751,9.14668562,65.1023044517,8784,2.6775938337,1.5023204943,1.6143024618,3.3542837193,65.1023044517
MI_B824,45.42638964,9.15269364,112.0068013987,8784,5.0488239805,2.8531013701,2.9744074524,5.7099997378,112.0068013987
MI_B825,45.42638146,9.15870165,145.3575427315,8784,7.3765785113,3.7348733021,4.7356109591,7.3048494038,145.3575427315
MI_B826,45.42637293,9.16470966,235.2374060532,8784,14.8162010259,7.1842210597,10.0551443929,11.4744865291,235.2374060532
MI_B827,45.42636413,9.17071768,402.5997647103,8784,25.6416137548,13.8497402036,16.9086024726,18.2147251911,402.5997647103
MI_B828,45.42635500,9.17672568,258.2296742321,8784,21.6598535151,12.5179150056,12.2896879098,12.6642153965,258.2296742321
MI_B829,45.42634552,9.18273368,228.8758642556,8784,24.0383035809,17.0386388913,10.4101226536,11.4423259228,228.8758642556
MI_B830,45.42633576,9.18874169,91.9509568323,8784,22.5797953531,19.7387989595,3.7369347034,4.2220161916,91.9509568323
MI_B831,45.42632568,9.19474969,60.1479629471,8784,18.8875581750,16.7328152123,3.1806010130,3.5785166845,60.1479629471
MI_B832,45.42631527,9.20075768,162.8536809181,8784,11.8311270222,7.2636103911,7.4981219714,8.1703801149,162.8536809181
MI_B833,45.42630458,9.20676568,164.0345802772,8784,11.9745451242,7.3621075433,7.5394304263,8.1743049539,164.0345802772
MI_B834,45.42629352,9.21277366,195.4977355261,8784,14.6661245281,8.2360097586,9.2067104393,10.2118406585,195.4977355261
MI_B835,45.42628220,9.21878165,122.3698014063,8784,9.4683113675,5.2219718774,5.9401767271,6.8210278138,122.3698014063
MI_B836,45.42627049,9.22478962,87.1338776653,8784,4.3990402933,2.1554342498,2.9272390758,3.5170919849,87.1338776653
MI_B837,45.42625853,9.23079760,87.4810030592,8784,4.1979603804,2.0021675457,2.6743139326,3.2098316591,87.4810030592
MI_B838,45.42624623,9.23680557,82.7167513401,8784,4.0502170639,1.8638649174,2.4948866018,3.0273173402,82.7167513401
MI_B839,45.42623360,9.24281354,82.7067269419,8784,4.2021431162,1.8723929335,2.5300163215,3.0867311240,82.7067269419
MI_B840,45.42622069,9.24882151,224.8960280516,8784,14.0056975582,5.6215573645,9.7200382232,12.1591557764,224.8960280516
MI_B841,45.42620747,9.25482947,339.5744481692,8784,23.3811545911,10.3397992024,15.1050681252,16.6648664647,339.5744481692
MI_B842,45.42619387,9.26083742,343.9861532441,8784,25.9005044529,12.6451566368,15.5387206328,16.2444339465,343.9861532441
MI_B843,45.42617998,9.26684537,396.7441686894,8784,26.6333720689,13.9670266476,14.9172672017,15.3940066131,396.7441686894
MI_B844,45.42616580,9.27285332,167.2585682177,8784,13.3535451672,8.2912413643,6.6634984895,7.2233342634,167.2585682177
MI_B845,45.42615130,9.27886127,159.6937100017,8784,12.2073559230,7.4782332090,6.3095892150,6.8795715755,159.6937100017
MI_B846,45.42613648,9.28486921,135.3201865934,8784,8.0572154841,3.6575149195,5.3203212962,6.0713084248,135.3201865934
MI_B847,45.42612133,9.29087714,166.0190605643,8784,9.4908726568,4.5860703856,6.0276771829,6.6435904238,166.0190605643
MI_B848,45.42610586,9.29688506,194.3878007578,8784,10.8635832715,5.5303917033,6.7911141504,7.3153910238,194.3878007578
MI_B849,45.42609014,9.30289300,175.0855500480,8784,9.6405293057,4.9523838879,6.0022949581,6.4707532073,175.0855500480
MI_B850,45.42607398,9.30890090,123.2133830103,8784,6.5957467583,3.4636824834,3.9454533326,4.2864125204,123.2133830103
MI_B851,45.43072136,9.01450988,8.3426132601,8784,0.4849002830,0.2943400532,0.3467583199,0.4106114954,8.3426132601
MI_B852,45.43072041,9.02051837,9.4094956513,8784,0.5875067120,0.3359271103,0.4086456387,0.4802609811,9.4094956513
MI_B853,45.43071920,9.02652687,8.3250827596,8784,0.4746443223,0.2379292019,0.3244185893,0.3789847812,8.3250827596
MI_B854,45.43071766,9.03253537,21.6677455349,8784,1.5120116134,0.9436210436,1.1260905145,1.7128678786,21.6677455349
MI_B855,45.43071578,9.03854387,36.5088241407,8784,2.8616448069,1.8493344179,2.1711336171,3.7313395579,36.5088241407
MI_B856,45.43071361,9.04455236,35.0010702377,8784,2.6725292374,1.7198814912,2.0617076129,3.5362714677,35.0010702377
MI_B857,45.43071109,9.05056085,74.5302772110,8784,5.2352096548,2.6814168760,4.1343423266,4.8158352664,74.5302772110
MI_B858,45.43070826,9.05656934,80.8689928207,8784,5.8381480625,3.0922014165,4.1630584966,4.6318850595,80.8689928207
MI_B859,45.43070515,9.06257784,167.1950195014,8784,9.7641102696,4.9854989411,6.5572532375,7.0453204063,167.1950195014
MI_B860,45.43070170,9.06858633,115.0645194072,8784,8.3378923230,3.8472068762,6.1718645885,6.8785160317,115.0645194072
MI_B861,45.43069789,9.07459481,155.3507958079,8784,13.8154155222,4.9737928679,11.3411155307,12.3318449280,155.3507958079
MI_B862,45.43069384,9.08060331,196.5993764043,8784,18.3454371346,6.0525381035,15.4338855305,16.1771986471,196.5993764043
MI_B863,45.43068944,9.08661180,202.1671216354,8784,20.3545164168,9.5463755766,15.3180536095,16.7612937404,202.1671216354
MI_B864,45.43068473,9.09262028,234.2657354666,8784,24.6273698270,14.7812279157,16.3073616563,18.3764476503,234.2657354666
MI_B865,45.43067969,9.09862877,177.8073088241,8784,17.2874706536,11.8755191798,10.8003290281,11.2490740394,177.8073088241
MI_B866,45.43067438,9.10463726,395.4053732548,8784,27.1805478631,16.8911072617,18.4575450712,19.4058825980,395.4053732548
MI_B867,45.43066867,9.11064573,514.5154255531,8784,42.3118904671,22.1038183585,31.2754818011,32.6292826219,514.5154255531
MI_B868,45.43066272,9.11665421,555.6996725364,8784,38.3914634453,23.9616344889,26.9032504599,27.9952487538,555.6996725364
MI_B869,45.43065636,9.12266268,472.7486744862,8784,27.3065210680,15.1888604965,17.3450633040,18.2724269541,472.7486744862
MI_B870,45.43064984,9.12867117,162.1471662679,8784,10.3688561565,5.8605348516,6.0892781146,6.7065515024,162.1471662679
MI_B871,45.43064286,9.13467963,41.4071412374,8784,1.9681368207,1.0696411718,1.2248576007,2.1740931699,41.4071412374
MI_B872,45.43063565,9.14068811,63.9372431482,8784,3.2232650567,1.4471309432,2.1161338057,2.9222547634,63.9372431482
MI_B873,45.43062808,9.14669658,131.6575687026,8784,7.1982308312,3.6011318924,4.6645491628,6.6004509859,131.6575687026
MI_B874,45.43062022,9.15270505,231.7124397436,8784,15.6698995537,7.7964773650,9.7137032570,12.9075650322,231.7124397436
MI_B875,45.43061203,9.15871351,277.6666761248,8784,20.8633391903,9.4043294779,13.6307624736,15.5504714850,277.6666761248
MI_B876,45.43060351,9.16472197,352.8522171852,8784,25.5882325995,12.2545751788,18.7517015601,21.0121249061,352.8522171852
MI_B877,45.43059468,9.17073043,447.6961729456,8784,31.0488264305,14.6865896736,20.5271466815,23.5006837334,447.6961729456
MI_B878,45.43058555,9.17673888,288.7477082239,8784,17.6518975404,8.6138351057,10.2565561239,11.9281467730,288.7477082239
MI_B879,45.43057613,9.18274734,354.5617833530,8784,28.2914959479,30.2569603691,14.6664301213,17.0633252149,354.5617833530
MI_B880,45.43056632,9.18875579,269.4684013796,8784,32.8118749686,29.9804869263,11.0985991039,12.5494416419,269.4684013796
MI_B881,45.43055622,9.19476423,154.8638075583,8784,25.0688723849,19.7530789711,6.5898306635,7.3467594680,154.8638075583
MI_B882,45.43054584,9.20077268,397.4786969215,8784,26.1897538175,14.4503911544,15.1418782141,16.1265853316,397.4786969215
MI_B883,45.43053512,9.20678112,295.4056685459,8784,18.2770419723,10.1821568521,11.8976635869,13.1177019488,295.4056685459
MI_B884,45.43052408,9.21278955,228.1830993777,8784,15.3213287011,8.4004225867,9.8929069826,10.9171563088,228.1830993777
MI_B885,45.43051272,9.21879798,229.1466489203,8784,21.0859148248,9.3374461683,14.7137313706,16.8166598976,229.1466489203
MI_B886,45.43050107,9.22480642,241.4685334544,8784,19.1438766304,8.0197923992,12.8125114201,14.7679753344,241.4685334544
MI_B887,45.43048909,9.23081484,133.4800499485,8784,6.6777851350,2.8829961202,4.0954022107,4.8979745526,133.4800499485
MI_B888,45.43047678,9.23682326,85.5768551212,8784,4.1741860259,1.9300452782,2.5653806580,3.0986572879,85.5768551212
MI_B889,45.43046416,9.24283168,119.1909166022,8784,6.5628903215,3.2575354852,3.9695661423,4.5098944078,119.1909166022
MI_B890,45.43045126,9.24884010,335.1863404036,8784,19.3571336652,8.6822771411,13.1273582615,16.0396486089,335.1863404036
MI_B891,45.43043799,9.25484850,324.5723485962,8784,18.4509108688,7.9171636395,13.1933125351,16.8753899070,324.5723485962
MI_B892,45.43042442,9.26085691,235.3169715149,8784,18.2764189493,9.0584123481,11.4571748024,12.8378485649,235.3169715149
MI_B893,45.43041055,9.26686531,210.6494962627,8784,16.0045133316,7.8350429309,9.8988409227,10.4210607952,210.6494962627
MI_B894,45.43039634,9.27287371,144.7338469841,8784,11.1619201178,5.9360339211,6.6354178176,7.1985187295,144.7338469841
MI_B895,45.43038181,9.27888209,133.6390935450,8784,9.5514250040,5.5821383119,6.2511187822,7.3421298819,133.6390935450
MI_B896,45.43036699,9.28489048,94.7456214864,8784,6.2603475319,3.3772980645,5.5393714936,6.9286694895,94.7456214864
MI_B897,45.43035187,9.29089887,117.1792200025,8784,7.2527017601,3.8235268720,5.8231295944,6.9681170518,117.1792200025
MI_B898,45.43033637,9.29690724,188.7721559904,8784,11.8531863709,5.8892355623,8.1355946746,8.0989929758,188.7721559904
MI_B899,45.43032062,9.30291562,126.1795172382,8784,10.3652789728,5.1569746964,6.9364047730,6.6154219401,126.1795172382
MI_B900,45.43030455,9.30892399,86.4929653975,8784,6.6285559457,3.4634122904,4.2133244824,4.1784985005,86.4929653975
MI_B901,45.43495194,9.01451096,8.3788977410,8784,0.4909969064,0.3017871227,0.3525723838,0.4168238959,8.3788977410
MI_B902,45.43495102,9.02051991,8.4874146102,8784,0.5093978581,0.3068576678,0.3606526286,0.4263358076,8.4874146102
MI_B903,45.43494978,9.02652886,24.4707624383,8784,1.1653174845,0.6060270750,0.8573991103,0.9413811467,24.4707624383
MI_B904,45.43494826,9.03253781,41.7344797898,8784,2.2866789084,1.2935328485,1.6908223569,2.4281961665,41.7344797898
MI_B905,45.43494638,9.03854675,30.0996706467,8784,2.6399374410,1.6773269195,2.0248359976,3.7120416116,30.0996706467
MI_B906,45.43494415,9.04455568,34.9326237056,8784,2.8700500236,1.7814851171,2.1646474997,3.8747676412,34.9326237056
MI_B907,45.43494168,9.05056463,36.4070371726,8784,3.0323066810,1.8812443644,2.2579441708,3.8464689816,36.4070371726
MI_B908,45.43493885,9.05657357,76.1044128061,8784,5.8862381727,2.9510142226,4.0477153129,4.5868623515,76.1044128061
MI_B909,45.43493573,9.06258252,80.0267592734,8784,6.2827574090,3.0880103553,4.5666839059,4.9890472654,80.0267592734
MI_B910,45.43493227,9.06859146,48.9005897230,8784,5.0294033563,2.2455548432,4.0586981391,4.4549459928,48.9005897230
MI_B911,45.43492851,9.07460040,73.0373788916,8784,7.2171323108,2.9061078898,5.8793090860,6.4332106355,73.0373788916
MI_B912,45.43492442,9.08060933,180.6626520735,8784,15.3515782725,5.7071894585,11.8396805042,12.7629349052,180.6626520735
MI_B913,45.43492004,9.08661827,285.7522442586,8784,29.5823563531,13.7718993073,19.2834566809,21.6479456735,285.7522442586
MI_B914,45.43491531,9.09262721,282.7068067522,8784,29.6180498897,16.6653193297,18.9580425781,21.4761295434,282.7068067522
MI_B915,45.43491028,9.09863614,253.2032337671,8784,23.5639847775,14.0475407488,14.5719641350,15.6601669786,253.2032337671
MI_B916,45.43490496,9.10464508,251.8887721341,8784,23.6878565937,11.3374129726,17.9054763626,19.3640123478,251.8887721341
MI_B917,45.43489924,9.11065399,539.6295233503,8784,48.0179977168,21.8975133348,36.2459590239,38.5460508236,539.6295233503
MI_B918,45.43489330,9.11666293,543.3395523337,8784,35.4474032059,31.2461302811,23.4891282397,25.4542353957,543.3395523337
MI_B919,45.43488699,9.12267185,312.6978902687,8784,24.2030695001,14.5988079851,16.0409519096,17.8565025673,312.6978902687
MI_B920,45.43488037,9.12868078,149.1107501549,8784,12.1103468835,6.5159110349,7.4839232658,8.7645676932,149.1107501549
MI_B921,45.43487348,9.13468971,97.9040835836,8784,8.3564166119,4.8895500014,5.6437797748,6.7559391871,97.9040835836
MI_B922,45.43486619,9.14069862,152.9756072728,8784,10.5554075226,4.9883330375,7.4157263806,7.9721733104,152.9756072728
MI_B923,45.43485863,9.14670754,162.6821723986,8784,11.1070604456,4.9284276236,7.6973362596,8.2264937626,162.6821723986
MI_B924,45.43485079,9.15271646,491.3473120072,8784,42.2597901982,18.8247630197,29.3225533192,31.6123718652,491.3473120072
MI_B925,45.43484256,9.15872536,589.2171343456,8784,44.2333091594,21.2303198219,32.2773765660,33.8562366448,589.2171343456
MI_B926,45.43483407,9.16473428,553.4532974913,8784,38.9787623403,19.6031814648,28.5242194497,31.1196288595,553.4532974913
MI_B927,45.43482524,9.17074318,491.8292834606,8784,34.1563162893,15.7958035222,23.3456355830,26.5559844111,491.8292834606
MI_B928,45.43481614,9.17675209,819.0288118014,8784,54.4107950620,39.0108940091,32.3290232601,37.6949806675,819.0288118014
MI_B929,45.43480665,9.18276099,908.6065708297,8784,56.5924167212,58.9402333014,36.4555864851,40.4033560213,908.6065708297
MI_B930,45.43479686,9.18876988,608.9197267121,8784,49.8500419264,54.3035387708,35.8027618537,40.2943632536,608.9197267121
MI_B931,45.43478682,9.19477879,360.0647086526,8784,26.0160361254,13.9680483087,16.0692251919,17.3012671777,360.0647086526
MI_B932,45.43477640,9.20078768,561.0127122347,8784,36.7218864573,18.1047280842,25.4236215618,27.8159240217,561.0127122347
MI_B933,45.43476566,9.20679656,342.9073093051,8784,22.9900517090,12.1988498461,16.1510190123,18.7327548654,342.9073093051
MI_B934,45.43475462,9.21280545,317.1481072047,8784,25.3271596566,10.7015708134,16.6187283240,21.2161425516,317.1481072047
MI_B935,45.43474329,9.21881434,273.2416146821,8784,27.7111843011,11.6519396005,19.2561462735,22.4507970809,273.2416146821
MI_B936,45.43473160,9.22482321,462.5582686897,8784,32.4599804785,18.4189712484,20.5827300394,22.6974211545,462.5582686897
MI_B937,45.43471962,9.23083208,500.8542877937,8784,22.0736286320,9.7873344371,13.6160391896,15.2790605847,500.8542877937
MI_B938,45.43470734,9.23684096,397.3982197505,8784,20.2879492498,10.1673642840,12.3865742323,13.7041377998,397.3982197505
MI_B939,45.43469472,9.24284982,301.0649677548,8784,19.3654237034,10.3624609807,11.5282469233,12.1199290261,301.0649677548
MI_B940,45.43468175,9.24885868,304.3050524193,8784,19.7115069034,10.5369198986,11.7526300133,12.3817099902,304.3050524193
MI_B941,45.43466852,9.25486754,207.3904988638,8784,15.1470266198,6.9816587054,10.4214070767,12.4147244369,207.3904988638
MI_B942,45.43465495,9.26087640,95.1395259732,8784,8.6046451913,3.5528255340,6.7523534980,7.8686511029,95.1395259732
MI_B943,45.43464109,9.26688525,149.3481040703,8784,11.7623630699,5.4399650513,8.4138672640,11.3170944499,149.3481040703
MI_B944,45.43462688,9.27289409,116.8599125159,8784,9.5597550849,4.2714243257,6.4782847575,6.9922411639,116.8599125159
MI_B945,45.43461238,9.27890294,110.4305213285,8784,7.0806440474,3.7633275312,5.7026905291,6.9476087227,110.4305213285
MI_B946,45.43459757,9.28491178,93.2133148474,8784,6.1604650399,3.3429565375,5.4632069402,6.8350183218,93.2133148474
MI_B947,45.43458241,9.29092061,113.7083432080,8784,6.7355589264,3.3907452800,5.4798033104,6.1781756397,113.7083432080
MI_B948,45.43456694,9.29692943,166.0843838895,8784,11.4156540337,5.4675923921,8.7376429637,8.0506174605,166.0843838895
MI_B949,45.43455113,9.30293825,103.9556287931,8784,9.1924058196,4.6024584302,6.2640893466,5.8733839926,103.9556287931
MI_B950,45.43453508,9.30894707,84.0711853109,8784,5.9811176663,3.1791888165,3.8216848724,3.8343219131,84.0711853109
MI_B951,45.43918251,9.01451205,8.3788977410,8784,0.4909969064,0.3017871227,0.3525723838,0.4168238959,8.3788977410
MI_B952,45.43918163,9.02052145,16.0853022741,8784,0.8186375465,0.4500739817,0.5959119502,0.6738858598,16.0853022741
MI_B953,45.43918038,9.02653084,43.8776740639,8784,2.1610874646,1.0624178316,1.5694254617,1.7414803024,43.8776740639
MI_B954,45.43917881,9.03254023,44.4471481552,8784,2.2108541411,1.0846793810,1.5997113416,1.8055714648,44.4471481552
MI_B955,45.43917693,9.03854962,36.2420708784,8784,2.5294011651,1.5432160127,1.8967080685,3.2195363044,36.2420708784
MI_B956,45.43917479,9.04455903,25.2289861201,8784,2.3784110323,1.5571601723,1.8056193193,3.5306895238,25.2289861201
MI_B957,45.43917221,9.05056840,26.8208746702,8784,2.6207970380,1.5850495150,1.8878414998,3.6693515962,26.8208746702
MI_B958,45.43916947,9.05657781,37.4193697204,8784,5.1673357904,1.8630209829,2.6699295444,4.3261705407,37.4193697204
MI_B959,45.43916633,9.06258720,82.1897066288,8784,7.2480060583,3.0704526146,4.9556130778,5.4078929170,82.1897066288
MI_B960,45.43916284,9.06859658,49.8564626698,8784,5.2211866938,2.3419460616,4.1937897734,4.6431080762,49.8564626698
MI_B961,45.43915904,9.07460596,66.8767919133,8784,6.4259060245,2.8987835376,5.0185316940,5.6478743957,66.8767919133
MI_B962,45.43915504,9.08061536,172.9954239060,8784,11.9944086959,5.7249759550,8.2935089401,8.9794815259,172.9954239060
MI_B963,45.43915057,9.08662474,190.9546530055,8784,13.1751394505,6.4008954053,8.9083005014,9.6185877116,190.9546530055
MI_B964,45.43914589,9.09263413,341.9335807695,8784,29.5078092120,14.8848909381,17.6456951784,19.3963931170,341.9335807695
MI_B965,45.43914089,9.09864352,329.0549580710,8784,26.7835669742,13.3739067968,18.7545789276,19.7564928835,329.0549580710
MI_B966,45.43913549,9.10465289,251.3128507194,8784,22.8718700712,11.3442340802,16.6310210849,17.6511249730,251.3128507194
MI_B967,45.43912984,9.11066227,236.2739223853,8784,17.3850510834,7.4986014434,11.1943914356,12.0354195148,236.2739223853
MI_B968,45.43912384,9.11667164,204.6846243260,8784,16.7723092634,9.6389513754,10.8685740698,12.5748432728,204.6846243260
MI_B969,45.43911756,9.12268102,144.0446239717,8784,15.7085556833,9.6536781354,10.8186725629,12.9423599288,144.0446239717
MI_B970,45.43911102,9.12869041,108.1520871239,8784,12.9559746660,7.4776622539,8.5394753064,10.2841299840,108.1520871239
MI_B971,45.43910402,9.13469976,112.7085878471,8784,16.2706476479,6.9928011920,11.4445930561,14.1070126036,112.7085878471
MI_B972,45.43909675,9.14070913,240.3574915523,8784,19.7958211244,12.9667245253,13.3774624457,14.5111488031,240.3574915523
MI_B973,45.43908925,9.14671851,473.1595564125,8784,34.4103707809,18.1682139448,21.6601240104,23.8625717691,473.1595564125
MI_B974,45.43908136,9.15272787,664.9078583249,8784,52.2127132213,23.5357380416,36.3658166956,40.0104843743,664.9078583249
MI_B975,45.43907315,9.15873723,614.2934022111,8784,48.8941579899,23.1152876473,35.1674518592,37.3001086695,614.2934022111
MI_B976,45.43906465,9.16474659,634.9287373499,8784,41.5242180031,21.6181448443,27.2214093734,30.5311331507,634.9287373499
MI_B977,45.43905583,9.17075595,930.8359923865,8784,49.4183684040,23.2262879375,33.7130252290,39.9083175025,930.8359923865
MI_B978,45.43904665,9.17676529,1148.0905583657,8784,74.9088222747,55.3988792632,50.5560881864,56.0716505683,1148.0905583657
MI_B979,45.43903720,9.18277464,1059.8094812785,8784,78.7084727833,66.9377790869,51.6698147984,59.7502787423,1059.8094812785
MI_B980,45.43902745,9.18878400,772.5759015179,8784,49.6939331721,39.4683206082,35.2631187295,38.6361011537,772.5759015179
MI_B981,45.43901738,9.19479335,776.8826993485,8784,46.3531117941,23.2842724637,30.8046974621,33.0922683150,776.8826993485
MI_B982,45.43900689,9.20080267,809.5607228123,8784,51.9927362930,26.6762811687,35.7724596589,39.0489600919,809.5607228123
MI_B983,45.43899626,9.20681203,503.4976487635,8784,32.8380716128,16.1580904272,22.4915813417,26.3729978750,503.4976487635
MI_B984,45.43898519,9.21282135,597.6478093794,8784,50.4546859588,15.0640183639,24.7412710546,33.3836341638,597.6478093794
MI_B985,45.43897382,9.21883068,783.9389953197,8784,64.6369510024,25.3298752841,44.0578267061,51.3611128734,783.9389953197
MI_B986,45.43896220,9.22484002,633.8448774419,8784,44.0342184738,18.8910500521,27.8417179234,34.1432873621,633.8448774419
MI_B987,45.43895016,9.23084933,394.0562419571,8784,22.5749449615,9.7745985691,15.0870511949,18.0328734869,394.0562419571
MI_B988,45.43893788,9.23685866,365.8245518613,8784,23.2950742237,11.9704371536,14.7942023519,17.3821456245,365.8245518613
MI_B989,45.43892525,9.24286797,232.9603726348,8784,16.8620375571,8.5966031596,10.3004692386,11.6725818932,232.9603726348
MI_B990,45.43891235,9.24887729,221.9133475516,8784,16.5565732115,8.1971091263,10.0944867601,11.3264573100,221.9133475516
MI_B991,45.43889908,9.25488659,196.9614431444,8784,15.1333114614,7.6447525820,10.6739164646,12.1584150775,196.9614431444
MI_B992,45.43888549,9.26089589,149.0127821748,8784,10.9866962426,5.0504547475,7.9523462164,8.6048563367,149.0127821748
MI_B993,45.43887161,9.26690519,144.4831228792,8784,10.3783993736,4.6480938968,7.1589834544,7.4417810753,144.4831228792
MI_B994,45.43885744,9.27291449,104.4492138302,8784,8.0830448058,3.7900133070,5.5171823204,5.8645222030,104.4492138302
MI_B995,45.43884289,9.27892377,98.1514871664,8784,6.4454766393,3.6091216827,5.4497259939,6.6218193893,98.1514871664
MI_B996,45.43882807,9.28493306,79.7413003874,8784,5.3297162878,2.9992845667,4.6918548257,5.8339496097,79.7413003874
MI_B997,45.43881293,9.29094234,70.2458159996,8784,4.3734764198,2.2440070075,2.8112490759,3.1137717973,70.2458159996
MI_B998,45.43879744,9.29695162,78.7446359258,8784,4.6952589449,2.4800461501,3.2035322594,3.0437371045,78.7446359258
MI_B999,45.43878173,9.30296090,82.6045997894,8784,5.2711758630,2.7271426294,3.7202860214,3.4758685967,82.6045997894
MI_B1000,45.43876558,9.30897016,84.6270202771,8784,5.5611619582,2.9313782828,3.7386032635,3.6785669823,84.6270202771
MI_B1001,45.44341311,9.01451314,8.7930967351,8784,0.5164774122,0.3083974011,0.3672400476,0.4326057283,8.7930967351
MI_B1002,45.44341218,9.02052298,35.8622852565,8784,1.7852229891,0.8744373200,1.2777945344,1.4501583738,35.8622852565
MI_B1003,45.44341093,9.02653282,44.8787466374,8784,2.2350162039,1.0426885817,1.5806317842,1.8267825683,44.8787466374
MI_B1004,45.44340937,9.03254266,44.3010951616,8784,2.2777754305,1.0167988309,1.5695318465,1.8065138883,44.3010951616
MI_B1005,45.44340749,9.03855250,41.4103603746,8784,2.2786553910,1.1227727369,1.6189770845,2.0449637147,41.4103603746
MI_B1006,45.44340531,9.04456235,28.4787824930,8784,2.5173585238,1.5986336807,1.9270886787,3.5842689410,28.4787824930
MI_B1007,45.44340288,9.05057220,27.6711663934,8784,2.5949674162,1.5952958364,1.9303220494,3.8314669345,27.6711663934
MI_B1008,45.44339999,9.05658203,35.2760105426,8784,2.6625617957,1.5608526435,1.9220111232,3.5416292716,35.2760105426
MI_B1009,45.44339687,9.06259187,50.4756473000,8784,3.3023833877,1.5435165286,2.4282801272,2.8015535261,50.4756473000
MI_B1010,45.44339345,9.06860171,74.5791240902,8784,6.1615893188,2.7746444342,4.8658331346,5.5461511142,74.5791240902
MI_B1011,45.44338969,9.07461155,74.2093974056,8784,6.6842486187,2.8296865826,5.0565411761,5.9036018093,74.2093974056
MI_B1012,45.44338554,9.08062138,117.4214510577,8784,8.6350731244,3.8748382735,6.2888958172,6.9960539851,117.4214510577
MI_B1013,45.44338119,9.08663122,140.5638620938,8784,9.9128955657,4.5623912187,7.1533719066,7.8380005540,140.5638620938
MI_B1014,45.44337643,9.09264104,483.5889734908,8784,38.7898708182,18.3717826861,25.1801679513,26.7668747823,483.5889734908
MI_B1015,45.44337141,9.09865088,405.2092393396,8784,31.8984212148,15.1135936433,22.6370412466,23.6597051556,405.2092393396
MI_B1016,45.44336609,9.10466071,281.1699408187,8784,22.7240780436,10.5980113801,17.8191334747,18.7744868751,281.1699408187
MI_B1017,45.44336043,9.11067054,198.1535365261,8784,16.5715762095,6.9211912078,12.4021606211,13.8176883648,198.1535365261
MI_B1018,45.44335444,9.11668037,119.5273600433,8784,12.9343837875,5.3487358109,9.5236097225,12.0608300899,119.5273600433
MI_B1019,45.44334812,9.12269019,179.2430696207,8784,15.4401623540,9.9451332996,9.9913742175,11.8287202516,179.2430696207
MI_B1020,45.44334153,9.12870002,164.2234886027,8784,22.4810466832,8.7253370616,14.0205615422,18.8666613910,164.2234886027
MI_B1021,45.44333461,9.13470984,197.8613746037,8784,19.9327703368,7.7533338613,13.5246088292,16.6616577147,197.8613746037
MI_B1022,45.44332733,9.14071965,359.0171543056,8784,24.1462509956,12.4245577766,15.2860033427,14.4674892717,359.0171543056
MI_B1023,45.44331978,9.14672947,423.1893192691,8784,35.7486604023,21.5587028253,25.5743554141,25.6417705672,423.1893192691
MI_B1024,45.44331186,9.15273927,594.8968932080,8784,41.5966776590,21.0035594467,28.3396772066,29.9243235709,594.8968932080
MI_B1025,45.44330375,9.15874910,642.0601440070,8784,52.0527629939,24.5308896301,38.9094247111,42.2638824515,642.0601440070
MI_B1026,45.44329518,9.16475890,549.3640488173,8784,35.9172887233,19.2533300154,22.6540515002,24.5266426410,549.3640488173
MI_B1027,45.44328636,9.17076870,1098.8389877316,8784,55.7341615338,30.3431038842,36.8956696589,42.1026019163,1098.8389877316
MI_B1028,45.44327725,9.17677851,1309.6449939666,8784,70.4762703133,34.4203743059,45.0559484709,47.5614870416,1309.6449939666
MI_B1029,45.44326776,9.18278831,1054.2421940831,8784,65.6368450685,32.4032703811,42.4316447762,45.2566529802,1054.2421940831
MI_B1030,45.44325799,9.18879810,1233.1734060532,8784,61.9161867743,33.8414088299,37.6843706295,40.3393678540,1233.1734060532
MI_B1031,45.44324790,9.19480790,952.9701042644,8784,52.8663555966,28.4647741842,32.1862719931,34.1708621499,952.9701042644
MI_B1032,45.44323753,9.20081769,669.4441404862,8784,48.5990345957,24.1213127581,32.2894612019,37.7955898371,669.4441404862
MI_B1033,45.44322678,9.20682748,245.5855562185,8784,20.5995357943,11.6022977487,15.3505554128,24.9801603640,245.5855562185
MI_B1034,45.44321570,9.21283725,795.1823976424,8784,51.8454901247,20.8026392907,30.7361328519,37.6942687796,795.1823976424
MI_B1035,45.44320440,9.21884704,719.5967062761,8784,56.0636143980,22.1199589118,34.7917017038,43.0627094539,719.5967062761
MI_B1036,45.44319268,9.22485681,240.2200251973,8784,24.1421827156,9.6099053400,16.7109346999,24.0330054582,240.2200251973
MI_B1037,45.44318069,9.23086658,222.4336384120,8784,19.6337254070,9.0098594944,13.6051923558,18.9779497899,222.4336384120
MI_B1038,45.44316840,9.23687635,156.1956766778,8784,14.1317042947,7.0301222170,8.9800677176,11.9613272590,156.1956766778
MI_B1039,45.44315577,9.24288612,161.9410786139,8784,14.8815384524,6.9908341360,9.4007386918,11.4013862015,161.9410786139
MI_B1040,45.44314285,9.24889588,166.3431699131,8784,14.3867829420,6.6282225677,9.2947662364,11.0662894724,166.3431699131
MI_B1041,45.44312962,9.25490564,200.0317253204,8784,17.0916815081,8.8305297617,13.1071393310,15.3785485164,200.0317253204
MI_B1042,45.44311602,9.26091539,163.5404882575,8784,12.9097259445,6.1137479581,9.6334357521,10.5871635392,163.5404882575
MI_B1043,45.44310213,9.26692514,104.6816925844,8784,7.3746099627,3.4316945219,5.1604734869,5.3926720479,104.6816925844
MI_B1044,45.44308793,9.27293488,63.5565592718,8784,4.8477456819,2.3900753829,3.4236769150,3.6756796593,63.5565592718
MI_B1045,45.44307346,9.27894463,81.3485232018,8784,5.4781322950,3.2338640727,4.3879931832,5.5879660485,81.3485232018
MI_B1046,45.44305857,9.28495435,81.4034441780,8784,5.5756291975,3.2242718596,3.6134127462,4.0598430336,81.4034441780
MI_B1047,45.44304342,9.29096408,75.4040586030,8784,4.3620542102,2.3653358514,2.7141202257,2.7822768402,75.4040586030
MI_B1048,45.44302796,9.29697381,77.5028161200,8784,4.6030075103,2.4042536933,3.0017649369,2.9841851680,77.5028161200
MI_B1049,45.44301219,9.30298353,82.4654875331,8784,5.1821067207,2.6767774882,3.6847945206,3.4093998605,82.4654875331
MI_B1050,45.44299608,9.30899324,82.5289737664,8784,5.1568379356,2.6811913539,3.6095480350,3.3813954897,82.5289737664
MI_B1051,45.44764365,9.01451421,15.7812450817,8784,0.7376999084,0.4189084522,0.5426493848,0.5783026539,15.7812450817
MI_B1052,45.44764280,9.02052452,44.3204516090,8784,2.2028158203,1.0775700651,1.5908260192,1.7664094351,44.3204516090
MI_B1053,45.44764154,9.02653481,46.1606547059,8784,2.3150753846,1.0894893061,1.6446427135,1.8347930247,46.1606547059
MI_B1054,45.44763998,9.03254510,43.6579428053,8784,2.1136810037,0.9934012385,1.5177946182,1.6936046609,43.6579428053
MI_B1055,45.44763813,9.03855540,47.4733006986,8784,2.4858805894,1.1006875165,1.6248923217,1.8323400732,47.4733006986
MI_B1056,45.44763589,9.04456568,52.7288602661,8784,2.3979761256,1.3881692444,1.7214148719,2.0381956319,52.7288602661
MI_B1057,45.44763338,9.05057597,45.4131133217,8784,2.5068863697,1.4490697273,1.7929528361,2.6723062272,45.4131133217
MI_B1058,45.44763060,9.05658626,49.7569406325,8784,2.4999184558,1.2706894824,1.7208861196,2.2090093782,49.7569406325
MI_B1059,45.44762747,9.06259655,69.9248244414,8784,3.4348299978,1.7640181816,2.2742967604,2.6589525213,69.9248244414
MI_B1060,45.44762395,9.06860683,125.6287768413,8784,6.6286520111,3.3862356263,4.3238929910,4.7580920755,125.6287768413
MI_B1061,45.44762022,9.07461712,84.9611676399,8784,8.0248635905,3.2468330579,6.0579121657,7.0457984265,84.9611676399
MI_B1062,45.44761614,9.08062741,105.4905647535,8784,9.7100822356,4.4610382086,7.0665731888,7.9338529811,105.4905647535
MI_B1063,45.44761179,9.08663770,446.4567858063,8784,31.6429792596,17.3161387763,22.0808619294,22.8864525813,446.4567858063
MI_B1064,45.44760703,9.09264798,372.2618725924,8784,30.2168820854,16.3010047561,21.5845572279,22.3282032260,372.2618725924
MI_B1065,45.44760200,9.09865826,355.0196245871,8784,27.3159999087,14.2326275372,19.9863457880,20.6448747552,355.0196245871
MI_B1066,45.44759665,9.10466854,125.5693490809,8784,12.8852300682,6.1020411345,10.2927322428,11.3492149337,125.5693490809
MI_B1067,45.44759097,9.11067881,115.0651720839,8784,12.5678290056,14.2944945002,9.5742713141,11.2596357104,115.0651720839
MI_B1068,45.44758498,9.11668908,144.9360102729,8784,14.5928383170,61.4662915974,11.6397433943,14.9382001372,144.9360102729
MI_B1069,45.44757871,9.12269936,139.7797961046,8784,16.7279813229,42.4357251990,11.6998131756,15.0633909204,139.7797961046
MI_B1070,45.44757208,9.12870963,213.8363380907,8784,36.2788990576,13.8688492429,24.0108667521,31.6021064888,213.8363380907
MI_B1071,45.44756513,9.13471990,430.8654820718,8784,33.6461794855,13.8990128226,20.9460157936,24.4119754543,430.8654820718
MI_B1072,45.44755798,9.14073019,662.4075899501,8784,39.9991990095,19.2291192531,25.0754970827,23.1330282703,662.4075899501
MI_B1073,45.44755035,9.14674044,732.9184223892,8784,56.6667709444,27.9730999234,39.7864837657,31.3453121820,732.9184223892
MI_B1074,45.44754246,9.15275070,770.1932156838,8784,57.1040944576,28.7499602315,39.3231342707,39.6165454554,770.1932156838
MI_B1075,45.44753428,9.15876096,923.3690983442,8784,62.1304857365,35.7986973473,43.0393182074,45.1812336209,923.3690983442
MI_B1076,45.44752577,9.16477122,670.7638647324,8784,42.3595972809,21.1097786626,28.7592767314,29.6162897287,670.7638647324
MI_B1077,45.44751696,9.17078148,1042.9437783538,8784,57.7223330986,28.8920785473,37.2522171810,37.5683841069,1042.9437783538
MI_B1078,45.44750780,9.17679173,1720.5577166604,8784,88.1063240131,42.3244109887,55.9786107167,56.1711644262,1720.5577166604
MI_B1079,45.44749829,9.18280196,1445.7255897278,8784,86.4609368750,41.3761084372,50.9862230161,53.6883869466,1445.7255897278
MI_B1080,45.44748859,9.18881223,1342.3650759587,8784,70.0499549038,38.0057110235,38.9794371663,43.8509078758,1342.3650759587
MI_B1081,45.44747846,9.19482246,1160.2892723314,8784,72.8919113532,41.9618102653,42.3689619609,43.7010237788,1160.2892723314
MI_B1082,45.44746805,9.20083270,1267.2540518428,8784,69.5606229793,38.4079070293,43.7164205465,57.5558254222,1267.2540518428
MI_B1083,45.44745733,9.20684294,587.7787767942,8784,75.7472655649,42.8413731184,57.3005260167,82.2460997881,587.7787767942
MI_B1084,45.44744630,9.21285317,481.7431792940,8784,74.0182009351,30.7313049673,48.5656847055,55.7823109625,481.7431792940
MI_B1085,45.44743491,9.21886340,285.4831250415,8784,31.5847384098,14.4064322596,21.0499631290,27.9588494735,285.4831250415
MI_B1086,45.44742328,9.22487363,141.2978545318,8784,16.0087618846,6.7592013180,10.4888829686,18.7389138954,141.2978545318
MI_B1087,45.44741125,9.23088384,49.3415526816,7777,4.7479597513,1.3074077672,4.5992995202,11.5641178855,49.3415526816
MI_B1088,45.44739899,9.23689407,167.4776331331,8784,13.0449899661,6.4795779140,10.3984139227,14.4484688530,167.4776331331
MI_B1089,45.44738633,9.24290428,304.1549686684,8784,25.7029091322,13.2385815639,17.8189861534,20.1222819024,304.1549686684
MI_B1090,45.44737337,9.24891448,368.7460253380,8784,27.4220243747,13.9244716587,20.3557297586,23.1418308197,368.7460253380
MI_B1091,45.44736013,9.25492469,227.4388742584,8784,17.8106555859,8.7263112387,14.0345414052,16.0326120530,227.4388742584
MI_B1092,45.44734658,9.26093490,125.2062197336,8784,11.4567917566,5.3356015021,8.9652033211,10.2121090316,125.2062197336
MI_B1093,45.44733269,9.26694509,66.0776465237,8784,5.4629150427,2.5619525474,3.8779567746,4.3186062008,66.0776465237
MI_B1094,45.44731848,9.27295529,53.8948232789,8784,3.8016008962,1.7921992782,2.5791961755,2.8520016890,53.8948232789
MI_B1095,45.44730397,9.27896548,62.0426026656,8784,4.6386740107,2.2800883262,2.8898498149,3.2330163950,62.0426026656
MI_B1096,45.44728908,9.28497565,76.6529300581,8784,5.9553602856,3.1921094186,3.3921899382,3.7082378017,76.6529300581
MI_B1097,45.44727403,9.29098585,73.7407581563,8784,4.4440844710,2.4339465187,2.7588150388,2.8527957946,73.7407581563
MI_B1098,45.44725849,9.29699601,73.4898536654,8784,4.0872076082,2.2425363793,2.5585927061,2.5475055018,73.4898536654
MI_B1099,45.44724269,9.30300617,73.9314139696,8784,4.0975798936,2.2410115400,2.5869455309,2.5506911193,73.9314139696
MI_B1100,45.44722662,9.30901635,66.9507195115,8784,3.7304642752,2.0647995457,2.2943906582,2.2445082290,66.9507195115
MI_B1101,45.45187427,9.01451531,6.9573042273,8784,0.3872152081,0.2628023539,0.2624190959,0.2642113119,6.9573042273
MI_B1102,45.45187332,9.02052604,38.2504205102,8784,1.8296306238,0.9136908939,1.3374206475,1.4649732353,38.2504205102
MI_B1103,45.45187205,9.02653678,43.9838045083,8784,2.2054101314,1.0825164774,1.6040507404,1.7863449774,43.9838045083
MI_B1104,45.45187053,9.03254753,43.1237296237,8784,2.1841857711,1.0825320514,1.5870090504,1.7680229081,43.1237296237
MI_B1105,45.45186863,9.03855827,56.7843106628,8784,2.3084213516,1.2795192088,1.6295607878,1.6938348631,56.7843106628
MI_B1106,45.45186648,9.04456901,59.1339054855,8784,2.3830753066,1.3595497374,1.6858737988,1.7348510704,59.1339054855
MI_B1107,45.45186396,9.05057975,57.0356196827,8784,2.3744473409,1.3405155902,1.6954360926,1.7779312804,57.0356196827
MI_B1108,45.45186114,9.05659049,50.2824809504,8784,2.4715980366,1.2502719811,1.7083016263,2.0774829725,50.2824809504
MI_B1109,45.45185798,9.06260122,54.4954720081,8784,2.6801350003,1.3510388611,1.8224254508,2.2175259481,54.4954720081
MI_B1110,45.45185460,9.06861197,119.3689850351,8784,6.3451220111,3.2226555897,4.1181145843,4.4972907148,119.3689850351
MI_B1111,45.45185080,9.07462270,145.2263373519,8784,11.7048545818,5.2626296965,8.1820864168,8.9858942860,145.2263373519
MI_B1112,45.45184674,9.08063344,141.1795109633,8784,12.6662451389,6.1128795440,8.4811651288,9.2338663110,141.1795109633
MI_B1113,45.45184230,9.08664417,212.4891650409,8784,21.5597316122,11.8463511626,15.9864501301,16.8021909404,212.4891650409
MI_B1114,45.45183760,9.09265490,148.8935916335,8784,18.5393317159,10.1098248640,14.6676281278,15.3684562114,148.8935916335
MI_B1115,45.45183254,9.09866563,180.4437830366,8784,16.4347032376,8.9266998998,13.6831513383,14.3189177628,180.4437830366
MI_B1116,45.45182720,9.10467636,122.9887237791,8784,12.0427686963,7.0869865391,8.6372803909,10.2796627386,122.9887237791
MI_B1117,45.45182154,9.11068709,94.7691557774,8784,13.9655535139,13.8952825595,9.9654527085,13.0084498874,94.7691557774
MI_B1118,45.45181558,9.11669782,123.8753195436,8784,14.5683997209,52.0304675504,11.1689474952,14.2439549035,123.8753195436
MI_B1119,45.45180928,9.12270854,109.6318878038,8784,12.0310178671,15.6935552402,8.1038718763,10.3482182336,109.6318878038
MI_B1120,45.45180263,9.12871925,155.3530873860,8784,19.4321868702,10.6148470714,13.3877428803,17.3229521244,155.3530873860
MI_B1121,45.45179570,9.13472997,481.2097399752,8784,40.9799060130,18.1832475032,27.5180437644,32.4103133282,481.2097399752
MI_B1122,45.45178845,9.14074069,960.7069203100,8784,77.8321469762,33.5826553492,48.5472261883,54.0703955348,960.7069203100
MI_B1123,45.45178091,9.14675141,1349.7158029647,8784,88.1448235367,40.1848332119,57.7981651183,59.8701433052,1349.7158029647
MI_B1124,45.45177302,9.15276212,1361.8233073406,8784,94.0981365336,43.2831052840,60.7292199316,67.3860226330,1361.8233073406
MI_B1125,45.45176483,9.15877283,1191.2176125633,8784,76.1649286213,40.9068419180,49.8330969321,54.3828432098,1191.2176125633
MI_B1126,45.45175632,9.16478354,1101.7792269444,8784,70.5385561528,33.6745187124,45.7639053387,46.8506545523,1101.7792269444
MI_B1127,45.45174750,9.17079424,1572.0472083385,8784,87.5251891667,44.4921123982,55.8693482087,59.1839671388,1572.0472083385
MI_B1128,45.45173833,9.17680494,2078.5638179358,8784,122.9745038886,57.1451934426,78.3803510735,79.9623766967,2078.5638179358
MI_B1129,45.45172888,9.18281564,2090.0639519825,8784,125.7196798050,65.9430996622,82.6866259263,83.3539220927,2090.0639519825
MI_B1130,45.45171911,9.18882634,2534.0402858540,8784,153.3511162099,89.9419809721,76.8305004700,83.5980935210,2534.0402858540
MI_B1131,45.45170898,9.19483702,1779.4600232790,8784,97.8615011659,57.6615852411,62.2239144622,65.5418733643,1779.4600232790
MI_B1132,45.45169860,9.20084772,615.2001798915,8784,58.4629614746,33.3609126075,36.1857254097,42.8324805342,615.2001798915
MI_B1133,45.45168783,9.20685839,354.0540198387,8784,33.9171586908,18.8307968969,22.7062741852,34.1144521333,354.0540198387
MI_B1134,45.45167681,9.21286908,346.1970203298,8784,38.1798185375,21.0891878068,25.5919473156,36.5738216855,346.1970203298
MI_B1135,45.45166549,9.21887976,272.8116158001,8420,31.0571559320,13.7171810318,18.7362714585,38.0303065836,272.8116158001
MI_B1136,45.45165380,9.22489044,163.1022443647,8144,22.9323733395,12.1320456614,14.7786057209,38.4700173352,163.1022443647
MI_B1137,45.45164180,9.23090111,19.2154690805,7794,3.2035109471,0.5876009909,3.5583380045,10.6688214741,19.2154690805
MI_B1138,45.45162944,9.23691176,72.4556418722,8131,5.3772291056,2.1359911570,4.7820776783,8.5409313141,72.4556418722
MI_B1139,45.45161691,9.24292245,274.7553919293,8784,19.0778947645,11.9586546578,15.4215142316,18.0476914164,274.7553919293
MI_B1140,45.45160391,9.24893309,325.1243337662,8784,22.9898406250,14.5293842194,18.2307640644,20.5244417894,325.1243337662
MI_B1141,45.45159068,9.25494375,204.0766187302,8784,14.3892126437,5.8189451992,11.6323392806,13.1483680737,204.0766187302
MI_B1142,45.45157708,9.26095440,85.3237569178,8784,7.1672742026,3.0248440094,5.0702014156,5.7679122452,85.3237569178
MI_B1143,45.45156318,9.26696504,51.9260206572,8784,4.6240234010,1.8601814940,2.6680668593,3.0667841012,51.9260206572
MI_B1144,45.45154899,9.27297569,52.2291952611,8784,4.4395073188,1.8434011280,2.5717493750,2.9536133233,52.2291952611
MI_B1145,45.45153447,9.27898633,60.4171985446,8784,6.2376386497,5.6925705779,3.1668523627,3.7429261048,60.4171985446
MI_B1146,45.45151964,9.28499696,72.7551184639,8784,7.6899964851,7.8600126628,3.9651211917,4.6272814193,72.7551184639
MI_B1147,45.45150447,9.29100759,63.1846502258,8784,5.0928063749,4.7986205136,3.1419675860,3.4399820771,63.1846502258
MI_B1148,45.45148902,9.29701822,71.9737167681,8784,4.1557629844,2.2294592248,2.5310286157,2.5512015147,71.9737167681
MI_B1149,45.45147322,9.30302883,72.1587689746,8784,3.8862567086,2.1367659300,2.4142782938,2.3767432814,72.1587689746
MI_B1150,45.45145712,9.30903945,45.2371664832,8784,2.7114365174,1.6313217499,1.4480014358,1.3121856500,45.2371664832
MI_B1151,45.45610483,9.01451639,6.8562816828,8784,0.4148029004,0.2599366738,0.2609019732,0.2688659782,6.8562816828
MI_B1152,45.45610391,9.02052758,23.2802447112,8784,1.1358384411,0.6187989605,0.8312954633,0.8816220875,23.2802447112
MI_B1153,45.45610266,9.02653877,42.7846845593,8784,2.0262917245,1.0211638035,1.4841197506,1.6104000278,42.7846845593
MI_B1154,45.45610112,9.03254997,49.0562012013,8784,2.2205613514,1.2455405874,1.6057555713,1.7066776022,49.0562012013
MI_B1155,45.45609922,9.03856115,49.6542690866,8784,2.2722419979,1.2907526321,1.6343180350,1.7471857618,49.6542690866
MI_B1156,45.45609706,9.04457235,57.1831862326,8784,2.3619983993,1.3415992567,1.6724856663,1.7461442252,57.1831862326
MI_B1157,45.45609457,9.05058354,40.3184781146,8784,2.1232505671,1.2011690558,1.6184645615,1.7815491618,40.3184781146
MI_B1158,45.45609172,9.05659472,41.1250285337,8784,2.1989627914,1.1985019195,1.6880387839,1.9119996069,41.1250285337
MI_B1159,45.45608856,9.06260590,50.2287514808,8784,2.4716091401,1.2411498026,1.7012833926,2.0904660870,50.2287514808
MI_B1160,45.45608517,9.06861710,76.3701309237,8784,4.5439573765,2.0928895324,3.2705506459,3.8078064446,76.3701309237
MI_B1161,45.45608135,9.07462828,186.4499398525,8784,13.3219628899,5.8673572655,9.9485801043,11.1072899536,186.4499398525
MI_B1162,45.45607727,9.08063946,153.5263191254,8784,12.7781847649,5.7615134126,8.9438447173,9.7789793819,153.5263191254
MI_B1163,45.45607288,9.08665065,206.0914799862,8784,21.6714514755,10.5357720857,15.9282993636,16.9687810265,206.0914799862
MI_B1164,45.45606820,9.09266184,275.9278474534,8784,25.2004100523,12.7441580998,18.0209279678,19.3007563858,275.9278474534
MI_B1165,45.45606312,9.09867301,177.4659875243,8784,14.3344515922,7.7971677109,9.8811941523,11.1254386474,177.4659875243
MI_B1166,45.45605778,9.10468419,94.3611374269,8784,10.7789102059,6.4109479198,7.3691373988,9.4156870768,94.3611374269
MI_B1167,45.45605207,9.11069536,110.8421003828,8784,15.5494443934,9.6772971290,10.1720827993,13.8610550739,110.8421003828
MI_B1168,45.45604612,9.11670654,124.7338401046,8784,14.6908142644,7.9848816837,11.0357616730,14.6493718924,124.7338401046
MI_B1169,45.45603977,9.12271770,176.9980560251,8784,22.7697686316,15.1734512752,16.9046472137,22.2034319173,176.9980560251
MI_B1170,45.45603322,9.12872888,178.6910035103,8784,25.5546830492,13.6411295580,16.6472856135,21.6815627281,178.6910035103
MI_B1171,45.45602626,9.13474005,393.0084811599,8784,35.6713235684,18.9065535864,23.7294515191,29.7618074841,393.0084811599
MI_B1172,45.45601902,9.14075122,613.9885610794,8784,49.5302565693,26.0561187874,34.3009548442,41.0479914468,613.9885610794
MI_B1173,45.45601146,9.14676238,964.6912666794,8784,67.9958362800,35.7238176204,46.2883095652,51.2863771738,964.6912666794
MI_B1174,45.45600356,9.15277354,1538.9684193984,8784,87.3452008395,53.9878985485,58.7053600704,62.3012478659,1538.9684193984
MI_B1175,45.45599541,9.15878471,1354.5985343723,8784,95.5190282716,48.8857616029,64.6528858368,71.0217189890,1354.5985343723
MI_B1176,45.45598683,9.16479585,1503.2564185835,8784,92.3146162247,51.2660474241,63.8220386907,65.3610601840,1503.2564185835
MI_B1177,45.45597805,9.17080701,2451.0770935147,8784,144.7086357412,75.9018314559,94.6439186341,100.8338986612,2451.0770935147
MI_B1178,45.45596887,9.17681816,2567.9331422034,8784,152.0870040980,105.4399475149,92.5965177554,96.6828929927,2567.9331422034
MI_B1179,45.45595940,9.18282930,1862.7270285053,8784,127.6905594026,89.1145115282,81.8384109637,88.1717467062,1862.7270285053
MI_B1180,45.45594968,9.18884046,2175.1808373361,8784,140.1175215516,85.0340058177,94.8546675127,97.3892369972,2175.1808373361
MI_B1181,45.45593956,9.19485160,2122.5929345777,8784,172.4109730288,92.7483665629,115.5820839136,127.5139818055,2122.5929345777
MI_B1182,45.45592911,9.20086273,373.2191705720,8784,55.7381938701,25.2237041797,37.4009457325,47.0540188911,373.2191705720
MI_B1183,45.45591840,9.20687387,389.9884055001,8784,47.1930871874,30.3292060848,29.8877578558,35.2405492447,389.9884055001
MI_B1184,45.45590740,9.21288501,327.0607308901,8784,40.6949849542,27.5442053535,27.8696120208,33.1439582064,327.0607308901
MI_B1185,45.45589600,9.21889613,321.5182297900,8784,41.0830656881,22.6261079668,26.9481969999,42.4772564827,321.5182297900
MI_B1186,45.45588431,9.22490725,124.7251458547,8372,17.8682309362,7.8827329572,12.1822095669,32.3121090750,124.7251458547
MI_B1187,45.45587234,9.23091837,35.8699695816,8086,2.7968849513,0.9093007855,1.8879730645,5.7665388389,35.8699695816
MI_B1188,45.45586002,9.23692949,75.9050024504,7453,5.4046892978,2.3682063675,3.4347354887,6.6173624378,75.9050024504
MI_B1189,45.45584741,9.24294060,432.1757316118,8784,24.3347092900,11.7080107242,17.0846142223,22.5468051385,432.1757316118
MI_B1190,45.45583446,9.24895171,324.3569534667,8784,20.7316676779,9.0231908548,15.3851914086,17.8172476687,324.3569534667
MI_B1191,45.45582120,9.25496281,232.2729711211,8784,13.0198192657,5.0007954268,10.8846108797,12.4735404888,232.2729711211
MI_B1192,45.45580761,9.26097391,107.8084612732,8784,6.3866900633,2.7501629674,4.3717793383,5.0133651530,107.8084612732
MI_B1193,45.45579372,9.26698501,50.1576862460,8784,4.4206087840,1.7111885921,2.4698377067,2.8484124123,50.1576862460
MI_B1194,45.45577951,9.27299610,55.9463952671,8784,4.7900999428,1.9527995327,3.0038223465,3.3974812954,55.9463952671
MI_B1195,45.45576502,9.27900719,83.2319786754,8784,12.0867291280,11.1415530114,4.9798790849,6.2084188669,83.2319786754
MI_B1196,45.45575012,9.28501826,81.0401176619,8784,12.5857103521,12.1171972482,4.8497096082,6.1770572987,81.0401176619
MI_B1197,45.45573499,9.29102935,65.1789238356,8784,7.4421447093,7.8896861376,3.7253038158,4.4663534145,65.1789238356
MI_B1198,45.45571952,9.29704042,34.9871010558,8784,1.7004283117,0.8926058535,1.1135821838,1.1368292606,34.9871010558
MI_B1199,45.45570370,9.30305148,35.4196128042,8784,1.7335265258,0.9078409878,1.1054351865,1.1087625530,35.4196128042
MI_B1200,45.45568765,9.30906256,37.2303642944,8784,2.3712160756,1.4915597564,1.1725899602,0.9986742890,37.2303642944
MI_B1201,45.46033536,9.01451747,8.4527621440,8784,0.5441392088,0.2877316570,0.3242309155,0.3441270065,8.4527621440
MI_B1202,45.46033446,9.02052912,9.4399335438,8784,0.6845886488,0.3460867850,0.4621398293,0.4862964663,9.4399335438
MI_B1203,45.46033320,9.02654075,12.3098359433,8784,0.7367064890,0.4068407008,0.5543711635,0.5651722801,12.3098359433
MI_B1204,45.46033166,9.03255240,42.0759334273,8784,1.7293163845,0.9500756034,1.2703916420,1.2891065393,42.0759334273
MI_B1205,45.46032979,9.03856404,50.2962413097,8784,2.1400499720,1.2083072458,1.5211442567,1.5817296802,50.2962413097
MI_B1206,45.46032759,9.04457568,34.8382076901,8784,1.9665869497,1.0867160491,1.5044684128,1.6574331984,34.8382076901
MI_B1207,45.46032510,9.05058732,36.5646653936,8784,2.0795708407,1.1752796992,1.6006262338,1.7870898988,36.5646653936
MI_B1208,45.46032228,9.05659896,34.0002398463,8784,2.0358849876,1.1437077401,1.6833912612,1.8787346704,34.0002398463
MI_B1209,45.46031914,9.06261059,67.4765737064,8784,4.2127721084,2.1516159947,3.4166032597,3.6457580896,67.4765737064
MI_B1210,45.46031566,9.06862222,156.0148988435,8784,8.9561694725,4.0063344624,6.8351821214,6.9070868856,156.0148988435
MI_B1211,45.46031195,9.07463387,175.0038657303,8784,11.7593453813,5.0812866112,8.7853406744,9.3959446497,175.0038657303
MI_B1212,45.46030783,9.08064550,136.3547371135,8784,13.4099477630,5.3939232154,9.6815560158,10.1442253789,136.3547371135
MI_B1213,45.46030344,9.08665713,533.0249411513,8784,37.5508156314,17.7540624448,25.2609112545,26.2988031189,533.0249411513
MI_B1214,45.46029866,9.09266875,488.9364920038,8784,40.0680714013,19.5262704949,28.0222873324,29.7028222058,488.9364920038
MI_B1215,45.46029370,9.09868039,327.2193448636,8784,21.6512255672,10.9311866758,14.4049844117,15.6264833022,327.2193448636
MI_B1216,45.46028832,9.10469201,109.0286849031,8784,11.2931604605,6.2733616575,7.6785656629,9.3709522648,109.0286849031
MI_B1217,45.46028267,9.11070364,127.7959907271,8784,16.6680403422,9.7990428579,11.6768859050,14.8664026359,127.7959907271
MI_B1218,45.46027664,9.11671526,125.1392801821,8784,14.2698958721,8.4221894634,10.4227751124,13.3205321397,125.1392801821
MI_B1219,45.46027040,9.12272689,135.1425754417,8784,14.3897068076,8.7965818466,11.1610304607,14.0193954986,135.1425754417
MI_B1220,45.46026375,9.12873851,282.0486448459,8784,33.6394945654,15.9094815716,22.3146443089,28.0731423191,282.0486448459
MI_B1221,45.46025681,9.13475012,414.1316745588,8784,38.1090831822,19.8691154320,26.9490276743,35.7920032833,414.1316745588
MI_B1222,45.46024960,9.14076175,562.1683936676,8784,49.7743286059,24.3468514417,37.4665516173,51.3786079235,562.1683936676
MI_B1223,45.46024197,9.14677335,897.0780172601,8784,62.4910474983,32.3213184771,44.7121237503,48.0978311768,897.0780172601
MI_B1224,45.46023412,9.15278496,1429.6769889842,8784,97.1350031944,61.4091372669,63.6717502124,69.1799202803,1429.6769889842
MI_B1225,45.46022591,9.15879657,1349.6356942291,8784,89.0962525527,50.4596790167,61.9629892835,67.1299230320,1349.6356942291
MI_B1226,45.46021741,9.16480818,1220.4264493979,8784,84.2907308515,49.9984196827,56.4803800712,62.2609890577,1220.4264493979
MI_B1227,45.46020859,9.17081978,2214.1719117985,8784,140.7516297041,74.1984775498,89.8015503837,95.1714442853,2214.1719117985
MI_B1228,45.46019945,9.17683139,3566.6599553813,8784,231.1959309565,176.9346869438,124.9627603899,135.8135857889,3566.6599553813
MI_B1229,45.46018998,9.18284298,2573.0733533860,8784,176.3960591791,95.0146622694,116.9502399345,125.0562187595,2573.0733533860
MI_B1230,45.46018019,9.18885457,2212.2365684072,8784,180.6608217535,99.4428293635,120.6546188892,133.0884162080,2212.2365684072
MI_B1231,45.46017010,9.19486617,2369.4560636642,8784,210.8667222704,118.4097526057,135.6494017336,148.7463119354,2369.4560636642
MI_B1232,45.46015963,9.20087774,1035.7084005549,8784,113.9383401475,58.0242840108,76.0272695307,107.9168852799,1035.7084005549
MI_B1233,45.46014899,9.20688935,666.8123788001,8784,78.4409911499,40.1455146845,51.8247229113,67.3159060094,666.8123788001
MI_B1234,45.46013788,9.21290091,1296.5593036858,8784,92.7739176032,56.6682443303,58.2334449100,65.4056944431,1296.5593036858
MI_B1235,45.46012655,9.21891250,880.1947723945,8784,54.7966865770,34.6068405541,38.7380454603,45.2496766229,880.1947723945
MI_B1236,45.46011484,9.22492407,863.2461990810,8784,53.3128895453,35.9418998191,35.1888479321,46.9820791136,863.2461990810
MI_B1237,45.46010288,9.23093564,744.1796461476,8784,82.9349005400,57.5532932386,41.7059237186,53.8806642976,744.1796461476
MI_B1238,45.46009050,9.23694720,119.6371474195,8528,11.7406570285,6.8467314963,6.1879175024,13.2116156643,119.6371474195
MI_B1239,45.46007794,9.24295877,467.0895463337,8784,25.9414342534,13.4180883396,16.4979025866,22.4072729908,467.0895463337
MI_B1240,45.46006497,9.24897032,295.1041670136,8784,17.7531713725,9.4345829127,11.4752593793,14.8598309505,295.1041670136
MI_B1241,45.46005172,9.25498188,213.3570208017,8784,9.1840027654,4.6542688247,7.2243637825,8.3224979610,213.3570208017
MI_B1242,45.46003816,9.26099343,211.0269790175,8784,8.9045278444,4.5905521520,7.0275069869,8.0797437469,211.0269790175
MI_B1243,45.46002425,9.26700498,93.2898015827,8784,5.1988697951,2.3798607852,3.7246689121,4.2993268727,93.2898015827
MI_B1244,45.46001000,9.27301651,142.7504997673,8784,8.3839883048,3.9085377918,7.0823763133,7.4940041725,142.7504997673
MI_B1245,45.45999553,9.27902806,541.2564246008,8784,61.6883182998,30.2053605588,34.4576498797,46.3792983040,541.2564246008
MI_B1246,45.45998064,9.28503958,374.7677126291,8784,54.9013039881,29.4841021932,28.8400982575,40.0478689969,374.7677126291
MI_B1247,45.45996549,9.29105111,34.4686281510,8775,2.7816552006,2.7007335309,1.3325873662,1.4117487453,34.4686281510
MI_B1248,45.45995007,9.29706264,33.6611072988,8784,1.5896679975,0.8037692654,1.0502574268,1.0694549260,33.6611072988
MI_B1249,45.45993425,9.30307415,33.7171343962,8784,1.5833966045,0.7978968057,1.0482016324,1.0686344499,33.7171343962
MI_B1250,45.45991808,9.30908565,53.5549091113,8784,4.4655358748,2.0765841777,1.7636898672,1.6036886998,53.5549091113
MI_B1251,45.46456594,9.01451856,26.1692800541,8784,1.6939163904,0.9296688559,1.0652502034,1.1218118542,26.1692800541
MI_B1252,45.46456502,9.02053065,10.6848999094,8784,0.8175521821,0.3951538785,0.5492376495,0.5782147341,10.6848999094
MI_B1253,45.46456381,9.02654275,7.8010434842,8784,0.6705692206,0.3241555159,0.4544471780,0.4849834314,7.8010434842
MI_B1254,45.46456222,9.03255483,6.8373777515,8784,0.6010515090,0.3154453612,0.4309046130,0.4517768354,6.8373777515
MI_B1255,45.46456035,9.03856692,14.6011815331,8784,0.8993811795,0.4723162202,0.7252720480,0.7649676796,14.6011815331
MI_B1256,45.46455819,9.04457902,32.3896200033,8784,2.1556599492,1.1103397174,1.6458011776,1.8170750572,32.3896200033
MI_B1257,45.46455566,9.05059110,37.3398828744,8784,2.6909061352,1.4095390634,1.8885450759,2.1410098468,37.3398828744
MI_B1258,45.46455284,9.05660319,38.8223721222,8784,2.9146571120,1.5338384863,2.3508232254,2.5864002947,38.8223721222
MI_B1259,45.46454969,9.06261527,101.0375807064,8784,7.1990321361,3.6392319788,5.8085487651,6.0943386194,101.0375807064
MI_B1260,45.46454629,9.06862737,131.2912934503,8784,9.0675619696,4.4508446446,7.2790396105,7.5331087814,131.2912934503
MI_B1261,45.46454248,9.07463945,130.3959487581,8784,9.1210867655,4.1459747069,6.6372673610,7.0944753733,130.3959487581
MI_B1262,45.46453837,9.08065152,144.1067114725,8784,13.7808771026,5.7798877022,9.8866917860,10.3106371760,144.1067114725
MI_B1263,45.46453400,9.08666361,334.8616411092,8784,25.4734406045,12.1725087263,17.2690121060,18.1030171953,334.8616411092
MI_B1264,45.46452926,9.09267569,370.6595751619,8784,29.7677555860,14.8221417754,20.4830185084,21.7143977207,370.6595751619
MI_B1265,45.46452425,9.09868777,233.9864927668,8784,16.3238063282,8.7450612631,10.8266960644,11.7167281997,233.9864927668
MI_B1266,45.46451892,9.10469985,184.8196427021,8784,18.3515165318,9.0463591124,13.1793791147,15.2332668947,184.8196427021
MI_B1267,45.46451324,9.11071193,139.7253052320,8784,17.5151114722,8.5121107884,12.9048111732,15.2249336757,139.7253052320
MI_B1268,45.46450722,9.11672399,117.4234494578,8784,13.6811355818,7.4886117711,10.3862320544,12.3164140716,117.4234494578
MI_B1269,45.46450096,9.12273607,115.5650208052,8784,11.2549850023,6.8362983084,8.8819821111,11.4634356744,115.5650208052
MI_B1270,45.46449429,9.12874813,332.7052001327,8784,32.2267653776,15.4336601810,21.7471981745,30.0029359083,332.7052001327
MI_B1271,45.46448738,9.13476021,469.0863984411,8784,42.1425205520,22.0437539344,28.0137820460,40.4536814451,469.0863984411
MI_B1272,45.46448010,9.14077227,650.0534693581,8784,60.6327885091,49.0041349674,37.3438347108,50.6214476576,650.0534693581
MI_B1273,45.46447255,9.14678433,1155.6847163863,8784,85.8327225788,41.0179334613,60.6661264365,68.7896544758,1155.6847163863
MI_B1274,45.46446469,9.15279640,1847.5658924850,8784,121.4645700276,72.7509882701,79.7103045739,85.7631471568,1847.5658924850
MI_B1275,45.46445650,9.15880846,1148.0773548119,8784,79.4355491949,49.7571859860,51.9904389389,55.7435324772,1148.0773548119
MI_B1276,45.46444796,9.16482051,1413.3393247615,8784,98.1390572708,53.3778679519,65.9977395950,72.1306250298,1413.3393247615
MI_B1277,45.46443910,9.17083255,1632.9870023427,8784,125.2162114610,72.7367278052,87.0506086813,85.6061683428,1632.9870023427
MI_B1278,45.46442997,9.17684461,2418.3113935903,8784,159.5526378900,117.7153219485,93.1035981848,109.5262768306,2418.3113935903
MI_B1279,45.46442054,9.18285666,2052.0321088557,8784,148.9731796892,80.8563950798,109.6597374254,113.2535025566,2052.0321088557
MI_B1280,45.46441072,9.18886870,3397.9366327757,8784,341.6936165501,153.5226198066,209.0930892173,242.7524674334,3397.9366327757
MI_B1281,45.46440063,9.19488074,3948.1916262868,8784,345.5850726542,149.6361776039,196.5016091968,219.2333516731,3948.1916262868
MI_B1282,45.46439019,9.20089277,2105.8965823091,8784,169.7845158737,93.9915304710,100.2097369970,121.7355492949,2105.8965823091
MI_B1283,45.46437946,9.20690481,488.1173226595,8784,65.1276535386,34.6829983078,40.4172169973,54.2738907898,488.1173226595
MI_B1284,45.46436844,9.21291684,1345.4336638561,8784,95.5288680876,49.4643017689,61.1620408454,68.3927044098,1345.4336638561
MI_B1285,45.46435707,9.21892887,1538.7423442391,8784,91.6453616875,50.0898821434,63.3022195463,68.1042138730,1538.7423442391
MI_B1286,45.46434537,9.22494089,1456.9536588181,8784,89.8635313069,50.7180540102,60.1590499969,66.7609739079,1456.9536588181
MI_B1287,45.46433341,9.23095292,894.4557118413,8784,68.0159378979,38.6445718640,44.4681916592,52.5410791864,894.4557118413
MI_B1288,45.46432108,9.23696493,106.6922543122,8262,10.0575254875,6.7462166708,6.6398911091,11.8293899314,106.6922543122
MI_B1289,45.46430845,9.24297694,183.2093532343,8784,9.1164577723,5.2736284105,6.3773889064,10.9757555413,183.2093532343
MI_B1290,45.46429550,9.24898895,242.3915679826,8784,11.9780244563,6.2353822307,9.1975715352,11.7390041780,242.3915679826
MI_B1291,45.46428222,9.25500095,166.8402512955,8784,7.2598316346,3.5150203627,5.6209257495,6.4254139125,166.8402512955
MI_B1292,45.46426865,9.26101295,91.6267778117,8784,4.2938740327,2.0559410755,3.1226589864,3.7388051639,91.6267778117
MI_B1293,45.46425478,9.26702495,65.9248822663,8784,3.6029226257,1.5894181077,2.6742654813,3.0341309059,65.9248822663
MI_B1294,45.46424056,9.27303694,96.0865383179,8784,6.0375110726,2.8232390109,5.3194278972,5.5754876875,96.0865383179
MI_B1295,45.46422601,9.27904892,367.1635053788,8784,40.4203945167,16.0852250040,29.2603689904,35.8645636837,367.1635053788
MI_B1296,45.46421117,9.28506090,153.0133407291,8775,15.9322010082,6.6504126556,11.4342184410,13.6604292593,153.0133407291
MI_B1297,45.46419602,9.29107288,29.2496849130,8775,1.7735556581,1.0800504169,1.0129174762,0.8925178689,29.2496849130
MI_B1298,45.46418052,9.29708485,41.1810171062,8784,2.8714575632,1.6912641959,1.9353739024,1.9702320766,41.1810171062
MI_B1299,45.46416478,9.30309683,76.8848130985,8784,5.3170616487,2.9445280411,2.6725159870,2.6912407725,76.8848130985
MI_B1300,45.46414863,9.30910878,171.6779482686,8784,19.9148695048,7.3980935364,6.0746612485,5.6595704432,171.6779482686
MI_B1301,45.46879651,9.01451965,36.7969241769,8784,2.5248726704,1.4666904540,1.5810654860,1.7037028215,36.7969241769
MI_B1302,45.46879558,9.02053219,9.7140738439,8784,0.7714836193,0.3823545608,0.5201236599,0.5492409655,9.7140738439
MI_B1303,45.46879433,9.02654473,7.9327014229,8784,0.6767725793,0.3195395964,0.4544029818,0.4860682759,7.9327014229
MI_B1304,45.46879279,9.03255727,7.3768477144,8784,0.6426496625,0.3099352489,0.4392928835,0.4677249997,7.3768477144
MI_B1305,45.46879090,9.03856981,5.9273695032,8784,0.5393915686,0.2968799855,0.3995801105,0.4156074154,5.9273695032
MI_B1306,45.46878872,9.04458235,25.0340086160,8784,2.4326748803,1.2456607818,1.4958436980,1.6825791973,25.0340086160
MI_B1307,45.46878621,9.05059488,63.7123986838,8784,4.4338112359,2.2176457209,2.8111244432,3.0123400675,63.7123986838
MI_B1308,45.46878341,9.05660742,141.1345384187,8784,6.9742101591,3.4903031733,4.6380299260,4.8770163925,141.1345384187
MI_B1309,45.46878026,9.06261996,162.6710250024,8784,8.0851338690,4.1141813760,5.8257519106,5.9740111716,162.6710250024
MI_B1310,45.46877679,9.06863249,188.3168463104,8784,10.5601528011,5.3841563909,7.5375775967,7.4535554412,188.3168463104
MI_B1311,45.46877303,9.07464503,132.3851889955,8784,8.6133403299,4.0768170359,6.4775610379,6.9508700102,132.3851889955
MI_B1312,45.46876895,9.08065756,159.1516530224,8784,13.1915600131,6.9997544848,10.1635439328,10.9709630790,159.1516530224
MI_B1313,45.46876454,9.08667009,201.8308326730,8784,17.7919362347,8.8933659251,12.4131424713,13.3826824316,201.8308326730
MI_B1314,45.46875980,9.09268262,165.5184536108,8784,14.9139151529,9.1049880432,10.8010190158,11.4858107153,165.5184536108
MI_B1315,45.46875477,9.09869515,172.1162813595,8784,12.7310100770,10.2224977924,8.7955913920,9.3571676695,172.1162813595
MI_B1316,45.46874940,9.10470767,119.1294184052,8784,14.0987732007,8.2780210719,10.1513769894,11.9417288475,119.1294184052
MI_B1317,45.46874378,9.11072021,158.9838480508,8784,22.5517798786,10.0409326397,16.6254430882,19.6867875703,158.9838480508
MI_B1318,45.46873776,9.11673272,151.8074204565,8784,22.0529191092,9.7530930481,16.4386968959,19.5685175193,151.8074204565
MI_B1319,45.46873147,9.12274525,62.8047093414,8784,7.6136945906,3.3787966221,5.3090583514,10.3911028195,62.8047093414
MI_B1320,45.46872486,9.12875777,114.2644471957,2883,4.1487459840,2.0305018211,2.7772648033,17.2074446688,114.2644471957
MI_B1321,45.46871793,9.13477029,426.8413426557,8784,23.0739033797,11.7058538325,14.2207868726,40.7842486174,426.8413426557
MI_B1322,45.46871067,9.14078280,784.8191173653,8784,70.7599360345,49.6698315452,44.0406844246,60.2698480781,784.8191173653
MI_B1323,45.46870310,9.14679531,1073.3204230473,8784,65.7057536090,32.1748614556,45.4992653127,47.6738365062,1073.3204230473
MI_B1324,45.46869522,9.15280782,1545.1357210545,8784,102.8390307386,65.5817316155,71.2383964106,80.3264997178,1545.1357210545
MI_B1325,45.46868702,9.15882033,1544.6329944960,8784,114.7416782020,91.8051736452,78.2388190817,92.8546759772,1544.6329944960
MI_B1326,45.46867848,9.16483283,1625.2769539544,8784,113.8308414460,62.4778721313,77.9840120111,90.1333409159,1625.2769539544
MI_B1327,45.46866967,9.17084534,1407.8414314978,8784,108.5933280833,60.8668298973,71.2207448622,82.7397463143,1407.8414314978
MI_B1328,45.46866052,9.17685784,2081.2633968173,8784,149.4068592489,77.5603209972,96.7496270113,123.7214908942,2081.2633968173
MI_B1329,45.46865102,9.18287033,2194.1700896999,8784,145.5889176850,70.8399581505,94.8625139441,113.1259437756,2194.1700896999
MI_B1330,45.46864125,9.18888283,2960.1619090863,8784,206.2716247063,112.5343612628,144.0918338060,143.4807916020,2960.1619090863
MI_B1331,45.46863121,9.19489533,2687.9526827256,8784,199.0567073714,94.8502385688,120.7085927103,137.6252057532,2687.9526827256
MI_B1332,45.46862073,9.20090780,1650.6253596090,8784,122.5527298651,66.6714905381,76.9811799818,91.5254781814,1650.6253596090
MI_B1333,45.46861002,9.20692029,521.8927125488,8784,62.3503506010,36.9203679910,40.4532500835,54.5424727421,521.8927125488
MI_B1334,45.46859895,9.21293277,1979.4997985716,8784,119.4784109139,63.6166124557,80.3867834507,86.5532579761,1979.4997985716
MI_B1335,45.46858762,9.21894525,1487.9778763121,8784,97.9936125093,49.6886776761,65.1896804211,72.5801303285,1487.9778763121
MI_B1336,45.46857590,9.22495772,1149.1866372331,8784,81.8768657039,43.2038132754,52.6561780427,58.4722209398,1149.1866372331
MI_B1337,45.46856392,9.23097019,561.0118033662,8784,50.3449278701,24.4553591013,30.8214068934,37.0363725564,561.0118033662
MI_B1338,45.46855158,9.23698265,422.7198544935,8784,27.4904035990,14.9518839223,18.7298654601,22.5710675004,422.7198544935
MI_B1339,45.46853898,9.24299512,448.2536222771,8784,16.5420508240,8.2275238245,10.0727951421,12.3658863990,448.2536222771
MI_B1340,45.46852602,9.24900757,360.6614549445,8784,14.1151843848,9.5600109587,9.7664790423,10.5098713926,360.6614549445
MI_B1341,45.46851276,9.25502003,253.0711355749,8784,10.2597983904,6.2327530434,7.0482143083,7.5023878335,253.0711355749
MI_B1342,45.46849918,9.26103248,50.0148914909,8784,3.1500646161,1.4132333338,1.8663795334,2.1852518373,50.0148914909
MI_B1343,45.46848528,9.26704492,39.0500986590,8784,2.8158151396,1.0738999532,1.8489848351,1.9481629600,39.0500986590
MI_B1344,45.46847109,9.27305737,40.4097455446,8784,3.0383891147,1.2381970344,2.1262121318,2.1667188442,40.4097455446
MI_B1345,45.46845650,9.27906979,100.8685490730,8784,6.2956650807,2.9236314699,4.8130092485,4.7114791848,100.8685490730
MI_B1346,45.46844168,9.28508223,98.6885362058,8784,5.7381759343,2.5156168772,4.0283838413,4.0485982636,98.6885362058
MI_B1347,45.46842650,9.29109465,56.2599242246,8784,4.5444924702,2.6075541771,3.0673414515,3.1037590666,56.2599242246
MI_B1348,45.46841102,9.29710707,68.9067174392,8784,6.4727148995,3.9555490081,4.4925462382,4.5905400177,68.9067174392
MI_B1349,45.46839525,9.30311950,128.8036727095,8784,7.2749549353,5.9551208276,5.1901685900,5.3727525622,128.8036727095
MI_B1350,45.46837911,9.30913190,162.2647919013,8784,10.0141712286,6.7683745927,5.6069493120,5.7029236341,162.2647919013
MI_B1351,45.47302706,9.01452073,39.7888694127,8784,2.7466114537,1.5721502969,1.6982943347,1.8400673268,39.7888694127
MI_B1352,45.47302613,9.02053372,12.0249806713,8784,0.9162996696,0.4677524689,0.6092394384,0.6460109706,12.0249806713
MI_B1353,45.47302493,9.02654672,7.7899172808,8784,0.6754597400,0.3192460221,0.4549053150,0.4866900767,7.7899172808
MI_B1354,45.47302335,9.03255971,7.3967363881,8784,0.6379390757,0.2998547946,0.4319614962,0.4609254336,7.3967363881
MI_B1355,45.47302147,9.03857269,10.8421451428,8784,1.0231696597,0.4753612934,0.7057347299,0.7407641624,10.8421451428
MI_B1356,45.47301927,9.04458568,23.2089078362,8784,2.8806116417,1.3775385881,1.7278654729,2.0003748236,23.2089078362
MI_B1357,45.47301679,9.05059867,24.6712998913,8784,3.0382744448,1.4253114348,1.8464287791,2.1230624515,24.6712998913
MI_B1358,45.47301392,9.05661165,95.1483004653,8784,5.4578685129,2.6715646521,3.4671359528,3.7234452985,95.1483004653
MI_B1359,45.47301082,9.06262465,150.4934727760,8784,8.3840929060,4.7160209712,5.5926886432,5.5714564772,150.4934727760
MI_B1360,45.47300735,9.06863763,148.8411882872,8784,8.6369438123,4.6806815133,5.9669687261,5.9601489674,148.8411882872
MI_B1361,45.47300361,9.07465062,140.4744347773,8784,7.6386681364,3.5910989590,5.9137756790,6.4395781357,140.4744347773
MI_B1362,45.47299946,9.08066359,148.8657695226,8784,11.7644082010,6.2569841396,9.2413130879,10.1117678909,148.8657695226
MI_B1363,45.47299508,9.08667657,195.8129718903,8784,16.1700978301,8.6798284115,11.9207601060,12.7008439981,195.8129718903
MI_B1364,45.47299038,9.09268956,137.1586893485,8784,11.4622894038,9.5248897007,8.0083732365,8.6657450255,137.1586893485
MI_B1365,45.47298534,9.09870254,51.4577760289,8784,6.5079443665,7.3437274192,4.0123558484,4.7410856188,51.4577760289
MI_B1366,45.47297998,9.10471551,37.5136067311,8784,5.7049942421,6.9507432833,3.3915458400,4.1344934212,37.5136067311
MI_B1367,45.47297434,9.11072849,81.1338713780,8784,9.3315638579,5.4750449755,6.3072879980,7.3157877166,81.1338713780
MI_B1368,45.47296833,9.11674146,94.0602353814,8784,10.6279729753,5.2888570439,7.2209469037,8.3947250077,94.0602353814
MI_B1369,45.47296205,9.12275444,137.6337700198,8784,17.5178699930,6.5255687526,11.3050314478,16.8476598770,137.6337700198
MI_B1370,45.47295539,9.12876740,131.1693730053,6760,6.9034152353,3.2574470584,4.1255199365,14.8753375123,131.1693730053
MI_B1371,45.47294847,9.13478037,329.1272417861,8784,35.5592954293,9.7704129456,21.2446840866,40.6941721629,329.1272417861
MI_B1372,45.47294119,9.14079333,706.1101137541,8784,67.4324847990,27.1981372345,41.4570975879,50.5571839222,706.1101137541
MI_B1373,45.47293365,9.14680630,1016.0100475200,8784,72.7221985716,39.5740532132,52.8850179307,57.0128815608,1016.0100475200
MI_B1374,45.47292575,9.15281925,914.9625937726,8784,61.8808881227,46.5719964127,44.9712995071,48.7857674143,914.9625937726
MI_B1375,45.47291754,9.15883221,1045.6959388634,8784,65.2448788930,50.5193352147,47.9968820054,53.7319062032,1045.6959388634
MI_B1376,45.47290903,9.16484517,1113.6716817309,8784,71.5111202037,41.6395315594,52.0850515904,57.6166367680,1113.6716817309
MI_B1377,45.47290018,9.17085812,1093.7848862195,8784,76.0191785706,46.7553857586,51.0921641174,56.9192033433,1093.7848862195
MI_B1378,45.47289105,9.17687107,803.0130375200,8784,63.6628291836,34.4576139557,39.1817770836,47.7320775196,803.0130375200
MI_B1379,45.47288159,9.18288402,1315.6102981059,8784,87.6621868465,42.3018148133,54.4134139139,72.4916394423,1315.6102981059
MI_B1380,45.47287175,9.18889695,1693.9939277507,8784,142.1461354626,92.3538774864,95.1465515689,122.5427323294,1693.9939277507
MI_B1381,45.47286171,9.19490990,1794.3263268066,8784,129.5435848279,62.8463002219,89.4334979307,126.4900219425,1794.3263268066
MI_B1382,45.47285123,9.20092283,688.1977137145,8784,59.5017684749,30.6786834431,38.3072957612,52.4597763972,688.1977137145
MI_B1383,45.47284055,9.20693577,908.2267993928,8784,87.3805903957,47.6732520025,58.7951295626,68.6237580542,908.2267993928
MI_B1384,45.47282948,9.21294870,2415.4464794555,8784,151.3324331683,87.0512271871,102.9926689095,106.7081660394,2415.4464794555
MI_B1385,45.47281811,9.21896162,1232.2002679750,8784,97.0331213809,59.8452232386,66.1303883689,70.7613300630,1232.2002679750
MI_B1386,45.47280645,9.22497455,796.0487980522,8784,67.7957428483,36.7791459685,43.6044139970,47.4109539557,796.0487980522
MI_B1387,45.47279440,9.23098746,237.3141936610,8784,41.7399438244,17.6063267030,23.0497330909,28.7373449563,237.3141936610
MI_B1388,45.47278211,9.23700038,344.1160925017,8784,34.2427758791,17.1468047153,21.5776883376,24.4059657281,344.1160925017
MI_B1389,45.47276947,9.24301329,278.2254908786,8784,17.7639331096,9.2167508972,10.7084246977,12.2633860379,278.2254908786
MI_B1390,45.47275656,9.24902621,365.0310214723,8784,18.3104630237,10.5099617912,10.7802171627,11.8669615996,365.0310214723
MI_B1391,45.47274325,9.25503910,212.9923107623,8784,8.7829304832,5.3251244753,6.0262561147,6.6758184357,212.9923107623
MI_B1392,45.47272966,9.26105200,72.9172997152,8784,4.1158608570,1.5981883400,2.8668359662,3.1907610078,72.9172997152
MI_B1393,45.47271577,9.26706490,44.4619258021,8784,3.3626478983,1.2865582900,2.1362848766,2.3074823538,44.4619258021
MI_B1394,45.47270155,9.27307779,43.9549636251,8784,3.7658176244,1.4385303141,2.4576375614,2.6209405813,43.9549636251
MI_B1395,45.47268708,9.27909068,99.2541927760,8784,5.8893660340,2.5961716118,4.1438563624,4.2160286071,99.2541927760
MI_B1396,45.47267221,9.28510356,109.8314052782,8784,6.3870563834,2.8073188719,4.4921274673,4.5412426457,109.8314052782
MI_B1397,45.47265703,9.29111643,83.6428848646,8784,7.2244026664,4.0893392927,5.0425637409,5.1694807736,83.6428848646
MI_B1398,45.47264156,9.29712931,69.6211038483,8784,6.5686526390,3.9915465521,4.5469508191,4.6472874261,69.6211038483
MI_B1399,45.47262572,9.30314217,113.6369346953,8784,7.4550509538,5.0025544189,5.2631971440,5.4369302095,113.6369346953
MI_B1400,45.47260963,9.30915503,177.3137707361,8784,8.6512214193,6.3288502127,6.1538463162,6.4480536065,177.3137707361
MI_B1401,45.47725761,9.01452182,46.3403970409,8784,2.9878409505,1.6973692178,1.8440335191,1.9986325013,46.3403970409
MI_B1402,45.47725667,9.02053526,13.9713386587,8784,1.1160911958,0.5943411669,0.7354231374,0.8096501612,13.9713386587
MI_B1403,45.47725545,9.02654870,9.7389018365,8784,0.8843500511,0.4163374956,0.6018831484,0.6401483950,9.7389018365
MI_B1404,45.47725388,9.03256214,17.2644648437,8784,1.7009688215,0.7863927083,1.1725722004,1.2235520574,17.2644648437
MI_B1405,45.47725202,9.03857558,23.6111891612,8784,2.3054822978,1.0648650314,1.5912078249,1.6584038401,23.6111891612
MI_B1406,45.47724988,9.04458903,40.5331577537,8784,3.1028737240,1.4547852905,1.9737364894,2.2119947051,40.5331577537
MI_B1407,45.47724728,9.05060245,27.0951156528,8784,3.0041653249,1.4158483190,1.8204767899,2.0993753253,27.0951156528
MI_B1408,45.47724451,9.05661590,26.8033247407,8784,3.4119154702,2.0584189040,2.0996927427,2.3203076572,26.8033247407
MI_B1409,45.47724138,9.06262933,30.8050004437,8784,4.0721342145,2.8006653007,2.5008976138,2.6833737957,30.8050004437
MI_B1410,45.47723790,9.06864276,30.8864540375,8784,3.8450053365,2.7533546083,2.5001687420,2.6590142077,30.8864540375
MI_B1411,45.47723418,9.07465621,56.6877760309,8784,4.4003148475,2.6310607237,3.0439610036,3.4238790714,56.6877760309
MI_B1412,45.47723004,9.08066963,79.5436314391,8784,5.7673575697,3.0674245049,4.3558820724,5.1033143647,79.5436314391
MI_B1413,45.47722565,9.08668306,206.6931628483,8784,14.2532456134,10.5596781041,9.6810719860,10.2830740776,206.6931628483
MI_B1414,45.47722094,9.09269650,86.2356166308,8784,8.3079074748,8.3569701986,5.5690575533,6.2662768596,86.2356166308
MI_B1415,45.47721587,9.09870992,37.3911678449,8784,5.7346108932,6.9500185724,3.3930557473,4.1413658138,37.3911678449
MI_B1416,45.47721053,9.10472335,36.5313009851,8784,5.6135324096,6.7169800474,3.3216003102,4.0547811073,36.5313009851
MI_B1417,45.47720484,9.11073677,74.2457575222,8784,8.2871203163,4.7701500147,5.5059507354,6.3845136290,74.2457575222
MI_B1418,45.47719887,9.11675020,144.2607601454,8784,15.9696757754,9.8117340856,11.6029775564,12.9855105404,144.2607601454
MI_B1419,45.47719257,9.12276362,157.3171011595,8784,25.7071952123,11.7271253886,14.0025130931,16.7801451243,157.3171011595
MI_B1420,45.47718595,9.12877704,168.5189041617,8784,17.3428579842,7.9765040707,10.2427037675,12.3899343062,168.5189041617
MI_B1421,45.47717903,9.13479046,91.0223859383,8784,10.7146307447,3.7174828318,6.9775323420,12.5529091207,91.0223859383
MI_B1422,45.47717175,9.14080387,1121.3960958829,8784,92.7825180879,45.5085265976,60.2228354520,69.3487463912,1121.3960958829
MI_B1423,45.47716417,9.14681728,1134.7666010850,8784,88.4254824013,49.3150563969,60.1282135086,64.6855074985,1134.7666010850
MI_B1424,45.47715633,9.15283070,576.1305254760,8784,40.4400193701,23.3571708994,30.9016367219,33.8578831829,576.1305254760
MI_B1425,45.47714814,9.15884411,579.1931554434,8784,35.7089517312,21.6680448091,27.7246764139,29.4989511028,579.1931554434
MI_B1426,45.47713954,9.16485750,1364.1683220362,8784,77.4048661895,45.7643713298,60.1714489571,62.7328730795,1364.1683220362
MI_B1427,45.47713075,9.17087091,1462.6737882779,8784,107.2848326926,54.0077479946,74.8193503150,83.6259685410,1462.6737882779
MI_B1428,45.47712157,9.17688430,1094.5003266574,8784,66.9079070646,28.1580456470,41.7144015658,47.5956462550,1094.5003266574
MI_B1429,45.47711211,9.18289770,2004.0622372759,8784,141.1804847544,68.6375135521,83.9121266103,108.0456359456,2004.0622372759
MI_B1430,45.47710234,9.18891110,1574.0822814734,8784,145.6606688604,77.3703023831,95.6825292309,131.7557263000,1574.0822814734
MI_B1431,45.47709222,9.19492448,1534.4564639460,8784,111.1311026973,62.7163754694,76.3408250091,108.4207204133,1534.4564639460
MI_B1432,45.47708179,9.20093787,493.6535127655,8784,50.0960090614,27.6815366059,30.9297450922,41.4684116088,493.6535127655
MI_B1433,45.47707107,9.20695125,1380.8379240263,8784,113.8258387935,49.7390995927,64.2061439927,94.3415131858,1380.8379240263
MI_B1434,45.47705998,9.21296463,1635.7204451927,8784,96.5490138029,48.9371710739,63.6634611202,71.7430712882,1635.7204451927
MI_B1435,45.47704869,9.21897802,1653.5781772001,8784,114.4879348001,60.4558796915,72.3701342815,79.3326369126,1653.5781772001
MI_B1436,45.47703691,9.22499137,1207.5936673579,8784,96.1091134153,60.1882746279,47.7171391466,48.9983657675,1207.5936673579
MI_B1437,45.47702495,9.23100475,650.6381839690,8784,73.9938881311,48.7061866104,30.3201153559,34.5620036874,650.6381839690
MI_B1438,45.47701263,9.23701812,287.4374742021,8784,32.9724904704,20.7168598985,16.4649856881,19.8117159745,287.4374742021
MI_B1439,45.47700001,9.24303148,288.8854593585,8784,26.5996082190,14.0449742297,16.2698215249,18.2855658375,288.8854593585
MI_B1440,45.47698704,9.24904483,319.0955219133,8784,15.1628274157,7.8777823875,10.1017357448,10.6214443714,319.0955219133
MI_B1441,45.47697377,9.25505819,136.2214272846,8784,5.9860876365,2.4154811547,4.4229788069,5.0219412715,136.2214272846
MI_B1442,45.47696020,9.26107154,124.7097038218,8784,6.8522888032,2.8598574511,4.8114598326,5.2889206784,124.7097038218
MI_B1443,45.47694628,9.26708488,118.8224489210,8784,7.7757352577,4.1073652339,5.6076749674,5.7756332995,118.8224489210
MI_B1444,45.47693208,9.27309822,115.0124021642,8784,7.8939531306,3.7326430178,5.8392938594,6.0604368542,115.0124021642
MI_B1445,45.47691752,9.27911156,94.4928281275,8784,6.6907856321,3.0509730457,5.0412894282,5.3131778067,94.4928281275
MI_B1446,45.47690265,9.28512488,81.5082859435,8784,5.9408304213,2.9906231101,4.2226105617,4.5699921166,81.5082859435
MI_B1447,45.47688752,9.29113822,130.9172393731,8784,7.5721676903,5.0039788442,5.0396192186,5.7391944803,130.9172393731
MI_B1448,45.47687204,9.29715154,118.0662396270,8784,7.0016907040,4.8862902171,4.7019030756,5.3691003699,118.0662396270
MI_B1449,45.47685624,9.30316485,187.2134909574,8784,9.8343329278,5.4994324250,7.0795699691,7.6269009444,187.2134909574
MI_B1450,45.47684010,9.30917816,228.2578078232,8784,11.5912231557,5.8657487355,8.5596370162,8.9881200484,228.2578078232
MI_B1451,45.48148814,9.01452290,98.0356293224,8784,5.0204956606,2.6519011490,3.0869073471,3.3264059690,98.0356293224
MI_B1452,45.48148720,9.02053679,46.5021004134,8784,3.5524467592,1.8299695747,2.4309568837,2.6796840721,46.5021004134
MI_B1453,45.48148601,9.02655069,25.0451829886,8784,2.5069861373,1.1931095036,1.7568402006,1.8762940748,25.0451829886
MI_B1454,45.48148443,9.03256458,22.8047359190,8784,2.2900795153,1.0595633799,1.5779022474,1.6443448470,22.8047359190
MI_B1455,45.48148256,9.03857847,35.9091761236,8784,2.6445492464,1.2107295024,1.8455892693,1.9320020013,35.9091761236
MI_B1456,45.48148034,9.04459235,49.6539152435,8784,3.1922602842,1.5252611093,2.1887436818,2.5050958020,49.6539152435
MI_B1457,45.48147790,9.05060625,39.2014149494,8784,3.6951451797,1.8661778123,2.3179099992,3.4367701084,39.2014149494
MI_B1458,45.48147503,9.05662013,40.6278935382,8784,4.3887852285,2.7633336860,2.6229364312,4.1941596116,40.6278935382
MI_B1459,45.48147187,9.06263401,40.4975381584,8784,4.4791210878,2.9076015121,2.6935879002,3.8206697829,40.4975381584
MI_B1460,45.48146846,9.06864790,32.2911070452,8784,4.3510102245,2.7835665464,2.8226229616,3.0255184111,32.2911070452
MI_B1461,45.48146467,9.07466178,26.2925638137,8784,3.0180350527,1.5412246713,2.0508784310,2.4911307221,26.2925638137
MI_B1462,45.48146061,9.08067567,33.3720084067,8784,2.7996240534,1.2023143869,1.9789015621,2.5029938924,33.3720084067
MI_B1463,45.48145619,9.08668955,41.4552582397,8784,5.6047471505,4.6919766900,3.9539157259,4.5461979241,41.4552582397
MI_B1464,45.48145142,9.09270342,42.0056764359,8784,6.3663487882,7.2951225345,4.5369661819,5.2543063189,42.0056764359
MI_B1465,45.48144645,9.09871731,33.3796322077,8784,5.1433009319,5.5805538471,3.2783467639,3.9166301867,33.3796322077
MI_B1466,45.48144105,9.10473118,20.0745053151,8784,3.2815418130,2.2611981673,1.9531281016,2.3930015396,20.0745053151
MI_B1467,45.48143541,9.11074506,24.4546854502,8784,3.5223287521,1.8832589212,2.2426055862,2.6704328401,24.4546854502
MI_B1468,45.48142939,9.11675893,72.3057302388,8784,7.8481268057,5.2936803257,5.3410460554,6.1047494420,72.3057302388
MI_B1469,45.48142309,9.12277280,40.1532219370,8784,5.5500544284,5.6579200769,3.2584889331,3.9735108032,40.1532219370
MI_B1470,45.48141651,9.12878668,57.2940636253,8784,7.9250913826,6.1547173797,5.1350409320,5.9803798271,57.2940636253
MI_B1471,45.48140952,9.13480054,71.8085743845,8784,8.4026227533,4.0380945511,5.7995094434,7.0367409281,71.8085743845
MI_B1472,45.48140231,9.14081441,512.2413967291,8784,37.6710382835,19.3596238011,24.2697228446,28.0098686310,512.2413967291
MI_B1473,45.48139470,9.14682826,836.2944990337,8784,59.1855848082,29.1262434029,40.0100394194,45.0168468625,836.2944990337
MI_B1474,45.48138682,9.15284213,551.8885144128,8784,42.3384285375,22.3991948658,30.5305526836,33.9936310611,551.8885144128
MI_B1475,45.48137857,9.15885597,923.3284970947,8784,61.9146290700,34.0525458893,43.3175692268,48.3015755960,923.3284970947
MI_B1476,45.48137011,9.16486984,1467.9264910086,8784,95.0416973112,49.1835567136,67.7422810929,73.2074264106,1467.9264910086
MI_B1477,45.48136124,9.17088369,2095.2439187871,8784,134.0246614041,56.2395908189,98.8061516282,106.0318683814,2095.2439187871
MI_B1478,45.48135213,9.17689755,2204.5922690646,8784,127.2095780719,44.7010368142,93.9627127668,112.4154506958,2204.5922690646
MI_B1479,45.48134265,9.18291139,2765.7598846296,8784,161.3298987845,70.6206175529,112.5247622393,121.2190109091,2765.7598846296
MI_B1480,45.48133285,9.18892523,1978.3430039735,8784,133.0426713435,62.9154249721,90.4750334199,105.4662824673,1978.3430039735
MI_B1481,45.48132274,9.19493907,1761.2785825559,8784,127.3542765479,53.4282953296,103.6703344358,115.0992221413,1761.2785825559
MI_B1482,45.48131229,9.20095290,1620.7413888666,8784,121.5995508210,51.2239625055,79.6110298114,93.2962560322,1620.7413888666
MI_B1483,45.48130159,9.20696674,2010.7947457316,8784,144.3669598566,75.1504785519,80.1756917432,110.4103234951,2010.7947457316
MI_B1484,45.48129055,9.21298057,2176.8193804832,8784,142.2341937886,71.3434269239,86.6999898597,102.0737992962,2176.8193804832
MI_B1485,45.48127913,9.21899439,1497.4913050352,8784,109.6229912530,54.2685253360,70.2564215710,77.7001460787,1497.4913050352
MI_B1486,45.48126747,9.22500822,1235.7832782245,8784,89.0356089026,48.9265540749,46.8760553569,50.5302698814,1235.7832782245
MI_B1487,45.48125547,9.23102204,681.6681391826,8784,71.0438180881,59.2263466797,32.7099411105,39.7917806372,681.6681391826
MI_B1488,45.48124312,9.23703585,453.5483324545,8784,41.0860396891,41.4702819474,21.5534392977,28.4165122411,453.5483324545
MI_B1489,45.48123056,9.24304968,561.7677757356,8784,43.7547371519,27.8605931080,29.1393119492,32.1338397328,561.7677757356
MI_B1490,45.48121753,9.24906347,275.6343760971,8784,11.8402786287,5.6552976764,9.2019009984,9.9061998011,275.6343760971
MI_B1491,45.48120428,9.25507728,161.8968408256,8784,7.2109701382,3.2795856253,5.5985345404,6.3350369795,161.8968408256
MI_B1492,45.48119072,9.26109108,100.1612228671,8784,6.2114976869,2.7893924655,4.4628177513,4.8888223711,100.1612228671
MI_B1493,45.48117678,9.26710487,106.3135865442,8784,6.6125808577,3.1450836295,4.7680903219,6.3830202541,106.3135865442
MI_B1494,45.48116259,9.27311866,95.9692010179,8784,5.8143592173,2.7835713146,4.1996727341,6.8934375509,95.9692010179
MI_B1495,45.48114803,9.27913244,37.2026951777,8784,4.3978654324,1.9481480878,3.3534706929,4.0763751595,37.2026951777
MI_B1496,45.48113317,9.28514622,42.5702148438,8784,5.3542486514,3.1217540125,4.0681332157,4.8751887436,42.5702148438
MI_B1497,45.48111797,9.29115999,82.6161863696,8784,5.4093690481,4.1292296869,3.7975961315,4.5193817986,82.6161863696
MI_B1498,45.48110254,9.29717378,131.8331905462,8784,7.0091205345,5.3844869345,4.8158926776,5.5994576729,131.8331905462
MI_B1499,45.48108671,9.30318754,141.4149466912,8784,7.5129653670,5.2909663624,5.3776028523,6.0699947733,141.4149466912
MI_B1500,45.48107059,9.30920130,197.5845122497,8784,10.5995519841,5.1036890768,8.6329256998,8.8470755743,197.5845122497
MI_B1501,45.48571870,9.01452399,114.6605022603,8784,6.7847939325,3.2799794605,4.3905909913,4.7028307853,114.6605022603
MI_B1502,45.48571780,9.02053834,77.5431176372,8784,5.5419736338,2.5690971168,3.6198373461,3.9796911295,77.5431176372
MI_B1503,45.48571653,9.02655267,38.4275493194,8784,3.9705234442,1.8812543682,2.9314182481,3.2754554990,38.4275493194
MI_B1504,45.48571499,9.03256702,32.7859364916,8784,3.2376840617,1.4746819290,2.3522896871,2.5522117540,32.7859364916
MI_B1505,45.48571310,9.03858135,47.2839312512,8784,2.9385386913,1.3359859287,2.0696467006,2.1735255307,47.2839312512
MI_B1506,45.48571092,9.04459569,53.4913095599,8784,3.8887790858,2.2850732899,2.9450767750,3.5149226509,53.4913095599
MI_B1507,45.48570842,9.05061003,37.5854654429,8784,4.4363335561,2.3745207672,2.9141479876,4.6867694239,37.5854654429
MI_B1508,45.48570562,9.05662437,39.3009166070,8784,4.8588167917,2.5378059809,3.2111104929,5.3941167572,39.3009166070
MI_B1509,45.48570243,9.06263870,52.1250176144,8784,5.8837121100,3.0160868527,4.3349756361,5.5836228006,52.1250176144
MI_B1510,45.48569900,9.06865304,49.2759938141,8784,4.9975539784,2.4904498767,3.7023829610,4.2468230257,49.2759938141
MI_B1511,45.48569523,9.07466738,19.1653948857,8784,2.1630280431,0.9391448220,1.4615374878,1.7532316952,19.1653948857
MI_B1512,45.48569114,9.08068171,16.6259954915,8784,2.1704954852,0.9334586919,1.4677479932,1.7982207298,16.6259954915
MI_B1513,45.48568673,9.08669604,18.5058139509,8784,2.7808365475,1.2680691714,1.9748087265,2.3367331797,18.5058139509
MI_B1514,45.48568200,9.09271037,23.7907554013,8784,3.6868663224,2.4222730017,2.7901552443,3.2092155198,23.7907554013
MI_B1515,45.48567693,9.09872469,18.7950645108,8784,3.0672640478,1.7224304829,1.9833593871,2.3760175183,18.7950645108
MI_B1516,45.48567162,9.10473903,17.4841882732,8784,2.8644233706,1.5730977846,1.7343279772,2.1153358637,17.4841882732
MI_B1517,45.48566592,9.11075335,26.6334983315,8784,3.8249203657,2.1086571733,2.5866167493,3.0139456977,26.6334983315
MI_B1518,45.48565997,9.11676768,53.3111927041,8784,8.4721060850,5.5347113988,6.2061136079,7.0345795819,53.3111927041
MI_B1519,45.48565363,9.12278199,100.1248439940,8784,15.4739921747,8.7470426331,10.6394964402,11.7120545946,100.1248439940
MI_B1520,45.48564702,9.12879631,115.6395394149,8784,18.0489527794,9.3537701815,12.3438135911,13.4665842420,115.6395394149
MI_B1521,45.48564010,9.13481063,105.4631399507,8784,12.0087187399,6.0889368359,8.0541206085,9.1751372551,105.4631399507
MI_B1522,45.48563279,9.14082494,394.4363294748,8784,23.8619806064,10.7360886614,17.5886326898,19.3965014085,394.4363294748
MI_B1523,45.48562527,9.14683926,650.5313262233,8784,40.2778810855,19.0943570578,31.3625608075,33.5533467882,650.5313262233
MI_B1524,45.48561736,9.15285357,874.2584552062,8784,56.7149115980,28.3565807331,43.7417246903,47.0996967497,874.2584552062
MI_B1525,45.48560919,9.15886788,1409.4112394804,8784,95.1764339907,45.9261196278,66.1266534904,71.2354827967,1409.4112394804
MI_B1526,45.48560062,9.16488218,1319.1009958873,8784,98.6742288132,48.8805531185,72.9916789373,75.6820670348,1319.1009958873
MI_B1527,45.48559183,9.17089649,808.6288561811,8784,56.4212220845,27.3529231725,43.0875432680,43.3724583012,808.6288561811
MI_B1528,45.48558262,9.17691078,747.9429612884,8784,43.8392879263,24.7322793276,34.0997834572,42.1224829788,747.9429612884
MI_B1529,45.48557314,9.18292507,1959.7983727673,8784,147.1811353459,76.5491644878,95.0787998976,114.8155828134,1959.7983727673
MI_B1530,45.48556338,9.18893937,1481.5588158507,8784,128.8804832064,65.3204894249,90.6522095290,96.5270236883,1481.5588158507
MI_B1531,45.48555326,9.19495366,1210.2036607158,8784,107.0581671421,50.0310881609,77.3825940085,86.5033349469,1210.2036607158
MI_B1532,45.48554286,9.20096795,2557.4970048796,8784,235.0142279114,100.7893518203,146.7246153503,179.5216594832,2557.4970048796
MI_B1533,45.48553210,9.20698223,2530.9998908129,8784,234.9362424702,120.2648455162,134.4982303563,174.4678926498,2530.9998908129
MI_B1534,45.48552102,9.21299651,2030.4100215707,8784,158.5624424579,84.0642941162,97.7507414587,114.5743651896,2030.4100215707
MI_B1535,45.48550969,9.21901079,2002.2050594459,8784,155.6404486151,67.6979200519,99.9693435431,116.3592849707,2002.2050594459
MI_B1536,45.48549795,9.22502506,948.9133014559,8784,103.4352288121,46.3759940632,68.4965238180,83.5782034118,948.9133014559
MI_B1537,45.48548601,9.23103934,751.2732678565,8784,78.2732407233,37.3527203831,48.3975099690,61.8844756586,751.2732678565
MI_B1538,45.48547368,9.23705360,646.9706347913,8784,50.6839637098,28.4987265380,28.7266817724,40.4221002609,646.9706347913
MI_B1539,45.48546101,9.24306786,805.7643216503,8784,58.3799569273,26.0086332329,35.1391513002,37.8293476958,805.7643216503
MI_B1540,45.48544810,9.24908212,204.7151896227,8784,11.1031355277,4.6114077680,7.9978950329,11.3302320213,204.7151896227
MI_B1541,45.48543476,9.25509636,152.0430326813,8784,7.6884546168,3.3840325410,6.1044690076,7.0598968616,152.0430326813
MI_B1542,45.48542121,9.26111062,113.9227605301,8784,7.0647043582,3.1866856311,5.2240455995,7.3189725074,113.9227605301
MI_B1543,45.48540727,9.26712486,115.4309951951,8784,9.4146984552,4.6396242542,6.5706920986,9.5826038867,115.4309951951
MI_B1544,45.48539305,9.27313910,96.0842920142,8784,7.5092570391,3.7147516747,5.2678456943,7.6064486551,96.0842920142
MI_B1545,45.48537853,9.27915334,20.4140711013,8777,2.2369088262,0.9033949298,1.7270999913,2.3695286455,20.4140711013
MI_B1546,45.48536368,9.28516757,38.7212361216,8784,4.7769784633,2.5967757380,3.5262394925,4.3550002613,38.7212361216
MI_B1547,45.48534849,9.29118179,136.2561968444,8784,9.3804545491,4.5508495130,7.0374865038,7.6986220443,136.2561968444
MI_B1548,45.48533302,9.29719602,178.7220721512,8784,10.6556191141,5.1347661382,8.7317014940,9.2603661512,178.7220721512
MI_B1549,45.48531717,9.30321023,192.9671027160,8784,10.7953410275,5.2077900232,8.9534587816,9.2651183755,192.9671027160
MI_B1550,45.48530108,9.30922444,209.1219055090,8784,11.1781963364,5.2808257585,9.5627868091,9.5727434474,209.1219055090
MI_B1551,45.48994922,9.01452508,82.9910306522,8784,5.7737818920,2.5663649677,3.5930168952,3.9297787534,82.9910306522
MI_B1552,45.48994832,9.02053987,43.0466425624,8784,5.0156204093,1.9108993792,3.0053395237,3.4527902156,43.0466425624
MI_B1553,45.48994709,9.02655466,48.8461860000,8784,5.5073247024,2.2968488638,4.0361213697,4.5551827449,48.8461860000
MI_B1554,45.48994551,9.03256945,53.3236107310,8784,5.6983343093,2.4608341304,4.4005621328,4.9367680782,53.3236107310
MI_B1555,45.48994364,9.03858424,53.9695773753,8784,3.9639149773,2.0231021592,2.9578396155,3.2764143835,53.9695773753
MI_B1556,45.48994149,9.04459904,55.1312773175,8784,4.1022596463,2.5012775766,3.1303583544,3.7522905209,55.1312773175
MI_B1557,45.48993896,9.05061382,34.9528559460,8784,4.3437441548,2.3544054787,2.8733134868,4.2384755475,34.9528559460
MI_B1558,45.48993614,9.05662861,61.0652610642,8784,5.9384480665,2.8411536487,3.9333044356,5.2974339727,61.0652610642
MI_B1559,45.48993302,9.06264340,233.3150113436,8784,12.7729125612,5.2044279523,8.9003062488,10.4444843754,233.3150113436
MI_B1560,45.48992952,9.06865818,143.8408793413,8784,7.6144439116,3.1497493157,5.3800087038,6.2309810473,143.8408793413
MI_B1561,45.48992576,9.07467296,63.9992913201,8784,3.4559032987,1.5954162949,2.5633078281,2.8430712370,63.9992913201
MI_B1562,45.48992167,9.08068775,20.8237947036,8784,2.2386049112,0.9709754765,1.5298214067,1.8259346611,20.8237947036
MI_B1563,45.48991726,9.08670253,22.2934748576,8784,2.8270404897,1.3434883468,2.1570859475,2.4912995858,22.2934748576
MI_B1564,45.48991258,9.09271732,22.3910134325,8784,3.3746085854,1.9006988476,2.6159450974,2.9938180480,22.3910134325
MI_B1565,45.48990749,9.09873209,21.8326278010,8784,3.4380525716,2.0509588706,2.5495672520,2.9491785133,21.8326278010
MI_B1566,45.48990214,9.10474686,18.9664811535,8784,3.0342621321,1.7459489138,2.0058981491,2.3904842990,18.9664811535
MI_B1567,45.48989646,9.11076164,40.7011929674,8784,7.6151101631,6.5000691366,5.7502652518,6.4295438463,40.7011929674
MI_B1568,45.48989047,9.11677641,53.6071095621,8784,9.8863034206,8.1070759397,7.5812993445,8.4484243841,53.6071095621
MI_B1569,45.48988417,9.12279118,70.8838863268,8784,12.1162544269,8.3292883852,8.9574949117,9.9226396428,70.8838863268
MI_B1570,45.48987754,9.12880595,102.1503342675,8784,15.9765450980,7.8463813209,11.2829108979,12.5040991689,102.1503342675
MI_B1571,45.48987058,9.13482072,97.3522857048,8784,13.6804461460,6.9272617694,10.0201842657,11.6301336386,97.3522857048
MI_B1572,45.48986336,9.14083549,279.6884951202,8784,24.3707604970,11.7294287327,19.0373140671,21.9837166974,279.6884951202
MI_B1573,45.48985578,9.14685025,1168.1984536768,8784,78.1826560289,42.3186274155,57.1447940482,65.4519219187,1168.1984536768
MI_B1574,45.48984788,9.15286501,1018.9472402634,8784,67.1751568429,35.4812997341,49.3250389727,55.3141182676,1018.9472402634
MI_B1575,45.48983968,9.15887977,1037.0553300423,8784,79.9482223304,41.0380532037,67.7893073085,70.9424810517,1037.0553300423
MI_B1576,45.48983114,9.16489452,1308.4468759746,8784,82.2893275713,43.4792191608,54.2606643034,59.0084992588,1308.4468759746
MI_B1577,45.48982230,9.17090927,610.2680902744,8784,46.1445136278,25.4259971661,32.6257497829,35.2578803580,610.2680902744
MI_B1578,45.48981311,9.17692402,382.4837254581,8784,37.5538607864,23.8503622749,26.6932603359,33.3849848386,382.4837254581
MI_B1579,45.48980371,9.18293878,862.7373471863,8784,66.6125440811,34.1543110233,43.9902068410,60.8368700942,862.7373471863
MI_B1580,45.48979389,9.18895352,1606.8172097592,8784,109.0879521373,56.0051741969,77.9975657837,79.6982553037,1606.8172097592
MI_B1581,45.48978380,9.19496826,1222.2126405143,8784,95.5670628822,51.2488511168,71.2673328659,87.0989258354,1222.2126405143
MI_B1582,45.48977336,9.20098299,1302.2320610137,8784,113.6975583382,62.5167242478,70.6790913835,85.8416022837,1302.2320610137
MI_B1583,45.48976263,9.20699773,1049.2005163106,8784,134.0363285692,70.8926744578,82.6564429356,114.5384627233,1049.2005163106
MI_B1584,45.48975157,9.21301246,1459.0793548190,8784,122.0313278172,62.2099329591,73.2069383156,90.5828032978,1459.0793548190
MI_B1585,45.48974018,9.21902718,1542.0431419680,8784,127.3301907256,53.7394071133,70.8933014716,87.3909129006,1542.0431419680
MI_B1586,45.48972850,9.22504191,1340.1183520411,8784,113.4306877628,40.3848245897,65.2307865028,83.5698260620,1340.1183520411
MI_B1587,45.48971649,9.23105663,1109.0499206539,8784,74.0627498715,36.5833494096,46.8048299140,55.9760653982,1109.0499206539
MI_B1588,45.48970413,9.23707134,1079.0750889043,8784,63.1563517256,28.9030071815,38.2758460135,45.2744629887,1079.0750889043
MI_B1589,45.48969153,9.24308606,724.2482481683,8784,39.1388655133,20.0963824639,22.9653017558,24.9139411070,724.2482481683
MI_B1590,45.48967853,9.24910075,338.1340360939,8784,20.0817660506,10.0960560752,12.4614213605,13.7373143535,338.1340360939
MI_B1591,45.48966527,9.25511546,118.0100582109,8784,7.0262751564,3.2294688905,5.7021979636,6.4516378849,118.0100582109
MI_B1592,45.48965170,9.26113017,130.8756820470,8784,11.2721354531,5.4539827989,8.1724090981,11.0773154460,130.8756820470
MI_B1593,45.48963780,9.26714486,143.9476149556,8784,13.7825662188,6.8187203659,9.7001771805,14.6286770928,143.9476149556
MI_B1594,45.48962356,9.27315955,126.8835083466,8784,11.6639973445,5.8304170588,8.1310489284,11.6469755776,126.8835083466
MI_B1595,45.48960904,9.27917424,51.1851973269,8784,2.8128681645,1.1443161457,2.1560072060,2.9237751377,51.1851973269
MI_B1596,45.48959415,9.28518891,112.3531646930,8784,6.1325765529,2.8413626436,4.3714215063,4.7855944642,112.3531646930
MI_B1597,45.48957899,9.29120359,240.6060628182,8784,12.9107019119,6.5168828987,9.0448624914,9.4874350663,240.6060628182
MI_B1598,45.48956352,9.29721827,369.7541741724,8784,19.7710302408,10.7270428737,14.4912725873,15.1282360227,369.7541741724
MI_B1599,45.48954772,9.30323294,364.3554443844,8784,18.7494449725,10.2645721133,14.1037836129,14.6256344143,364.3554443844
MI_B1600,45.48953155,9.30924759,140.0001397153,8784,7.4694176461,3.5637143733,6.8557044883,6.9348097792,140.0001397153
MI_B1601,45.49417981,9.01452617,20.0280978637,8784,2.6338919152,1.1003501513,1.6685811280,1.8360773950,20.0280978637
MI_B1602,45.49417885,9.02054141,36.3950252357,8784,4.7787657147,1.7760588493,2.8422917950,3.2888776019,36.3950252357
MI_B1603,45.49417760,9.02655665,39.8652370157,8784,4.9667039159,1.9212131860,3.1745201205,3.6396177055,39.8652370157
MI_B1604,45.49417606,9.03257189,52.5341551820,8784,5.7114984833,2.5087175136,4.3935170440,4.9336943622,52.5341551820
MI_B1605,45.49417424,9.03858714,52.1905457713,8784,4.8155740505,2.2847543402,3.6386392737,4.2826116943,52.1905457713
MI_B1606,45.49417199,9.04460237,44.9007256220,8784,3.9936673950,2.3757802785,2.9295420941,3.5607976112,44.9007256220
MI_B1607,45.49416949,9.05061761,42.7600871795,8784,4.7599109932,2.5091300616,3.2492491877,4.0276053413,42.7600871795
MI_B1608,45.49416665,9.05663284,90.7593746041,8784,7.5047663400,3.3886221649,5.0779198330,6.3972147968,90.7593746041
MI_B1609,45.49416349,9.06264808,134.6787205412,8784,7.7251334281,3.1373091980,5.5452487487,6.7120189014,134.6787205412
MI_B1610,45.49416010,9.06866332,100.0848448073,8784,4.6321717223,1.7755877021,3.7568713682,4.4965595456,100.0848448073
MI_B1611,45.49415632,9.07467856,63.4492006423,8784,3.4685486549,1.5429766137,2.7249404706,3.1225669736,63.4492006423
MI_B1612,45.49415222,9.08069379,48.7990291908,8784,3.9827387831,2.3065164033,3.3030806399,3.7486920968,48.7990291908
MI_B1613,45.49414778,9.08670902,48.1353586773,8784,4.4625388151,3.1778420000,3.9112617037,4.4421726930,48.1353586773
MI_B1614,45.49414307,9.09272425,56.4334451921,8784,4.7301929023,3.4675713715,4.0630927400,4.5380132445,56.4334451921
MI_B1615,45.49413803,9.09873948,29.9538486601,8784,3.6226508434,2.1104080667,3.2708738224,3.8292476479,29.9538486601
MI_B1616,45.49413268,9.10475471,40.4495646968,8784,5.7422083426,3.4577456093,4.3765303995,5.1347128750,40.4495646968
MI_B1617,45.49412700,9.11076993,126.3986407896,8784,19.7017398896,11.1791104204,13.6128360983,16.1201205916,126.3986407896
MI_B1618,45.49412102,9.11678516,71.6994792357,8784,11.6570829079,8.6005891988,8.0920256716,9.7239405162,71.6994792357
MI_B1619,45.49411474,9.12280038,85.0173575564,8784,13.0631790172,7.1459302682,10.7102402134,11.7943423449,85.0173575564
MI_B1620,45.49410803,9.12881559,95.4442145661,8784,14.1003481124,6.4975647702,11.5949615407,12.9522502871,95.4442145661
MI_B1621,45.49410116,9.13483082,97.9942549802,8784,14.7614284601,5.7559758779,10.1017880250,12.5706531129,97.9942549802
MI_B1622,45.49409390,9.14084604,196.7971026480,8784,17.9864622518,8.7341111007,14.2816352813,18.1259838635,196.7971026480
MI_B1623,45.49408630,9.14686124,945.7509867576,8784,71.7989246869,30.0327890023,54.0845560060,58.3408090455,945.7509867576
MI_B1624,45.49407842,9.15287646,955.7068483232,8784,72.1389405404,28.9573476868,49.9112110323,53.4361641968,955.7068483232
MI_B1625,45.49407020,9.15889166,734.8492903208,8784,46.1373064286,22.4299798719,34.5429922579,37.4160697230,734.8492903208
MI_B1626,45.49406166,9.16490687,937.4298607122,8784,58.1376661659,29.8621362638,39.8700457937,44.5211265437,937.4298607122
MI_B1627,45.49405283,9.17092207,556.0570907437,8784,41.3473970731,22.5312554920,26.9125874414,32.8664873218,556.0570907437
MI_B1628,45.49404367,9.17693727,405.4628446909,8784,40.6359231090,24.2162452649,24.2623481354,34.3665236880,405.4628446909
MI_B1629,45.49403420,9.18295247,991.0026361799,8784,92.6784104874,51.9370981908,52.3664823708,82.4752066266,991.0026361799
MI_B1630,45.49402440,9.18896766,1219.9662133176,8784,101.7105924301,49.4650019563,67.3270772163,77.9602919527,1219.9662133176
MI_B1631,45.49401429,9.19498285,932.9411307600,8784,71.1552905948,36.3320174820,49.8025844669,61.5216573639,932.9411307600
MI_B1632,45.49400390,9.20099805,731.2546795354,8784,63.3861799789,37.6597889921,40.7777394035,44.1412924511,731.2546795354
MI_B1633,45.49399313,9.20701322,716.5029980420,8784,68.6494509005,37.7002422750,46.1579452848,52.6642343977,716.5029980420
MI_B1634,45.49398207,9.21302840,731.5006282983,8784,61.2773751888,31.6228581122,37.5078620922,42.7706581583,731.5006282983
MI_B1635,45.49397067,9.21904358,897.4421535212,8784,88.6555383805,35.8175350262,50.8741862833,62.0505850692,897.4421535212
MI_B1636,45.49395899,9.22505875,838.0522968244,8784,82.9276198212,31.1260957135,48.3522572439,61.3713364705,838.0522968244
MI_B1637,45.49394704,9.23107393,959.3985460782,8784,66.5212151997,26.9185681159,40.6554698865,49.4603666391,959.3985460782
MI_B1638,45.49393466,9.23708909,723.6938352037,8784,41.4001395578,19.6137361659,25.5435960331,29.3986827459,723.6938352037
MI_B1639,45.49392204,9.24310426,470.1817029406,8784,25.5677675229,13.0703503113,15.3403415591,16.7129843081,470.1817029406
MI_B1640,45.49390905,9.24911941,283.2392185187,8784,18.1580999322,9.1501350827,11.1523577526,12.4464858255,283.2392185187
MI_B1641,45.49389576,9.25513456,110.0852262387,8784,9.5742409744,4.4145756114,6.7306896485,8.1040428306,110.0852262387
MI_B1642,45.49388220,9.26114972,158.7989397087,8784,15.8116796781,8.2854095094,9.8576438251,16.2712539552,158.7989397087
MI_B1643,45.49386825,9.26716485,198.2360311936,8784,16.1396234592,8.2319763510,10.2717558740,16.9174657841,198.2360311936
MI_B1644,45.49385405,9.27318000,123.0205004781,8784,11.5504896685,5.7004441648,7.9882522201,12.0250610799,123.0205004781
MI_B1645,45.49383953,9.27919514,65.2510996081,8784,4.5255578343,1.9543511197,3.4443695448,4.5488330750,65.2510996081
MI_B1646,45.49382465,9.28521027,149.0454808872,8784,7.9081186936,3.7265615714,5.6217395268,5.9529808935,149.0454808872
MI_B1647,45.49380949,9.29122540,250.5477364359,8784,12.7422188951,6.4207541992,8.7809691911,9.1526940774,250.5477364359
MI_B1648,45.49379398,9.29724052,397.5019730004,8784,21.0452327441,11.2947886029,14.7205195180,15.5464142287,397.5019730004
MI_B1649,45.49377812,9.30325562,220.4238854262,8784,12.2298741286,6.3683511185,9.1621842527,9.8680414803,220.4238854262
MI_B1650,45.49376207,9.30927075,78.0718113100,8784,4.4811786564,2.0993316815,4.3366983662,4.5329821791,78.0718113100
MI_B1651,45.49841032,9.01452726,15.9823331004,8784,2.1138508241,0.9709761071,1.4061109441,1.4791572408,15.9823331004
MI_B1652,45.49840941,9.02054295,38.1840217802,8784,5.1649061252,1.9531181793,3.0672076104,3.4506544355,38.1840217802
MI_B1653,45.49840816,9.02655864,60.7662898946,8784,5.5807938101,2.2138991478,3.4734877264,3.9090928165,60.7662898946
MI_B1654,45.49840657,9.03257432,74.9893530010,8784,5.6815357464,2.5424258198,4.2016903047,4.7896126002,74.9893530010
MI_B1655,45.49840471,9.03859002,42.2899814224,8784,3.8617148547,1.8887338771,2.8702157378,3.4173690097,42.2899814224
MI_B1656,45.49840256,9.04460572,30.9143568997,8784,3.0234256308,1.9093115892,2.4161876298,2.8816097003,30.9143568997
MI_B1657,45.49840001,9.05062140,35.8878087992,8784,3.8156805017,2.4972381175,2.9862015952,3.6515697335,35.8878087992
MI_B1658,45.49839722,9.05663709,39.5726402316,8784,2.8599985751,1.3630966432,2.4823024426,3.1852615584,39.5726402316
MI_B1659,45.49839408,9.06265278,53.9297461381,8784,2.7887504307,1.0456194957,2.4775886100,3.1162282738,53.9297461381
MI_B1660,45.49839060,9.06866846,86.2546035956,8784,3.6690049137,1.3136769823,3.2456311877,3.9785624179,86.2546035956
MI_B1661,45.49838682,9.07468414,55.6996703754,8784,3.4874169559,1.8191413083,3.0203180468,3.5877454542,55.6996703754
MI_B1662,45.49838277,9.08069984,54.3247220723,8784,4.9947872982,3.9302133479,4.4309720531,4.9625621232,54.3247220723
MI_B1663,45.49837833,9.08671551,62.9442038735,8784,5.4968423239,4.2220041776,4.8947640618,5.4823637966,62.9442038735
MI_B1664,45.49837364,9.09273120,103.0102703829,8784,6.5832574923,4.5175988695,5.6858798118,6.1116974109,103.0102703829
MI_B1665,45.49836856,9.09874687,46.6070841400,8784,4.3070430133,2.5278845359,4.1130014159,4.8822195417,46.6070841400
MI_B1666,45.49836321,9.10476255,52.2231817654,8784,7.6310565746,4.6696512415,6.3467049776,7.5826042093,52.2231817654
MI_B1667,45.49835756,9.11077823,122.2225655447,8784,19.7688965840,10.8488728466,13.7962963636,16.5440025118,122.2225655447
MI_B1668,45.49835153,9.11679390,112.2079768693,8784,16.9278570639,9.1965444344,11.0581455255,14.2804157580,112.2079768693
MI_B1669,45.49834523,9.12280957,121.1942726627,8784,18.2664312285,8.9076923329,15.1483008334,16.3833596743,121.1942726627
MI_B1670,45.49833863,9.12882525,120.5326808330,8784,18.0049446757,8.5787821604,15.2727847746,16.8992439870,120.5326808330
MI_B1671,45.49833166,9.13484091,99.0312316806,8784,15.1456895544,5.7243244118,10.0394466337,12.6115427861,99.0312316806
MI_B1672,45.49832444,9.14085659,114.2644287342,8784,16.4596963176,6.7724510749,12.3447794980,16.3971864808,114.2644287342
MI_B1673,45.49831680,9.14687224,635.4881633260,8784,55.0527130723,20.4967423224,38.7870945739,41.7154762141,635.4881633260
MI_B1674,45.49830894,9.15288790,634.5851518141,8784,54.0747986603,20.6994585247,38.3626265854,42.2736859559,634.5851518141
MI_B1675,45.49830073,9.15890356,451.8056899030,8784,35.3426686245,16.8477400329,19.9672707360,22.7738732347,451.8056899030
MI_B1676,45.49829219,9.16491922,648.6011712986,8784,47.7250601485,23.6654882776,30.7788497745,34.0194763677,648.6011712986
MI_B1677,45.49828340,9.17093488,622.7209351539,8784,56.0711439764,26.1698048871,37.2580214283,46.1838630283,622.7209351539
MI_B1678,45.49827417,9.17695052,492.3496244146,8784,42.6629889682,19.8304229583,28.6530217558,39.3072794304,492.3496244146
MI_B1679,45.49826470,9.18296616,870.5930348249,8784,81.6978296719,50.1188918505,48.8414280883,76.3600874400,870.5930348249
MI_B1680,45.49825491,9.18898181,551.0568934936,8784,63.1560537474,26.1202241384,40.1735950881,64.1728400434,551.0568934936
MI_B1681,45.49824482,9.19499745,840.0274048443,8784,64.7264327031,28.7369249474,43.3386391748,50.8256260289,840.0274048443
MI_B1682,45.49823439,9.20101309,964.9903722727,8784,71.0658888862,37.5876834487,45.3866084052,48.1893384202,964.9903722727
MI_B1683,45.49822360,9.20702872,604.7411287171,8784,46.7921822148,24.0412350484,29.8115916949,33.4303158456,604.7411287171
MI_B1684,45.49821259,9.21304436,561.3952991602,8784,39.9690532619,20.5782169666,24.7757603540,27.2799343064,561.3952991602
MI_B1685,45.49820117,9.21905998,614.7195423373,8784,49.4388606693,21.6296790032,29.2255747895,34.4881973489,614.7195423373
MI_B1686,45.49818953,9.22507561,1309.9528451585,8784,85.2038882435,43.9005053947,52.7653516750,56.8453934269,1309.9528451585
MI_B1687,45.49817746,9.23109122,1294.8259691960,8784,86.7094224437,43.5182041108,55.9855784965,64.2285487680,1294.8259691960
MI_B1688,45.49816518,9.23710685,725.6026981173,8784,45.8647121089,24.8447620536,25.3537503094,32.5849386284,725.6026981173
MI_B1689,45.49815251,9.24312245,372.6533443456,8784,18.8313489332,9.6787355301,8.8106052804,10.3250550183,372.6533443456
MI_B1690,45.49813957,9.24913807,337.9410400792,8784,17.9469181011,9.0744722486,9.7925398594,11.4393510699,337.9410400792
MI_B1691,45.49812629,9.25515367,92.9729582006,8784,8.7957637637,3.7184879482,6.0944248947,7.2418008534,92.9729582006
MI_B1692,45.49811268,9.26116927,135.7036934725,8784,12.4690288971,6.2895108750,8.3622662282,14.7694315641,135.7036934725
MI_B1693,45.49809875,9.26718486,201.3444567390,8784,18.4390680306,9.6547172238,11.6111219426,18.5435639729,201.3444567390
MI_B1694,45.49808457,9.27320046,147.0579510150,8784,13.3976662038,6.7997345329,9.0369107440,12.7967075274,147.0579510150
MI_B1695,45.49806999,9.27921604,89.9426129407,8784,8.2703382694,4.0095260873,5.9659560685,7.8790224496,89.9426129407
MI_B1696,45.49805516,9.28523163,189.3154266275,8784,13.0994187939,6.0540657597,8.4561693771,9.1384326047,189.3154266275
MI_B1697,45.49803993,9.29124720,303.0484741777,8784,16.8564969138,8.4229924109,11.5794527307,12.4150328182,303.0484741777
MI_B1698,45.49802448,9.29726278,377.4313236606,8784,20.2326669600,10.3410345599,14.4116625501,15.7278043903,377.4313236606
MI_B1699,45.49800865,9.30327834,139.0251826455,8784,9.5992832767,4.2594180505,6.8687434765,7.7801576932,139.0251826455
MI_B1700,45.49799251,9.30929390,80.2167323407,8784,5.4205040620,2.3569838800,4.2285116383,4.6947908485,80.2167323407
MI_B1701,45.50264082,9.01452834,33.6749277889,8784,4.5652589795,1.8294706287,2.7710600947,3.0218376751,33.6749277889
MI_B1702,45.50263995,9.02054449,47.3841980085,8784,5.7698503773,2.2646090202,3.4594997825,3.8063228448,47.3841980085
MI_B1703,45.50263872,9.02656063,151.0770033659,8784,8.1627592121,3.6902158081,5.6352506285,6.1299214476,151.0770033659
MI_B1704,45.50263714,9.03257677,133.9268198419,8784,7.1123137116,3.4220293136,5.2475782453,5.7479742316,133.9268198419
MI_B1705,45.50263528,9.03859292,47.8659914243,8784,3.7041914686,1.8744916071,3.0053578210,3.2586929723,47.8659914243
MI_B1706,45.50263306,9.04460905,42.0421226272,8784,3.3524768741,1.7442159866,2.8598322255,3.0550836261,42.0421226272
MI_B1707,45.50263056,9.05062519,44.9093715304,8784,3.2514815956,2.3274177923,2.8249851546,3.3277387962,44.9093715304
MI_B1708,45.50262772,9.05664133,43.5691261764,8784,2.5132678071,1.0846163064,2.5379161688,2.9810460283,43.5691261764
MI_B1709,45.50262460,9.06265747,44.9541199750,8784,2.5795669245,1.1068310497,2.6017222712,3.0368177324,44.9541199750
MI_B1710,45.50262113,9.06867360,41.6231365982,8784,2.6711568850,1.2914733080,2.6227069425,3.1051371212,41.6231365982
MI_B1711,45.50261737,9.07468974,37.9033020767,8784,3.5653488937,2.9411556949,3.3335057013,3.8657530069,37.9033020767
MI_B1712,45.50261326,9.08070587,80.2023680117,8784,6.8816594443,5.0022170463,5.9345657513,6.3091024727,80.2023680117
MI_B1713,45.50260886,9.08672201,144.6228002223,8784,10.6455354796,6.7792650838,8.5709515555,9.1607789835,144.6228002223
MI_B1714,45.50260411,9.09273813,151.8729405827,8784,12.3293866611,6.8410441098,9.6058073782,10.7068812226,151.8729405827
MI_B1715,45.50259907,9.09875426,49.0848897438,8784,6.8370189615,4.6251037346,6.2978093898,7.6113470580,49.0848897438
MI_B1716,45.50259376,9.10477040,59.2354189434,8784,9.5257274685,5.9217247101,8.1854085302,9.4296473493,59.2354189434
MI_B1717,45.50258805,9.11078652,83.6639875184,8784,13.0843107179,7.4462808810,10.6489915253,11.6541632419,83.6639875184
MI_B1718,45.50258210,9.11680266,100.7473867552,8784,13.9913485568,8.8554197140,11.2110304182,13.3433502261,100.7473867552
MI_B1719,45.50257574,9.12281877,100.8604157211,8784,13.3142459796,7.2610256743,10.2442777211,12.4530595737,100.8604157211
MI_B1720,45.50256911,9.12883489,105.9868899227,8784,12.6005511803,5.4496919819,9.2343170461,11.3474389868,105.9868899227
MI_B1721,45.50256218,9.13485101,93.8504746538,8784,12.5766286988,5.3845156794,9.3778182494,11.3537624408,93.8504746538
MI_B1722,45.50255488,9.14086712,172.4859065672,8784,17.2908858238,6.7381118456,11.7075748511,13.8095604041,172.4859065672
MI_B1723,45.50254736,9.14688324,440.4844676822,8784,31.3010868320,12.8686703420,18.9356520783,20.4241513371,440.4844676822
MI_B1724,45.50253948,9.15289936,390.3238656773,8784,35.5725823335,17.6384094870,17.4380173282,19.7145472580,390.3238656773
MI_B1725,45.50253120,9.15891545,680.0555160626,8784,53.7199651434,31.3942285241,21.7189003508,25.6199699517,680.0555160626
MI_B1726,45.50252274,9.16493157,871.8683238039,8784,75.3154828757,35.0972263484,37.3524444982,43.1765189271,871.8683238039
MI_B1727,45.50251385,9.17094767,678.3848424307,8784,57.4617592646,26.1580068828,36.8186390354,43.1099537087,678.3848424307
MI_B1728,45.50250471,9.17696377,590.4796707506,8784,50.3424471974,20.5936143342,33.6775673619,43.3393109025,590.4796707506
MI_B1729,45.50249526,9.18297988,740.9682495004,8784,67.5255943792,26.0143500306,42.3668167139,63.3581606058,740.9682495004
MI_B1730,45.50248544,9.18899597,493.6035579208,8784,50.6107373777,20.9359201073,35.0909448447,49.7929359752,493.6035579208
MI_B1731,45.50247534,9.19501206,600.2869285142,8784,52.4998615460,22.7942067556,33.9713057566,40.5046954134,600.2869285142
MI_B1732,45.50246488,9.20102814,578.9631516563,8784,47.2932410726,22.8455573838,32.4922517029,35.4671917952,578.9631516563
MI_B1733,45.50245417,9.20704424,429.1343767468,8784,30.9987250798,16.7075301039,23.8325161616,25.4141484110,429.1343767468
MI_B1734,45.50244310,9.21306032,532.5966414358,8784,34.9692584815,18.1517080826,25.5265446789,27.6903272320,532.5966414358
MI_B1735,45.50243170,9.21907639,666.4148210529,8784,37.5177140374,15.3552609548,24.3092810949,28.4204049267,666.4148210529
MI_B1736,45.50242001,9.22509247,907.1147390294,8784,61.5503220247,31.8531398970,39.4424274374,44.1798883120,907.1147390294
MI_B1737,45.50240800,9.23110854,774.3211505268,8784,52.5234313734,26.2548180636,32.6699146054,36.5436184030,774.3211505268
MI_B1738,45.50239565,9.23712460,736.3669781872,8784,50.1633642631,21.3477294191,30.3348444800,36.7480093012,736.3669781872
MI_B1739,45.50238302,9.24314067,495.0304305592,8784,33.4898593943,15.1694039302,19.6131618254,25.5926948212,495.0304305592
MI_B1740,45.50237007,9.24915673,308.7615669928,8784,17.8106025521,8.0317635956,11.4732603524,15.1899295236,308.7615669928
MI_B1741,45.50235674,9.25517277,170.1533755056,8784,12.2858245912,5.4018074495,8.2862284114,13.2450171079,170.1533755056
MI_B1742,45.50234323,9.26118884,127.9664215420,8784,12.6702613486,5.4609283863,8.6402797617,13.4199839770,127.9664215420
MI_B1743,45.50232927,9.26720488,228.1676405614,8784,31.9788746069,15.1401685689,23.0005347853,24.4614826846,228.1676405614
MI_B1744,45.50231500,9.27322091,121.6956758120,8784,17.6740035069,8.4539404039,12.9125174221,12.3321397730,121.6956758120
MI_B1745,45.50230051,9.27923696,73.5736177263,8784,5.9939767118,2.8166365967,4.1555919815,4.4864367405,73.5736177263
MI_B1746,45.50228560,9.28525298,168.1092371817,8784,11.5959251601,5.6766136509,7.8681724470,8.2598123586,168.1092371817
MI_B1747,45.50227041,9.29126901,291.1234248376,8784,16.7109917961,8.5319291159,11.8010284026,12.5962164662,291.1234248376
MI_B1748,45.50225492,9.29728503,337.8223553699,8784,18.4468227552,8.8536110008,12.9217520082,13.8941699908,337.8223553699
MI_B1749,45.50223914,9.30330106,119.8752438647,8784,8.8700379414,3.3171643219,6.1425937291,6.6894576895,119.8752438647
MI_B1750,45.50222298,9.30931707,81.2670850154,8784,5.2171917956,2.2355467693,3.8090178286,4.2592696727,81.2670850154
MI_B1751,45.50687138,9.01452943,60.9559536050,8784,5.7222382563,2.2823854189,3.6026701617,3.8578302547,60.9559536050
MI_B1752,45.50687048,9.02054603,165.8447943054,8784,8.4743334549,3.9008090004,5.9711748199,6.4727037875,165.8447943054
MI_B1753,45.50686923,9.02656262,207.6357539901,8784,9.3725306285,4.4603502024,6.8741446404,7.4373065154,207.6357539901
MI_B1754,45.50686767,9.03257921,102.3048289633,8784,5.9319162157,2.8789704465,4.5556389337,4.8917681961,102.3048289633
MI_B1755,45.50686578,9.03859580,63.4509603424,8784,4.2676837464,2.0770186849,3.5569309004,3.6861963140,63.4509603424
MI_B1756,45.50686356,9.04461238,69.7778721819,8784,4.3331795555,2.0907495838,3.6095907415,3.7828041031,69.7778721819
MI_B1757,45.50686111,9.05062899,82.8577859115,8784,3.7121780846,1.6280118093,3.0856564223,3.4519509689,82.8577859115
MI_B1758,45.50685826,9.05664557,67.9531526141,8784,2.3917259000,0.9320987874,2.2276588172,2.5440061320,67.9531526141
MI_B1759,45.50685513,9.06266216,51.2937920454,8784,3.6544090814,1.7964942286,3.4231528960,3.7650720146,51.2937920454
MI_B1760,45.50685166,9.06867875,40.2718342327,8784,3.5836534884,2.7667872195,3.3304693652,3.8506202484,40.2718342327
MI_B1761,45.50684786,9.07469533,39.0461691019,8784,3.8010403186,3.3006910827,3.5013158479,4.0664821941,39.0461691019
MI_B1762,45.50684380,9.08071192,166.9981762390,8784,12.0068798295,9.3154392714,9.2903984451,9.9050298722,166.9981762390
MI_B1763,45.50683942,9.08672851,319.9695008826,8784,20.2381725778,11.1214443038,13.8310696378,14.6509768840,319.9695008826
MI_B1764,45.50683465,9.09274508,263.1769607700,8784,18.5077598812,7.9685202696,12.7005513998,14.2409494050,263.1769607700
MI_B1765,45.50682964,9.09876167,185.9783268401,8784,14.8254353693,5.5644171991,11.2575245286,13.2511770932,185.9783268401
MI_B1766,45.50682423,9.10477824,115.6094516125,8784,10.5952034351,6.3856331522,9.6889163320,10.9918945153,115.6094516125
MI_B1767,45.50681860,9.11079483,94.9791724947,8784,12.2666142283,7.4556667747,9.9851080461,10.7155693656,94.9791724947
MI_B1768,45.50681255,9.11681139,97.8490232247,8784,12.0446431066,7.0690490212,9.5496514864,11.0255299710,97.8490232247
MI_B1769,45.50680626,9.12282797,197.5968910687,8784,15.3766736708,7.7980237316,11.9776947889,13.8268280580,197.5968910687
MI_B1770,45.50679963,9.12884454,353.3737475758,8784,21.9331665715,9.8717236549,16.3056123622,18.2150197596,353.3737475758
MI_B1771,45.50679272,9.13486112,367.3842235891,8784,29.7498171855,12.3074589111,21.0410087207,24.4008493204,367.3842235891
MI_B1772,45.50678544,9.14087768,359.1412595519,8784,23.6646307114,8.9550904677,15.2914676499,16.9910687132,359.1412595519
MI_B1773,45.50677787,9.14689424,407.1561299711,8784,23.6602030615,9.6638034696,14.7412059759,16.4717335093,407.1561299711
MI_B1774,45.50676996,9.15291080,226.9523613483,8784,16.5700136019,8.1678343110,8.3223580719,9.4932122823,226.9523613483
MI_B1775,45.50676175,9.15892736,216.3354608928,8784,15.4600915974,8.4446586143,7.0792634530,10.6989577919,216.3354608928
MI_B1776,45.50675320,9.16494392,510.4209696284,8784,35.3918913534,18.4634912132,15.8441231899,20.8720250665,510.4209696284
MI_B1777,45.50674438,9.17096048,408.7258335376,8784,24.4492675870,11.6673669974,15.4480715515,20.9065914483,408.7258335376
MI_B1778,45.50673522,9.17697703,610.6914307860,8784,47.8307015110,18.3139842849,32.6040721520,38.5835490033,610.6914307860
MI_B1779,45.50672572,9.18299357,463.2486413613,8784,43.3502298901,17.6153605418,31.8053178636,44.1076719994,463.2486413613
MI_B1780,45.50671593,9.18901012,506.0060752656,8784,58.3040259554,23.6862984563,46.6621165100,58.8343862740,506.0060752656
MI_B1781,45.50670581,9.19502666,572.7463693658,8784,43.1198381292,20.7773993779,26.7142569104,31.5551044445,572.7463693658
MI_B1782,45.50669541,9.20104321,1293.8172061256,8784,86.3002718421,42.1118104709,52.3380488341,56.3342344832,1293.8172061256
MI_B1783,45.50668461,9.20705973,925.1782901255,8784,47.8887042803,25.9424947483,36.6556148175,39.5079075641,925.1782901255
MI_B1784,45.50667357,9.21307627,510.9551192298,8784,32.6550195737,19.2808801451,23.5067305362,29.1937434505,510.9551192298
MI_B1785,45.50666219,9.21909280,373.6848455358,8784,26.3169869512,14.1318888861,19.4704690978,22.0040062584,373.6848455358
MI_B1786,45.50665051,9.22510933,519.6093652898,8784,38.1921790192,20.8912975462,25.2540223620,27.7725139207,519.6093652898
MI_B1787,45.50663850,9.23112585,471.8501047457,8784,33.3358376091,14.0303234140,17.7606171109,20.4496073607,471.8501047457
MI_B1788,45.50662615,9.23714236,471.6594051469,8784,40.3175444776,19.7556775535,25.1991915259,32.1205370582,471.6594051469
MI_B1789,45.50661351,9.24315888,425.8137809920,8784,34.6313884169,16.9270266017,21.2921223904,30.7131531460,425.8137809920
MI_B1790,45.50660054,9.24917539,296.0938866876,8784,19.0294801882,8.6920972392,12.0711445670,18.2770209830,296.0938866876
MI_B1791,45.50658726,9.25519189,216.3432088812,8784,14.6664347652,6.5341884452,9.9924240738,16.1906271301,216.3432088812
MI_B1792,45.50657364,9.26120839,167.3039539601,8784,14.3685440602,6.3056531022,9.3228990729,15.7295955510,167.3039539601
MI_B1793,45.50655975,9.26722489,318.8679945920,8784,29.3021292379,14.0751586764,20.1148826695,33.4789983094,318.8679945920
MI_B1794,45.50654550,9.27324138,109.0194864633,8784,10.1558657646,4.7083750162,6.9931997553,6.8700574603,109.0194864633
MI_B1795,45.50653095,9.27925787,150.2538647735,8784,7.5377573395,3.6293914968,5.1232799109,4.9733731690,150.2538647735
MI_B1796,45.50651612,9.28527436,143.5567937677,8784,9.6917659198,5.3478775591,7.3027823757,7.1587290291,143.5567937677
MI_B1797,45.50650094,9.29129084,143.1978163454,8784,10.2197134861,5.4526673876,7.4821905886,7.4849617137,143.1978163454
MI_B1798,45.50648541,9.29730731,142.7366130085,8784,10.8405442479,4.1128840562,7.3143585017,7.7920419070,142.7366130085
MI_B1799,45.50646961,9.30332378,141.3342523580,8784,10.6385644464,3.8686369714,7.1817438366,7.6484990591,141.3342523580
MI_B1800,45.50645346,9.30934024,103.1566760708,8784,7.4213287536,2.8918178663,5.1895942977,5.5386337418,103.1566760708
MI_B1801,45.51110194,9.01453053,104.1313779891,8784,6.1557571509,3.0609035406,4.2304955760,4.3899133126,104.1313779891
MI_B1802,45.51110097,9.02054756,156.2755231786,8784,7.7635995119,3.8888817217,5.4311606920,5.7420775015,156.2755231786
MI_B1803,45.51109974,9.02656461,207.5208827416,8784,11.6804677267,7.3304518969,7.9574764839,8.3112258106,207.5208827416
MI_B1804,45.51109821,9.03258165,96.2517421862,8784,6.7925206019,4.1536975151,4.9862469651,5.1459372253,96.2517421862
MI_B1805,45.51109633,9.03859870,88.4291482818,8784,5.6543013496,2.9575609697,4.4456051913,4.4898395162,88.4291482818
MI_B1806,45.51109411,9.04461573,130.5397838203,8784,7.3163865522,3.7747492843,5.5130721117,5.5723657187,130.5397838203
MI_B1807,45.51109163,9.05063278,91.9819177334,8784,3.9631361569,1.7467701276,3.2438518466,3.6041379664,91.9819177334
MI_B1808,45.51108878,9.05664981,93.7209090101,8784,2.6920327269,1.0096501647,2.3433498457,2.7870189611,93.7209090101
MI_B1809,45.51108564,9.06266685,124.7020105603,8784,8.0679422697,3.5108433041,6.9155550194,7.2832755490,124.7020105603
MI_B1810,45.51108218,9.06868389,93.7710827608,8784,6.5341875124,2.9427969817,5.5217731868,6.0210971648,93.7710827608
MI_B1811,45.51107843,9.07470093,92.5542460011,8784,6.5341693930,3.2867048356,5.7997025421,6.3604243976,92.5542460011
MI_B1812,45.51107429,9.08071796,226.3088721636,8784,18.3140583595,11.5500022341,13.8676486711,15.1031106666,226.3088721636
MI_B1813,45.51106991,9.08673500,313.5150197692,8784,23.1454946247,13.4021310815,17.3770218185,18.6284204382,313.5150197692
MI_B1814,45.51106516,9.09275203,284.3707204405,8784,23.7089849780,13.5224500360,18.7890857710,20.0957088014,284.3707204405
MI_B1815,45.51106013,9.09876906,144.5495771402,8784,13.1099536350,7.6976270506,11.5537127351,12.9931304625,144.5495771402
MI_B1816,45.51105474,9.10478609,75.7191714098,8784,6.7583926319,3.8030295765,5.8243744983,6.5234812726,75.7191714098
MI_B1817,45.51104911,9.11080312,70.4935998550,8784,7.1623946882,4.4424157478,5.3871079287,5.8149103432,70.4935998550
MI_B1818,45.51104312,9.11682015,116.7100427891,8784,10.0618450901,4.7152375385,8.2279070184,8.7534995411,116.7100427891
MI_B1819,45.51103680,9.12283717,209.0747167759,8784,15.0522604937,6.0337643332,12.6638794603,13.4762001961,209.0747167759
MI_B1820,45.51103016,9.12885419,510.9981589549,8784,46.8322947480,17.7465885791,33.4441780524,37.6680519122,510.9981589549
MI_B1821,45.51102320,9.13487121,419.2891538644,8784,33.1877975999,15.0750989791,23.3680826585,25.3212839181,419.2891538644
MI_B1822,45.51101597,9.14088824,420.9948436463,8784,32.7658312403,12.9351647778,23.5004881108,25.1975763057,420.9948436463
MI_B1823,45.51100836,9.14690525,195.3187563247,8784,12.9485593948,5.5651322191,8.4887542396,9.0248758960,195.3187563247
MI_B1824,45.51100048,9.15292226,127.3130255078,8784,9.4655306022,4.3008789108,5.8031801580,6.3196071478,127.3130255078
MI_B1825,45.51099229,9.15893928,193.7635494814,8784,9.3221996643,4.9368201713,5.5523511802,8.1270515760,193.7635494814
MI_B1826,45.51098375,9.16495628,122.7560346213,8784,6.0644660571,2.8583892703,4.3987219834,9.0733937248,122.7560346213
MI_B1827,45.51097489,9.17097328,465.3410259749,8784,21.0316365831,9.4470280609,14.4761938004,20.8733391654,465.3410259749
MI_B1828,45.51096568,9.17699028,394.0696779412,8784,32.8779928310,17.2640290628,22.5872777042,30.5675535934,394.0696779412
MI_B1829,45.51095627,9.18300729,306.2804584799,8784,27.9017597622,12.6186111920,24.0093239078,30.0722959792,306.2804584799
MI_B1830,45.51094642,9.18902428,231.9573616972,8784,24.1660771490,10.1725068296,23.0221045584,35.1569370334,231.9573616972
MI_B1831,45.51093635,9.19504128,162.4797785336,8784,22.8178975117,8.5759611712,16.8162154695,26.7269273247,162.4797785336
MI_B1832,45.51092590,9.20105827,439.9832349036,8784,46.3553576804,21.1064073940,30.7178157362,41.4882432327,439.9832349036
MI_B1833,45.51091515,9.20707525,312.3946747266,8784,33.9102308068,18.3089191567,21.4640490127,34.1285849153,312.3946747266
MI_B1834,45.51090408,9.21309223,311.3148185312,8784,28.3090600643,17.8660462898,17.9848829590,29.4333898269,311.3148185312
MI_B1835,45.51089269,9.21910921,510.4670316856,8784,34.2045738865,20.3536694405,20.9276758157,24.0102133903,510.4670316856
MI_B1836,45.51088102,9.22512619,906.7850168248,8784,58.7193854220,27.4472248278,36.1999446431,43.0984976041,906.7850168248
MI_B1837,45.51086896,9.23114316,227.6629071021,8784,21.3111209056,8.2609512475,11.7452630334,15.7951285795,227.6629071021
MI_B1838,45.51085665,9.23716013,145.2232563963,8784,17.4567983303,7.4178621617,11.3364865716,17.1439409901,145.2232563963
MI_B1839,45.51084400,9.24317709,151.5611978608,8784,18.3763881658,9.3049221424,10.9414794558,18.9306866580,151.5611978608
MI_B1840,45.51083100,9.24919405,185.5149421197,8784,18.6383488489,9.7533508086,11.9366147961,18.0127958303,185.5149421197
MI_B1841,45.51081776,9.25521101,109.9640557054,8784,11.6935253689,4.4417448094,7.8047601939,10.0154014342,109.9640557054
MI_B1842,45.51080415,9.26122796,263.9396569751,8784,25.3385164124,10.5356097455,16.8270568941,19.7082450488,263.9396569751
MI_B1843,45.51079025,9.26724491,186.1749269898,8784,14.0421339592,6.8616539859,8.9957308233,11.7540853419,186.1749269898
MI_B1844,45.51077599,9.27326185,164.7127319192,8784,10.0537698604,5.3735068005,6.6698894043,7.9134703034,164.7127319192
MI_B1845,45.51076146,9.27927879,305.5173408369,8784,18.4987262981,32.1590572511,13.4033842027,13.8269710396,305.5173408369
MI_B1846,45.51074656,9.28529572,255.3558422125,8784,17.4160853935,28.9452821119,12.9300655932,13.2158452221,255.3558422125
MI_B1847,45.51073137,9.29131265,221.5705650368,8784,13.1590595451,8.0366898830,8.8107056317,8.9559105099,221.5705650368
MI_B1848,45.51071586,9.29732957,114.6362025071,8784,10.2625515458,6.0466852868,7.1288528524,7.4150097449,114.6362025071
MI_B1849,45.51070004,9.30334649,101.7219621851,8784,8.3828101941,3.7090749561,5.8314422686,6.0570535794,101.7219621851
MI_B1850,45.51068392,9.30936341,93.5738911614,8784,7.0447057041,3.3611906728,4.9625193821,5.1766992786,93.5738911614
MI_B1851,45.51533241,9.01453160,99.6431012602,8784,5.7586357127,3.2096378201,3.7746064944,3.9021064184,99.6431012602
MI_B1852,45.51533154,9.02054911,125.7688089081,8784,6.9869320440,3.6575003998,4.7257669898,4.9238456672,125.7688089081
MI_B1853,45.51533029,9.02656660,152.1518664333,8784,9.4734907534,6.0257721802,6.1859167806,6.3370221534,152.1518664333
MI_B1854,45.51532867,9.03258408,129.3976691522,8784,8.9211205947,5.7552214761,6.2972660581,6.2279037122,129.3976691522
MI_B1855,45.51532685,9.03860159,101.8138908277,8784,6.9816335446,4.0079839016,5.2097549834,5.1491731070,101.8138908277
MI_B1856,45.51532468,9.04461908,169.2706752075,8784,10.0253848019,4.7577858934,6.8288698076,6.9216940675,169.2706752075
MI_B1857,45.51532213,9.05063657,145.2323825176,8784,7.6658562478,3.2056151009,5.1450480048,5.4192614299,145.2323825176
MI_B1858,45.51531930,9.05665406,121.2800963150,8784,5.1843932961,1.9777490908,4.1636031020,4.4884668236,121.2800963150
MI_B1859,45.51531616,9.06267155,187.3220548653,8784,10.7135657022,4.4428037642,8.8190679300,9.2980728355,187.3220548653
MI_B1860,45.51531272,9.06868904,104.3930203070,8784,7.8982477187,3.4458285222,6.0279809740,6.4931511927,104.3930203070
MI_B1861,45.51530892,9.07470653,130.1664017035,8784,10.5145768140,4.4951304841,8.5450482480,9.5811043724,130.1664017035
MI_B1862,45.51530485,9.08072402,502.3060150185,8784,36.6659967422,14.7495680030,26.6439706902,29.8923287065,502.3060150185
MI_B1863,45.51530044,9.08674150,301.2526247514,8784,24.8662765685,12.4693203799,19.2604401951,20.5291938384,301.2526247514
MI_B1864,45.51529572,9.09275899,101.4341600340,8784,6.8963920384,3.6250450871,7.2784320665,7.8057597218,101.4341600340
MI_B1865,45.51529066,9.09877647,49.6191728253,8784,4.6146492273,2.5503999395,4.8132203609,5.2452140222,49.6191728253
MI_B1866,45.51528530,9.10479395,51.7799523237,8784,4.6502655790,2.3487271604,4.7074515536,5.2253870835,51.7799523237
MI_B1867,45.51527961,9.11081142,63.0624465357,8784,5.2362730813,2.1594568780,4.7028224823,5.4298642931,63.0624465357
MI_B1868,45.51527359,9.11682890,155.8932828871,8784,12.2707411440,4.9126370669,10.7104064560,11.5940587891,155.8932828871
MI_B1869,45.51526730,9.12284637,187.4156801860,8784,14.6372209452,5.8732771256,12.4985624786,13.2207025357,187.4156801860
MI_B1870,45.51526070,9.12886385,344.0292018555,8784,27.0335960753,13.7169227274,19.7011707635,21.3989752472,344.0292018555
MI_B1871,45.51525372,9.13488132,398.3494816582,8784,33.9047448895,15.2328081379,23.9457845496,26.1057358311,398.3494816582
MI_B1872,45.51524648,9.14089879,484.7034162199,8784,54.7540763161,21.4881124814,42.3388576956,46.0757046030,484.7034162199
MI_B1873,45.51523887,9.14691625,260.3318596289,8784,30.3495167045,12.5191670619,23.1795328715,24.9391725180,260.3318596289
MI_B1874,45.51523100,9.15293372,191.1204027177,8784,14.5881643235,6.5085601433,9.4233957746,9.5390112269,191.1204027177
MI_B1875,45.51522275,9.15895117,210.0926281282,8784,11.7278809110,5.9117649302,6.9127543672,10.7142877556,210.0926281282
MI_B1876,45.51521425,9.16496864,231.8830835210,8784,13.2566129738,6.6299531026,8.3449094869,14.0485363226,231.8830835210
MI_B1877,45.51520537,9.17098609,555.8667635395,8784,28.5882168687,14.3915274560,17.0904459545,23.4707534699,555.8667635395
MI_B1878,45.51519625,9.17700355,337.4907500778,8784,13.4054512461,8.2721077730,8.8181086325,17.5168970467,337.4907500778
MI_B1879,45.51518675,9.18302100,200.2171713110,8784,12.0798175078,7.3789499949,8.8129891664,13.1921156745,200.2171713110
MI_B1880,45.51517695,9.18903845,231.8533431907,8784,20.9338702258,9.8928621816,15.3059684495,27.5594721549,231.8533431907
MI_B1881,45.51516681,9.19505588,222.6725804400,8784,22.7974609665,9.8738741100,16.2391152965,25.9720403896,222.6725804400
MI_B1882,45.51515639,9.20107333,148.7937974478,8784,12.1078441224,5.4291579809,7.8532868601,14.4376013533,148.7937974478
MI_B1883,45.51514567,9.20709077,438.8034160630,8784,42.2971915529,28.4707625487,20.6178939360,36.4016865993,438.8034160630
MI_B1884,45.51513459,9.21310820,708.1526194519,8784,62.9362950084,48.3245756706,23.6223628513,39.3744666066,708.1526194519
MI_B1885,45.51512315,9.21912562,661.6302356392,8784,44.1068267279,35.7944769174,22.7022574663,26.4330605530,661.6302356392
MI_B1886,45.51511151,9.22514306,671.3339495055,8784,44.9560005900,25.8477836810,25.9517220918,33.0050896890,671.3339495055
MI_B1887,45.51509946,9.23116048,225.2906588073,8784,15.1117647417,6.6712865882,11.3887879416,14.2528150777,225.2906588073
MI_B1888,45.51508715,9.23717790,119.1006817278,8784,10.3248417327,4.6217869327,8.4606682787,12.0980758365,119.1006817278
MI_B1889,45.51507450,9.24319532,143.7399040101,8784,15.6427060201,9.2735974054,11.3653387576,13.5872296080,143.7399040101
MI_B1890,45.51506154,9.24921273,158.8615826978,8784,16.6919366941,9.7871673751,12.0089347482,14.5547923275,158.8615826978
MI_B1891,45.51504823,9.25523013,130.0373934179,8784,13.5496113467,7.3660109409,10.3334735728,12.5073409281,130.0373934179
MI_B1892,45.51503460,9.26124753,144.8159324417,8784,13.7417815456,6.6065637680,9.7686271570,12.3271473920,144.8159324417
MI_B1893,45.51502068,9.26726493,141.5146881715,8784,15.6771265689,6.3835372025,8.1393432044,8.9493830810,141.5146881715
MI_B1894,45.51500648,9.27328233,228.2870311671,8784,14.2170946618,9.9725932479,8.6948754719,9.1363612941,228.2870311671
MI_B1895,45.51499190,9.27929971,497.5725535316,8784,32.3486582064,72.0272232187,23.6396287399,24.9158081747,497.5725535316
MI_B1896,45.51497702,9.28531710,519.7102392283,8784,34.4531183440,54.5630394316,24.5329273221,25.7859729049,519.7102392283
MI_B1897,45.51496185,9.29133448,304.7020217705,8784,19.9958757817,11.7492853762,13.0977521396,13.6392326610,304.7020217705
MI_B1898,45.51494635,9.29735186,99.7755015943,8784,8.2801097168,5.6494069815,5.4607191811,5.7413521804,99.7755015943
MI_B1899,45.51493053,9.30336922,95.9794076898,8784,7.3090338145,5.1864676100,4.7288179304,4.9533056275,95.9794076898
MI_B1900,45.51491435,9.30938658,100.3566480371,8784,7.3569604238,4.5280671884,4.8061442576,5.0991163546,100.3566480371
MI_B1901,45.51956294,9.01453270,82.2478587063,8784,5.3404872437,3.0188768294,3.3813663927,3.5254391774,82.2478587063
MI_B1902,45.51956205,9.02055065,116.3178863921,8784,7.1046787524,3.7599010247,4.6558944548,4.7402279129,116.3178863921
MI_B1903,45.51956080,9.02656859,164.7745632604,8784,8.6626024291,4.8004869733,5.7203501850,5.8133600069,164.7745632604
MI_B1904,45.51955924,9.03258653,172.9953907956,8784,8.8610506706,4.8577592365,5.9926597116,6.0528457555,172.9953907956
MI_B1905,45.51955734,9.03860447,143.1770571711,8784,10.6656939182,6.0756728446,7.0232556756,7.5100855375,143.1770571711
MI_B1906,45.51955515,9.04462242,142.4779625603,8784,12.1604326683,5.6601781148,7.3976899636,8.3205986276,142.4779625603
MI_B1907,45.51955267,9.05064037,225.7222658757,8784,12.5580061970,5.7134316533,8.2633276073,8.8835383117,225.7222658757
MI_B1908,45.51954988,9.05665831,96.5779996568,8784,4.6165108176,1.7956854970,3.2400812236,3.5025746133,96.5779996568
MI_B1909,45.51954670,9.06267625,113.6578919177,8784,6.4946002144,2.6441056664,5.0488357101,5.4055697016,113.6578919177
MI_B1910,45.51954323,9.06869419,106.2270942896,8784,6.7212615405,2.8206854293,5.5270434810,6.0439854907,106.2270942896
MI_B1911,45.51953946,9.07471213,215.3529522910,8730,19.3262482386,8.5820297944,17.6484670372,17.5501121047,215.3529522910
MI_B1912,45.51953537,9.08073007,399.6745357332,8764,41.9490089849,18.1946381143,28.7452718654,28.7325831731,399.6745357332
MI_B1913,45.51953094,9.08674800,303.3397981332,8760,31.2664101657,13.1828574251,21.5303603675,21.6832754424,303.3397981332
MI_B1914,45.51952621,9.09276593,79.6169597422,8628,5.8076068850,3.0529780372,5.8266899420,6.4720142351,79.6169597422
MI_B1915,45.51952119,9.09878387,109.7892920064,8784,7.2781540744,3.0564209934,6.5166030979,7.7196529560,109.7892920064
MI_B1916,45.51951580,9.10480180,109.7863930346,8784,7.6480258355,2.9072711795,6.7705878826,7.9432103296,109.7863930346
MI_B1917,45.51951016,9.11081973,122.4556250833,8784,9.5308140292,3.4313875809,8.5339942776,9.8444738380,122.4556250833
MI_B1918,45.51950417,9.11683766,223.2344794440,8784,19.5827182629,7.5321824929,16.7415970095,18.9300603166,223.2344794440
MI_B1919,45.51949779,9.12285558,250.7311261874,8784,24.6903295052,10.0158306480,19.6495816946,20.8642580387,250.7311261874
MI_B1920,45.51949118,9.12887350,349.9973908075,8784,30.4943240922,13.2299459644,21.9580820984,24.0167718055,349.9973908075
MI_B1921,45.51948422,9.13489142,287.6436088743,8784,25.1188064268,11.3682685014,16.8745911001,18.8567389717,287.6436088743
MI_B1922,45.51947695,9.14090934,329.8498491374,8784,35.6510042846,14.5086149766,25.5702927600,28.0446770842,329.8498491374
MI_B1923,45.51946937,9.14692726,364.4139239324,8784,31.6448475356,12.5599609165,26.0751202987,27.0491177643,364.4139239324
MI_B1924,45.51946150,9.15294518,300.6545801318,8784,26.1789805864,10.2060126193,21.1112169769,21.0809869655,300.6545801318
MI_B1925,45.51945328,9.15896309,188.0414566014,8784,13.6774761743,6.4292486201,8.0245162260,9.1227035785,188.0414566014
MI_B1926,45.51944474,9.16498100,411.4575420189,8784,22.5421745943,11.7461561087,14.1915114638,19.4963033993,411.4575420189
MI_B1927,45.51943593,9.17099891,533.6445185353,8784,26.8352834360,14.1825594601,17.7048467371,25.5570200791,533.6445185353
MI_B1928,45.51942672,9.17701681,581.5555796844,8784,22.6210607254,15.5244046449,15.6572103192,22.0939269315,581.5555796844
MI_B1929,45.51941723,9.18303471,304.1786553907,8784,14.6634360758,10.2023093205,9.4988484583,15.6303971015,304.1786553907
MI_B1930,45.51940747,9.18905262,128.0701823288,8784,14.5742790881,8.6434059301,10.9746796066,15.0062561594,128.0701823288
MI_B1931,45.51939734,9.19507051,228.5900000289,8784,19.9546909018,9.9208644682,13.9610078993,20.1569014524,228.5900000289
MI_B1932,45.51938686,9.20108839,192.9628206410,8784,15.5481112674,7.4510634792,10.8358359410,17.0811418410,192.9628206410
MI_B1933,45.51937613,9.20710628,324.0027129474,8784,24.1845960220,12.3241822620,16.8462686308,25.0529671258,324.0027129474
MI_B1934,45.51936508,9.21312417,732.5288934355,8784,64.0260880604,58.5217959160,38.1627324482,57.0766046477,732.5288934355
MI_B1935,45.51935368,9.21914205,689.4515761803,8784,39.6428132054,32.4259633669,23.8379420497,27.2597084188,689.4515761803
MI_B1936,45.51934198,9.22515993,402.8636945458,8784,35.4299921029,18.3638777334,23.8591913233,29.1840420063,402.8636945458
MI_B1937,45.51932998,9.23117781,339.4184141745,8784,21.0442711119,10.8698433950,14.7977777992,18.6515904001,339.4184141745
MI_B1938,45.51931759,9.23719567,180.3717000330,8784,11.9807568759,5.8502575168,8.6503770124,11.2144999694,180.3717000330
MI_B1939,45.51930497,9.24321354,93.3218002340,8784,9.3304581994,4.8914013415,6.6682223188,8.2176616016,93.3218002340
MI_B1940,45.51929201,9.24923140,116.7581059511,8784,13.3742031360,8.3443294853,8.8589352641,9.8598843660,116.7581059511
MI_B1941,45.51927869,9.25524925,178.9706769330,8784,16.3371585241,9.1022254662,11.4072046753,12.6281542871,178.9706769330
MI_B1942,45.51926513,9.26126712,210.7248536276,8784,30.1425227745,9.5425802204,13.0280789617,14.0822491388,210.7248536276
MI_B1943,45.51925115,9.26728495,218.4249215657,8784,51.9086034905,11.6051412394,14.3078023889,14.8002399638,218.4249215657
MI_B1944,45.51923693,9.27330280,252.2195681299,8784,39.1282226266,10.3049715233,11.5760275717,12.5449820502,252.2195681299
MI_B1945,45.51922243,9.27932065,309.6236508102,8784,19.6477536581,11.7827009760,12.1395729703,12.9947266188,309.6236508102
MI_B1946,45.51920747,9.28533847,382.0049860282,8784,24.9564928321,14.7195408298,16.6563513009,17.1650705487,382.0049860282
MI_B1947,45.51919233,9.29135631,189.8394439796,8784,16.2256468659,9.8056876103,11.0827115267,11.5614418927,189.8394439796
MI_B1948,45.51917684,9.29737414,116.9093704479,8784,7.3440981553,5.2958845235,4.5498625332,4.7236514211,116.9093704479
MI_B1949,45.51916099,9.30339196,98.6043681905,8784,7.1426049051,5.3053571172,4.5700478367,4.8217499841,98.6043681905
MI_B1950,45.51914485,9.30940977,133.0018062625,8784,8.1990863193,5.5790964195,4.6896293355,4.9752798196,133.0018062625
MI_B1951,45.52379348,9.01453379,113.1298079094,8784,10.5745644770,5.2936356194,7.0057614116,7.1849179880,113.1298079094
MI_B1952,45.52379252,9.02055218,158.8238075735,8784,12.1614844165,6.2542554643,8.2723159284,8.3627238320,158.8238075735
MI_B1953,45.52379132,9.02657058,178.8962363779,8784,8.9319416214,4.8112121425,5.8300292366,5.9554491074,178.8962363779
MI_B1954,45.52378976,9.03258898,188.9124001808,8784,11.3542107764,6.4598021650,6.9882448401,7.3407548080,188.9124001808
MI_B1955,45.52378788,9.03860737,191.3564075947,8784,13.7138098647,7.9674221665,7.9775605677,8.6584049840,191.3564075947
MI_B1956,45.52378569,9.04462577,185.3451239398,8784,16.1965146960,7.9785328686,10.1064698510,11.9296012109,185.3451239398
MI_B1957,45.52378316,9.05064416,248.2555561400,8784,14.9216415740,21.5045264239,9.7386335390,11.0178934034,248.2555561400
MI_B1958,45.52378033,9.05666255,222.4226994397,8784,12.3505513987,6.5220168503,8.4596636226,9.6981963537,222.4226994397
MI_B1959,45.52377718,9.06268094,127.0372147991,8784,6.4860695524,2.8036252624,5.4721511690,6.0614859639,127.0372147991
MI_B1960,45.52377371,9.06869933,140.0624060811,8784,7.3125144308,3.4551060348,6.6756260328,7.2265714845,140.0624060811
MI_B1961,45.52376996,9.07471772,143.7537326282,8784,11.6811294695,5.4646006817,10.9526479633,11.6602757882,143.7537326282
MI_B1962,45.52376587,9.08073611,113.0015722812,8780,12.7377134416,7.9904293471,11.2833630472,11.1832228359,113.0015722812
MI_B1963,45.52376146,9.08675450,59.8952618510,8753,6.7446131026,4.3791376635,5.4649644324,5.6841158790,59.8952618510
MI_B1964,45.52375668,9.09277288,69.1412157423,8784,4.1202771552,2.0280268739,3.7952530372,4.3776669897,69.1412157423
MI_B1965,45.52375167,9.09879127,150.9989184833,8784,8.5325426535,3.2707815933,7.1182917855,8.7490519638,150.9989184833
MI_B1966,45.52374631,9.10480965,283.0179102583,8784,11.4886300105,4.1380626374,8.6750937477,10.6959811133,283.0179102583
MI_B1967,45.52374065,9.11082804,225.5491954075,8784,14.8788658791,6.2479024853,10.4304946013,12.2821274781,225.5491954075
MI_B1968,45.52373463,9.11684641,252.0131822630,8784,20.5974822796,9.1599329549,13.7061827477,15.6000398816,252.0131822630
MI_B1969,45.52372834,9.12286479,228.6060661534,8784,23.0681307715,9.4121491295,17.9646285006,19.0908948561,228.6060661534
MI_B1970,45.52372165,9.12888316,301.6635465320,8784,27.2074630756,11.8826349287,20.2283662605,21.8125700487,301.6635465320
MI_B1971,45.52371476,9.13490154,236.8578749069,8784,19.7578246096,9.8452505688,14.3418324063,15.6242477374,236.8578749069
MI_B1972,45.52370745,9.14091990,173.1173452633,8784,15.9821228933,7.8958876198,11.1859502015,12.3326800369,173.1173452633
MI_B1973,45.52369994,9.14693828,172.5641444349,8784,14.9994515741,8.9138520764,11.2673627604,12.3617063917,172.5641444349
MI_B1974,45.52369203,9.15295665,183.9418502588,8784,15.0353442646,13.8396507728,10.9319676383,11.9112739740,183.9418502588
MI_B1975,45.52368375,9.15897500,211.4328311045,8784,15.7138761369,9.9984664930,9.3537033005,10.2328965740,211.4328311045
MI_B1976,45.52367522,9.16499336,400.8457227655,8784,24.9451839600,11.9577744815,14.6186188847,17.1097810483,400.8457227655
MI_B1977,45.52366640,9.17101173,473.6471727561,8784,24.8512076354,17.4221239567,15.6816652538,22.2471982809,473.6471727561
MI_B1978,45.52365724,9.17703008,492.7962804666,8784,23.9296019915,15.3845628360,16.6608276753,22.7624513466,492.7962804666
MI_B1979,45.52364773,9.18304843,204.7106404733,8784,17.8684520983,10.3257512235,12.7124565530,16.2264108826,204.7106404733
MI_B1980,45.52363791,9.18906677,113.6991432200,8784,10.7174177320,5.6744288681,7.6643228438,10.8207112741,113.6991432200
MI_B1981,45.52362780,9.19508512,99.7795628293,8784,8.8187988570,4.6492957373,6.6257601026,9.3470141693,99.7795628293
MI_B1982,45.52361737,9.20110347,125.4200119802,8784,11.3472484153,5.4043876547,8.3433192228,11.0610428283,125.4200119802
MI_B1983,45.52360663,9.20712181,241.6570672224,8784,17.3559414039,8.3861307948,11.7019360526,16.5763231319,241.6570672224
MI_B1984,45.52359556,9.21314014,419.2156115738,8784,28.3694114451,18.0193617956,18.8445616780,24.9657094262,419.2156115738
MI_B1985,45.52358420,9.21915848,598.4657895119,8784,31.4603384451,16.3226161399,19.4190333825,20.6902918387,598.4657895119
MI_B1986,45.52357247,9.22517681,389.8813420558,8784,26.3535098023,13.0042559683,17.6481362834,20.2607056981,389.8813420558
MI_B1987,45.52356043,9.23119513,402.1335765131,8784,22.3933651031,11.5052092811,16.1506003875,21.0413463578,402.1335765131
MI_B1988,45.52354813,9.23721346,220.3317303148,8784,13.7831616128,7.1009421054,11.3797979545,12.4933595678,220.3317303148
MI_B1989,45.52353545,9.24323177,144.5438764207,8784,11.3127062399,8.3418442784,7.9057421950,9.0449968270,144.5438764207
MI_B1990,45.52352241,9.24925007,178.0151414498,8784,15.1454173244,11.4347875538,10.1546332082,10.9325310422,178.0151414498
MI_B1991,45.52350919,9.25526839,243.6212279741,8784,19.7336006786,10.2260913835,13.4228675319,14.3054257030,243.6212279741
MI_B1992,45.52349555,9.26128669,310.5821684569,8784,30.0842369597,11.8168780950,17.1951349743,18.0319583555,310.5821684569
MI_B1993,45.52348169,9.26730500,512.0835547532,8784,70.9344034733,23.8760321434,32.7467184403,31.8497326839,512.0835547532
MI_B1994,45.52346740,9.27332329,380.1772449088,8784,37.9601187712,15.4331078673,19.0493897130,20.4530363416,380.1772449088
MI_B1995,45.52345286,9.27934158,583.3293429430,8784,36.0009955397,18.9683075682,21.6032487247,23.2307120577,583.3293429430
MI_B1996,45.52343801,9.28535987,405.5606995801,8784,23.9189307214,14.2750361632,15.4617760952,15.9365867922,405.5606995801
MI_B1997,45.52342278,9.29137815,229.2648318506,8784,13.9126803002,9.2971637447,9.6632338967,9.7977703855,229.2648318506
MI_B1998,45.52340729,9.29739643,135.8563926776,8784,8.0202316085,5.5165310044,5.0352885125,5.1465510201,135.8563926776
MI_B1999,45.52339145,9.30341470,138.2186363136,8784,7.9293462672,5.5586099532,4.4776920742,4.6726935147,138.2186363136
MI_B2000,45.52337530,9.30943296,145.4581103685,8784,8.4792679350,5.8156653812,4.6604064366,4.9339696109,145.4581103685
MI_B2001,45.52802400,9.01453488,85.0964498559,8784,9.2514507309,4.5643285507,6.0523645777,6.1524871258,85.0964498559
MI_B2002,45.52802304,9.02055372,136.6347528102,8784,11.9203880893,6.0778259554,7.8429083712,8.0470449151,136.6347528102
MI_B2003,45.52802182,9.02657257,149.6604038191,8784,11.4755919905,6.1395356149,7.5192070905,7.7264663329,149.6604038191
MI_B2004,45.52802026,9.03259142,203.3972041222,8784,13.2818666303,6.8122978041,8.8171741871,9.0414755586,203.3972041222
MI_B2005,45.52801836,9.03861026,237.5368750513,8784,15.8696663188,8.0549502928,10.5170131026,10.9435680758,237.5368750513
MI_B2006,45.52801621,9.04462911,376.5750704419,8784,26.0058235732,11.7046514182,17.3668176022,18.7625624116,376.5750704419
MI_B2007,45.52801369,9.05064796,231.7887482420,8784,15.8885542872,9.1077529336,9.9964973881,10.7091314596,231.7887482420
MI_B2008,45.52801087,9.05666680,151.2854191484,8784,9.8706369097,4.6094800781,6.4669588685,7.3975509920,151.2854191484
MI_B2009,45.52800771,9.06268564,129.6399768523,8784,7.5474674662,3.6445997702,5.5952439281,6.3023568923,129.6399768523
MI_B2010,45.52800427,9.06870449,143.6582785326,8784,7.6730762074,3.7682096354,6.2104835489,6.7328643270,143.6582785326
MI_B2011,45.52800044,9.07472332,176.2920965410,8784,9.8875968943,4.7078976078,8.1359204962,8.8021011136,176.2920965410
MI_B2012,45.52799641,9.08074217,169.2105588163,8784,11.0132357142,5.2138897970,10.1659900583,10.8638982863,169.2105588163
MI_B2013,45.52799196,9.08676100,55.5413518402,8784,3.4316061233,1.5415842295,2.9572293867,3.3585770140,55.5413518402
MI_B2014,45.52798728,9.09277985,62.0542772808,8784,2.1891631329,0.8922409109,2.1390048811,2.6100417888,62.0542772808
MI_B2015,45.52798219,9.09879868,152.5458912705,8784,8.0573239825,2.9701291909,6.1837041958,7.7622887691,152.5458912705
MI_B2016,45.52797683,9.10481751,254.0118189691,8784,13.4534984735,4.9264099485,9.7466297582,12.4175642185,254.0118189691
MI_B2017,45.52797113,9.11083634,260.6094361633,8784,19.4581307980,8.4275380094,13.0467504262,16.1974486807,260.6094361633
MI_B2018,45.52796516,9.11685517,223.6433591928,8784,18.8741153278,8.7439628065,12.1411159899,14.1093533772,223.6433591928
MI_B2019,45.52795879,9.12287399,216.6230299981,8784,19.1862287878,9.2314449814,12.7731638995,14.2264431356,216.6230299981
MI_B2020,45.52795225,9.12889284,209.2185366441,8784,14.0848283261,7.1015967357,9.6478767348,10.6775209512,209.2185366441
MI_B2021,45.52794520,9.13491164,236.9991624311,8784,16.9419777317,9.0137985082,11.4313554609,12.6194827631,236.9991624311
MI_B2022,45.52793801,9.14093048,288.5327719626,8784,20.3466068263,11.5475803952,12.8299982243,13.9414932170,288.5327719626
MI_B2023,45.52793038,9.14694929,224.7546729775,8784,18.0068832009,33.5093482577,12.9158544708,14.4964387843,224.7546729775
MI_B2024,45.52792248,9.15296810,125.1434837135,8784,12.8754899457,37.9967926975,10.1670812336,11.4897029511,125.1434837135
MI_B2025,45.52791429,9.15898692,224.3065561544,8784,17.7824867446,27.2102323334,11.6315143243,13.0682501348,224.3065561544
MI_B2026,45.52790572,9.16500573,359.1293308299,8784,27.7396827646,11.7478015073,16.0775714904,19.0675222541,359.1293308299
MI_B2027,45.52789690,9.17102454,588.9248718838,8784,35.4292143217,15.4212566812,20.3556267024,22.9645611629,588.9248718838
MI_B2028,45.52788772,9.17704335,289.4129557274,8784,19.7412031745,10.0794627706,12.1895701785,13.7876624347,289.4129557274
MI_B2029,45.52787823,9.18306215,186.1532945671,8784,14.9023172937,8.5537705335,9.9482636403,11.1963133733,186.1532945671
MI_B2030,45.52786842,9.18908095,161.8638049513,8784,11.1153976476,5.7668918072,7.6005583264,9.1471889280,161.8638049513
MI_B2031,45.52785834,9.19509975,202.9287567661,8784,13.1526790300,6.4192705068,8.4182107493,9.4870382083,202.9287567661
MI_B2032,45.52784787,9.20111854,151.6252413874,8784,10.8191250136,5.2702864934,6.8096270620,8.1528503005,151.6252413874
MI_B2033,45.52783713,9.20713734,162.2491624782,8784,14.9127691156,6.9256990093,10.4296625533,13.9544260664,162.2491624782
MI_B2034,45.52782607,9.21315613,187.9871494837,8784,21.0903077714,8.9157202149,16.0534580234,21.0833407282,187.9871494837
MI_B2035,45.52781464,9.21917490,514.0825203130,8784,47.5278442852,15.7834781088,34.4077390622,32.3757577484,514.0825203130
MI_B2036,45.52780294,9.22519368,557.2706697720,8784,39.2540613267,19.3355230347,25.4891618686,29.3153591459,557.2706697720
MI_B2037,45.52779092,9.23121246,489.6489994843,8784,28.1395933934,13.4777279417,20.3161579396,28.3720498879,489.6489994843
MI_B2038,45.52777856,9.23723123,477.5876663825,8784,35.5112366546,19.3553410803,24.9874833441,27.1886702806,477.5876663825
MI_B2039,45.52776593,9.24325000,258.7598412489,8784,17.9160258751,16.9159404728,12.3762431251,13.7471925771,258.7598412489
MI_B2040,45.52775295,9.24926876,374.2668768671,8784,22.0639052015,29.7852139570,15.2428765049,16.6784397316,374.2668768671
MI_B2041,45.52773966,9.25528752,306.0818184799,8784,18.9731553801,12.8181499092,13.1387924926,14.0110318784,306.0818184799
MI_B2042,45.52772605,9.26130628,385.6945191068,8784,24.7992848025,12.6268728560,18.1483178562,17.9214586388,385.6945191068
MI_B2043,45.52771214,9.26732503,449.2757088254,8784,30.6687536871,20.0146117827,23.4585094530,25.5220464239,449.2757088254
MI_B2044,45.52769786,9.27334377,375.8366620686,8784,29.3725144814,17.2276459285,20.9562187333,23.3193321341,375.8366620686
MI_B2045,45.52768330,9.27936251,629.7132577907,8784,38.8086105291,19.0153695486,24.9157440022,27.0507480062,629.7132577907
MI_B2046,45.52766843,9.28538125,450.2234978778,8784,28.5055587473,14.6586195642,16.9038425134,17.7707052330,450.2234978778
MI_B2047,45.52765328,9.29140000,332.9553967396,8784,19.5706337399,11.2595561886,12.7215304072,12.7945726917,332.9553967396
MI_B2048,45.52763768,9.29741871,179.8751917328,8784,11.6076493406,7.2346482206,8.0446458084,8.2571924417,179.8751917328
MI_B2049,45.52762191,9.30343744,150.8028666350,8784,9.6507109891,5.4542363320,5.8857379476,6.5611647251,150.8028666350
MI_B2050,45.52760575,9.30945616,137.7463732978,8784,7.6356944137,4.3366505800,4.3311778085,4.7217392946,137.7463732978
MI_B2051,45.53225451,9.01453597,68.4243942008,8784,7.7372694945,3.7691827978,5.0341038648,5.1775261886,68.4243942008
MI_B2052,45.53225358,9.02055527,133.1798806001,8784,11.9485816491,5.9335340190,7.8357849768,8.0636208063,133.1798806001
MI_B2053,45.53225236,9.02657457,146.4890569862,8784,12.8541939927,6.4098800697,8.4478860945,8.6945795868,146.4890569862
MI_B2054,45.53225077,9.03259386,155.3948054048,8784,12.8462189114,6.3596223207,8.4172582058,8.6613285806,155.3948054048
MI_B2055,45.53224891,9.03861316,233.6775638517,8784,18.4785130668,9.1497593758,12.0174221500,12.8716938622,233.6775638517
MI_B2056,45.53224672,9.04463246,255.7159510960,8784,21.3701009006,10.7062347165,14.2901349875,15.8712372507,255.7159510960
MI_B2057,45.53224421,9.05065176,220.1697368152,8784,17.0479453514,8.8901539825,10.5912574801,11.1347048341,220.1697368152
MI_B2058,45.53224135,9.05667104,216.9598591118,8784,12.4941597203,6.7380206823,8.0481334417,8.4808055588,216.9598591118
MI_B2059,45.53223825,9.06269035,196.6030294535,8784,8.1589362516,4.4250269525,5.7070518663,5.9955028162,196.6030294535
MI_B2060,45.53223475,9.06870963,137.0070029329,8784,7.2570000414,3.5987127622,5.1186984668,5.6493815537,137.0070029329
MI_B2061,45.53223099,9.07472893,159.8473996862,8784,8.0891825828,3.9249203881,5.7937590920,6.3879191039,159.8473996862
MI_B2062,45.53222686,9.08074821,146.5486180253,8784,7.7508027450,3.7292799513,5.5607174977,6.1212835210,146.5486180253
MI_B2063,45.53222250,9.08676751,82.2722629312,8784,4.3557746361,2.0377397012,3.3449048687,3.8350884686,82.2722629312
MI_B2064,45.53221774,9.09278680,66.9765517324,8784,3.1552415662,1.4998461114,2.4302976552,2.8732360727,66.9765517324
MI_B2065,45.53221267,9.09880608,145.2214574169,8784,10.2336251819,4.0065883912,7.3021595497,9.0246944094,145.2214574169
MI_B2066,45.53220732,9.10482537,177.5791902701,8784,15.1153624623,5.5779459380,10.9587876487,13.7948789134,177.5791902701
MI_B2067,45.53220168,9.11084466,134.7693757391,8784,12.7784901281,5.5733921255,8.8329527169,10.5059304244,134.7693757391
MI_B2068,45.53219564,9.11686393,125.0272762908,8784,14.8023183963,8.8639099975,9.5974576544,11.1531165106,125.0272762908
MI_B2069,45.53218935,9.12288322,221.7200634633,8784,16.3670621836,9.2808657450,10.3798585513,11.6339189408,221.7200634633
MI_B2070,45.53218270,9.12890249,224.2054988055,8784,14.8944199066,7.4167417691,9.5115332029,11.1715145838,224.2054988055
MI_B2071,45.53217574,9.13492176,293.8822437732,8784,20.8658650327,10.8765438473,13.0143197937,14.9312540647,293.8822437732
MI_B2072,45.53216848,9.14094104,303.4174957318,8784,21.0198557268,11.5809700052,13.4273742486,14.6731603385,303.4174957318
MI_B2073,45.53216088,9.14696030,206.8004262996,8784,16.2222756727,29.8864692490,10.9226759372,12.1070629685,206.8004262996
MI_B2074,45.53215301,9.15297958,171.8922397110,8784,14.0356703779,33.0083085120,11.4924655534,12.6715920821,171.8922397110
MI_B2075,45.53214475,9.15899884,163.1462207877,8784,12.6744951033,13.4918868334,9.9192964418,11.3133491033,163.1462207877
MI_B2076,45.53213626,9.16501811,279.6176991764,8784,20.9850591325,9.2738807192,14.7487721022,17.7800473013,279.6176991764
MI_B2077,45.53212737,9.17103736,192.3768402494,8784,15.2053891366,7.0298826923,10.8283248075,12.5154465553,192.3768402494
MI_B2078,45.53211822,9.17705662,80.4773515408,8784,8.0659284455,4.0997308767,5.9368732181,6.2577201296,80.4773515408
MI_B2079,45.53210873,9.18307588,192.9860129735,8784,15.3102495184,8.3065884943,11.1560149458,11.6690192340,192.9860129735
MI_B2080,45.53209892,9.18909513,187.4244707948,8784,13.2795510258,6.9214034910,9.5206661576,9.9320190980,187.4244707948
MI_B2081,45.53208882,9.19511438,211.6277670544,8784,14.8982374768,7.2027976503,9.8410720528,10.1899811853,211.6277670544
MI_B2082,45.53207833,9.20113362,153.8148874817,8784,12.3970202583,6.3078908964,7.9571378204,8.2644755917,153.8148874817
MI_B2083,45.53206759,9.20715286,143.3787845535,8784,13.0360390295,6.2636733121,9.7382427298,11.1560437937,143.3787845535
MI_B2084,45.53205651,9.21317210,154.6546762593,8784,13.5899909563,5.9219272571,10.9857741013,12.9758600789,154.6546762593
MI_B2085,45.53204514,9.21919134,597.2220550614,8784,42.0575157616,17.2942159680,30.2297218361,31.6782020030,597.2220550614
MI_B2086,45.53203341,9.22521056,987.6789911597,8784,68.1707736786,30.5449052616,47.3633305793,52.3098367939,987.6789911597
MI_B2087,45.53202141,9.23122980,592.1323442646,8784,52.7324243385,28.6872269362,31.6867298418,39.0512235081,592.1323442646
MI_B2088,45.53200907,9.23724902,540.8570306926,8784,38.3554356002,26.3800039068,26.1114720533,28.7640449072,540.8570306926
MI_B2089,45.53199638,9.24326823,531.5729595704,8784,37.5261137748,23.6618430149,26.3082882575,28.7554523230,531.5729595704
MI_B2090,45.53198340,9.24928745,332.3702629305,8784,20.4013551320,14.7105909035,13.6939245693,15.6626445867,332.3702629305
MI_B2091,45.53197012,9.25530666,297.1517606348,8784,18.1716744401,12.4913483192,12.6313541744,13.8033499712,297.1517606348
MI_B2092,45.53195651,9.26132587,258.4716063535,8784,14.4165883889,9.3294616087,10.4278325179,11.4008366189,258.4716063535
MI_B2093,45.53194259,9.26734507,210.2522791928,8784,15.3545056843,10.8587297089,12.5259578842,14.4425741108,210.2522791928
MI_B2094,45.53192834,9.27336427,401.5551412370,8784,30.1617524684,19.6505129551,22.2268388991,24.7681440599,401.5551412370
MI_B2095,45.53191376,9.27938346,468.3427637183,8784,31.2441188096,19.9307426287,21.3430725981,23.2874059846,468.3427637183
MI_B2096,45.53189890,9.28540265,408.9267606067,8784,26.0598913773,16.5329395166,16.8002871021,18.7241808213,408.9267606067
MI_B2097,45.53188370,9.29142183,196.3082236531,8784,14.2170676639,8.8708622961,9.9265688024,10.7039860491,196.3082236531
MI_B2098,45.53186820,9.29744102,151.3782087685,8784,10.3147649835,5.8812832571,6.9398003571,7.9049848171,151.3782087685
MI_B2099,45.53185234,9.30346018,118.9482563363,8784,7.9718819784,3.7461725340,5.0403072587,5.9671590322,118.9482563363
MI_B2100,45.53183619,9.30947935,103.9201456632,8784,6.1144025019,3.0607795953,3.7171426722,4.2898805228,103.9201456632
MI_B2101,45.53648501,9.01453706,114.8980319150,8784,14.0706480876,5.3485357753,9.2754164534,10.0593753518,114.8980319150
MI_B2102,45.53648411,9.02055681,148.4225676272,8784,13.7258016453,6.3980767772,8.9575080786,9.3213152316,148.4225676272
MI_B2103,45.53648285,9.02657656,147.2031542605,8784,12.9280416201,6.4234459730,8.4694746893,8.7215363966,147.2031542605
MI_B2104,45.53648124,9.03259630,147.4688842057,8784,12.9768538471,6.4367833384,8.4893715870,8.7435035902,147.4688842057
MI_B2105,45.53647941,9.03861606,279.2205563541,8784,26.7337317483,13.7235708052,16.8223051007,17.9683177424,279.2205563541
MI_B2106,45.53647720,9.04463580,248.5207460347,8784,22.9886751607,11.5500205230,14.8142781352,16.1120656869,248.5207460347
MI_B2107,45.53647470,9.05065555,265.0508018427,8784,19.0795406141,10.0491035962,12.4767671874,13.1163829208,265.0508018427
MI_B2108,45.53647188,9.05667530,252.8239309944,8784,10.2922532249,5.6850282291,6.6960876974,6.7811528768,252.8239309944
MI_B2109,45.53646872,9.06269504,225.0934353048,8784,8.0037027690,4.0926810627,5.3589513849,5.4337570490,225.0934353048
MI_B2110,45.53646525,9.06871478,326.4535398951,8784,11.4299471865,6.3896425678,7.5148230237,8.3792214272,326.4535398951
MI_B2111,45.53646149,9.07473453,188.3567807099,8784,8.1938290810,4.3325523906,5.6254939174,6.3319262453,188.3567807099
MI_B2112,45.53645741,9.08075428,135.2198682847,8784,7.6294519301,3.8632461420,5.2308155239,5.7077226209,135.2198682847
MI_B2113,45.53645296,9.08677401,72.5843243200,8784,5.2517679470,3.0218131242,3.4064852223,3.7699908543,72.5843243200
MI_B2114,45.53644822,9.09279375,86.3140760647,8784,6.3704324833,3.8218631353,4.2357297992,4.7010941410,86.3140760647
MI_B2115,45.53644322,9.09881350,90.7691829902,8784,6.8460979687,3.9361778947,4.6027736179,5.1377292540,90.7691829902
MI_B2116,45.53643785,9.10483323,135.2162213335,8784,10.6961795524,4.8728810812,7.6862968240,8.8139576798,135.2162213335
MI_B2117,45.53643214,9.11085296,118.6391736579,8784,10.6763044284,7.1565259024,7.6478585380,8.4961451787,118.6391736579
MI_B2118,45.53642614,9.11687269,151.6548940548,8784,15.8637328823,15.5359493443,10.9370616370,12.2815911846,151.6548940548
MI_B2119,45.53641982,9.12289242,236.2865717933,8784,19.3966083924,17.2248350285,12.6977830951,14.1039613676,236.2865717933
MI_B2120,45.53641320,9.12891216,256.9815915613,8784,18.8580643238,10.8574713104,11.5685716598,12.8732193307,256.9815915613
MI_B2121,45.53640624,9.13493188,295.9072314855,8784,21.6701278235,12.0963505481,12.5916350445,14.0068427396,295.9072314855
MI_B2122,45.53639896,9.14095160,209.6420829979,8784,14.5407171750,8.2922107278,9.1977013459,9.7129638257,209.6420829979
MI_B2123,45.53639139,9.14697133,157.1721591667,8784,12.1705892248,7.9644718436,8.1802264129,8.9677508653,157.1721591667
MI_B2124,45.53638344,9.15299104,110.0896110257,8784,9.6594726033,4.3838955505,7.2802830032,8.1738460562,110.0896110257
MI_B2125,45.53637528,9.15901077,174.8375892419,8784,13.1572293437,5.7412148199,10.2553176101,11.9524183300,174.8375892419
MI_B2126,45.53636672,9.16503048,299.8724494834,8784,18.9303690121,8.7817418950,15.4759848035,18.0881904014,299.8724494834
MI_B2127,45.53635784,9.17105018,276.9053061641,8784,18.0867396643,8.4453785643,14.8805737325,16.8391959224,276.9053061641
MI_B2128,45.53634869,9.17706990,225.2416235264,8784,15.3577016729,7.8530578327,11.1355209080,12.0867549501,225.2416235264
MI_B2129,45.53633919,9.18308960,308.2670576296,8784,22.9672243913,11.9664733479,15.6229738886,16.5979821383,308.2670576296
MI_B2130,45.53632942,9.18910931,359.1646380440,8784,33.3471916622,14.9168520155,22.6179602461,24.4774733801,359.1646380440
MI_B2131,45.53631926,9.19512900,360.0743273376,8784,32.0422438459,18.2722999711,23.2190230515,24.3214794783,360.0743273376
MI_B2132,45.53630887,9.20114871,208.9656380234,8784,20.8411213112,11.3265418693,14.3712605437,15.3066044703,208.9656380234
MI_B2133,45.53629807,9.20716839,126.0521022965,8784,11.4034173782,5.6960488192,8.5418661534,9.4848441566,126.0521022965
MI_B2134,45.53628700,9.21318808,247.3985089209,8784,16.9325305635,7.9710989803,11.1054195781,12.9774978267,247.3985089209
MI_B2135,45.53627561,9.21920777,452.1960041191,8784,28.9198813554,14.0321082334,17.4569415676,19.3164006142,452.1960041191
MI_B2136,45.53626385,9.22522744,801.1837294567,8784,66.8471376052,28.8046307472,43.4816119799,47.0884164575,801.1837294567
MI_B2137,45.53625189,9.23124713,793.1122410160,8784,79.1230570646,37.1150768291,51.9982542021,61.1516789600,793.1122410160
MI_B2138,45.53623951,9.23726680,892.7955935815,8784,72.6646135372,35.1343796865,48.5970013980,54.0963338220,892.7955935815
MI_B2139,45.53622690,9.24328648,496.4169980916,8784,37.0618674443,18.1674898565,23.8655399583,26.7469471053,496.4169980916
MI_B2140,45.53621386,9.24930614,125.6927807786,8784,8.8230164654,6.1614241184,5.7702328342,6.6257293806,125.6927807786
MI_B2141,45.53620061,9.25532581,107.9602023059,8784,8.2453281665,6.5592260209,5.8672722706,6.5681026328,107.9602023059
MI_B2142,45.53618698,9.26134546,130.0834493740,8784,7.8635843799,5.3198037938,6.2220702214,7.1012703886,130.0834493740
MI_B2143,45.53617306,9.26736512,209.2755102684,8784,11.2557833434,5.9959056093,8.8234135612,9.8463923374,209.2755102684
MI_B2144,45.53615875,9.27338476,283.4383744710,8784,18.1380468015,10.3827528400,12.5669448977,13.8359161389,283.4383744710
MI_B2145,45.53614427,9.27940442,385.4997631135,8784,27.6219285307,15.9223750454,17.5352763008,19.7759932250,385.4997631135
MI_B2146,45.53612936,9.28542405,310.4896304712,8784,22.1989811652,13.4383334221,15.0625095083,16.8745558577,310.4896304712
MI_B2147,45.53611415,9.29144368,170.4191221067,8784,12.2818211412,7.2767287512,8.5491164785,9.6779488846,170.4191221067
MI_B2148,45.53609861,9.29746331,141.2249066006,8784,9.2245533375,4.8016602881,5.9455071222,6.9489003301,141.2249066006
MI_B2149,45.53608285,9.30348295,106.2084267810,8784,7.3603198481,3.3050107719,4.8945261571,5.8425781810,106.2084267810
MI_B2150,45.53606661,9.30950255,69.4088668908,8784,4.5805207672,2.1738035607,3.1389653165,3.8115364143,69.4088668908
MI_B2151,45.54071553,9.01453815,165.3719094957,8784,15.2434478500,8.2971546608,10.7771799729,11.1204945673,165.3719094957
MI_B2152,45.54071459,9.02055835,102.6779830060,8784,10.7453792195,5.3054385238,7.1926031973,7.4084864814,102.6779830060
MI_B2153,45.54071335,9.02657855,133.9330891802,8784,11.8593241080,5.9833440537,7.7809962297,8.0415481074,133.9330891802
MI_B2154,45.54071180,9.03259875,123.5188868910,8784,9.4303101236,5.1523398858,6.2054519519,6.6482830742,123.5188868910
MI_B2155,45.54070992,9.03861895,157.3583532694,8784,12.6604692713,7.0348976665,8.1425553448,8.8697017920,157.3583532694
MI_B2156,45.54070773,9.04463915,233.2284462852,8784,22.0718490596,11.3427785541,14.1568347917,15.2909094760,233.2284462852
MI_B2157,45.54070520,9.05065935,187.5955672643,8784,13.9073765666,7.0505167493,8.9924108496,9.8540392956,187.5955672643
MI_B2158,45.54070238,9.05667955,147.0758335027,8784,6.5183441697,3.0764865589,4.3692803004,4.5852455659,147.0758335027
MI_B2159,45.54069923,9.06269974,242.3533000506,8784,9.0476223924,4.6979843784,5.8040598250,6.3509807233,242.3533000506
MI_B2160,45.54069577,9.06871994,420.8610211451,8784,14.7988105085,8.4501792253,9.1263595159,10.7053573583,420.8610211451
MI_B2161,45.54069199,9.07474014,344.9471425464,8784,13.3018417389,7.6400006726,8.1637259257,9.5084420508,344.9471425464
MI_B2162,45.54068788,9.08076033,124.1072188844,8784,7.9000075111,4.5673913504,4.8295318389,5.1465361839,124.1072188844
MI_B2163,45.54068350,9.08678053,137.9869459073,8784,8.1078515557,4.6234516439,5.1293275390,5.6850060056,137.9869459073
MI_B2164,45.54067874,9.09280071,101.2728509039,8784,6.6965254720,3.9298758590,4.3264930206,4.8139520293,101.2728509039
MI_B2165,45.54067369,9.09882090,120.9105896570,8784,7.8569218950,4.6185889328,5.1434270950,5.7334360185,120.9105896570
MI_B2166,45.54066834,9.10484109,157.4832919383,8784,9.4698312968,5.4627155636,6.2840080694,6.9094764351,157.4832919383
MI_B2167,45.54066265,9.11086128,261.6977470534,8784,18.3104984970,13.6980069415,12.6858271917,14.0507707246,261.6977470534
MI_B2168,45.54065661,9.11688145,336.5043915203,8784,26.2966769231,20.6274437788,17.8520186819,19.9161147310,336.5043915203
MI_B2169,45.54065035,9.12290165,294.8904066310,8784,22.1425430989,19.6302217979,14.0884716490,15.2052468495,294.8904066310
MI_B2170,45.54064368,9.12892182,353.2236405233,8784,21.1767429168,17.9906303433,12.5301652041,13.0756695348,353.2236405233
MI_B2171,45.54063675,9.13494200,185.5522481220,8784,12.4923150632,9.3555782117,8.0365427508,8.3222839910,185.5522481220
MI_B2172,45.54062947,9.14096218,155.8779527132,8784,10.8960646313,12.4909478631,7.3868032569,7.7904699714,155.8779527132
MI_B2173,45.54062187,9.14698235,107.4745899589,8784,7.4990716611,17.9507008758,5.4051705549,5.5441201967,107.4745899589
MI_B2174,45.54061401,9.15300253,86.8890666446,8784,8.1501312695,5.7776078748,5.9896903856,6.6999938914,86.8890666446
MI_B2175,45.54060576,9.15902269,164.7084498099,8784,12.9888980970,6.1114303182,9.6782939649,11.1046386335,164.7084498099
MI_B2176,45.54059720,9.16504285,376.0507021951,8784,21.5132006290,11.4956695114,16.2976350207,17.4658188543,376.0507021951
MI_B2177,45.54058837,9.17106302,273.4467306725,8784,20.1980604808,9.7075557269,15.1240512647,16.8741793181,273.4467306725
MI_B2178,45.54057919,9.17708318,440.5029526313,8784,28.0220228570,13.6656880708,19.8193919571,20.9446567208,440.5029526313
MI_B2179,45.54056972,9.18310334,391.3237217372,8784,26.4072496248,14.9303894183,18.2718593706,19.1168104608,391.3237217372
MI_B2180,45.54055989,9.18912349,357.9943546401,8784,30.8957727216,17.0627399283,23.4039322042,24.5272642747,357.9943546401
MI_B2181,45.54054976,9.19514364,716.3784054734,8784,47.6365868064,27.0580966059,32.6608140803,33.4856766255,716.3784054734
MI_B2182,45.54053931,9.20116378,150.0897509671,8784,12.3693633087,6.1973308300,7.6790482089,8.1321341853,150.0897509671
MI_B2183,45.54052855,9.20718393,70.5637003813,8784,5.1940985974,2.9813123268,3.2576904331,3.2877683824,70.5637003813
MI_B2184,45.54051746,9.21320407,198.9324575048,8784,13.6570373436,6.7094528108,7.2575950648,8.2766911175,198.9324575048
MI_B2185,45.54050613,9.21922422,404.6673805959,8784,26.5434497696,13.3859365086,16.3148128134,18.0378026985,404.6673805959
MI_B2186,45.54049439,9.22524435,630.8822089301,8784,44.2514690830,21.3758038268,26.3062476582,28.8852093462,630.8822089301
MI_B2187,45.54048232,9.23126447,676.0289534575,8784,56.6085909344,24.6193851713,34.8544791532,39.6757495858,676.0289534575
MI_B2188,45.54046999,9.23728460,843.5283868648,8784,62.0185818705,30.0959858898,39.0143131316,43.8535413667,843.5283868648
MI_B2189,45.54045733,9.24330472,303.2042446903,8784,25.6655374276,12.6308742774,16.1466586366,19.2252326159,303.2042446903
MI_B2190,45.54044437,9.24932484,66.4232083092,8784,5.3024651672,3.6473152542,3.5387184773,4.1548996081,66.4232083092
MI_B2191,45.54043102,9.25534494,98.6972647948,8784,6.6387682691,4.6900566752,4.9569645067,5.5328576029,98.6972647948
MI_B2192,45.54041743,9.26136506,140.3149343382,8784,9.1476497770,5.6644025976,6.7334887841,7.6921653023,140.3149343382
MI_B2193,45.54040349,9.26738516,271.4012432324,8784,15.5530490700,7.7407449945,11.2500455753,12.4339569225,271.4012432324
MI_B2194,45.54038930,9.27340527,216.1435299678,8784,15.3377413393,8.4592452368,9.4280943646,9.7302900587,216.1435299678
MI_B2195,45.54037468,9.27942536,269.0810835787,8784,19.5185514573,6.9638328062,12.2214570767,13.2916487482,269.0810835787
MI_B2196,45.54035979,9.28544545,282.6927108242,8784,19.5107675327,9.4415354970,13.9707104144,14.9223704835,282.6927108242
MI_B2197,45.54034456,9.29146553,216.4616588494,8784,14.2409610463,8.0928358913,10.4782625749,11.3807971462,216.4616588494
MI_B2198,45.54032912,9.29748563,190.3568218556,8784,10.4017953018,5.2894314352,7.6351532115,8.3170422391,190.3568218556
MI_B2199,45.54031323,9.30350570,133.9514683202,8784,8.8943273560,4.4099739329,5.8012095412,6.6698942919,133.9514683202
MI_B2200,45.54029711,9.30952578,163.7896302796,8784,10.8354528816,6.2248613262,6.6889010194,7.3424844102,163.7896302796
MI_B2201,45.54494602,9.01453924,101.6999362412,8784,11.6513017829,7.2445820496,8.8938675899,9.0602537423,101.6999362412
MI_B2202,45.54494508,9.02055989,71.9807719580,8784,8.8898777590,5.4320491061,6.5939451297,6.7336939367,71.9807719580
MI_B2203,45.54494388,9.02658055,98.1128558704,8784,7.7504994586,4.6295201019,5.2757211557,5.6534731852,98.1128558704
MI_B2204,45.54494226,9.03260119,107.2479606792,8784,7.2087076201,4.3401028557,4.7975889896,5.3425276337,107.2479606792
MI_B2205,45.54494042,9.03862185,107.9792397682,8784,7.2695173067,4.3811926228,4.8292193284,5.3829346827,107.9792397682
MI_B2206,45.54493817,9.04464249,90.8063864133,8784,7.1321703132,4.3388172361,4.5690394619,5.2303556883,90.8063864133
MI_B2207,45.54493570,9.05066315,95.9143631888,8784,7.1788948144,3.9683664933,4.6421092979,5.4484940363,95.9143631888
MI_B2208,45.54493289,9.05668380,136.3019528518,8784,8.0679125506,3.6032897461,5.5710085323,6.3002901277,136.3019528518
MI_B2209,45.54492976,9.06270445,250.3852338194,8784,10.5715122469,5.4868858039,6.8244639186,7.8808125097,250.3852338194
MI_B2210,45.54492624,9.06872509,418.5657081177,8784,14.8534752026,8.5459565735,9.1493379658,10.7848952307,418.5657081177
MI_B2211,45.54492247,9.07474574,224.9643509617,8784,10.7338238455,6.1416673242,6.5680401898,7.1843449538,224.9643509617
MI_B2212,45.54491839,9.08076639,132.6806552050,8784,8.4337830477,4.8315057878,5.1251401979,5.4095395781,132.6806552050
MI_B2213,45.54491395,9.08678703,143.4816877775,8784,8.3306461566,4.7331137682,5.2716555638,5.8240178626,143.4816877775
MI_B2214,45.54490926,9.09280768,126.7336715214,8784,6.8353285460,3.7709176376,4.4186129573,4.8984984148,126.7336715214
MI_B2215,45.54490417,9.09882831,185.4763531691,8784,10.2325646288,5.6000151362,6.4609112717,7.2102674392,185.4763531691
MI_B2216,45.54489878,9.10484894,220.5900057205,8784,14.7859282525,11.3847829489,10.1152200329,11.4865301605,220.5900057205
MI_B2217,45.54489317,9.11086960,344.1524259050,8784,25.1818865005,19.2511782363,17.7634718222,20.5977678207,344.1524259050
MI_B2218,45.54488714,9.11689023,345.9216355348,8784,27.4620514885,18.9996571357,18.1684217798,20.3525141539,345.9216355348
MI_B2219,45.54488083,9.12291086,187.2980818811,8784,13.3461605840,9.3249557841,8.2711743361,8.5981388759,187.2980818811
MI_B2220,45.54487419,9.12893149,195.9637550576,8784,13.9590911569,15.2172525703,8.3753607195,8.7709064300,195.9637550576
MI_B2221,45.54486722,9.13495212,154.2870329497,8784,11.1407023109,14.0657659546,6.8708427557,7.1369242250,154.2870329497
MI_B2222,45.54485996,9.14097275,101.8086612150,8784,6.4983407656,26.0176066610,4.7256681388,4.8341266426,101.8086612150
MI_B2223,45.54485237,9.14699337,99.4686018077,8784,6.2749978982,26.5546539122,4.6233519737,4.7187159803,99.4686018077
MI_B2224,45.54484443,9.15301399,120.2969334443,8784,8.5228819363,18.5528693910,6.3716639347,6.8798526107,120.2969334443
MI_B2225,45.54483626,9.15903462,187.9882266171,8784,13.1181970348,6.7181483923,9.4468342688,10.9116397162,187.9882266171
MI_B2226,45.54482769,9.16505523,407.4457865479,8784,22.5686689652,11.3578024287,14.3691250844,16.1659514191,407.4457865479
MI_B2227,45.54481883,9.17107584,323.6811965737,8784,22.5128078985,11.1957701625,15.4813093307,16.9550251555,323.6811965737
MI_B2228,45.54480966,9.17709646,440.9610686173,8784,27.9969075253,13.8452207333,19.2839545833,20.3504338608,440.9610686173
MI_B2229,45.54480019,9.18311707,579.7007616396,8784,33.2825155795,16.1286201233,22.2724438533,23.1939413543,579.7007616396
MI_B2230,45.54479037,9.18913767,380.3018295141,8784,26.0796900117,12.6460084542,18.8708728995,20.9327646032,380.3018295141
MI_B2231,45.54478024,9.19515828,371.0041309018,8784,25.0694484343,12.5630533250,17.5390439034,18.8804389637,371.0041309018
MI_B2232,45.54476977,9.20117887,158.2887293020,8784,11.8962002245,5.2752092081,7.9847810302,8.3764247394,158.2887293020
MI_B2233,45.54475903,9.20719947,160.5750503117,8784,12.6514084894,5.9547545322,9.0440982813,9.7562714338,160.5750503117
MI_B2234,45.54474798,9.21322007,198.4435841648,8784,20.3555186835,9.9735032866,14.7695790886,16.3147131113,198.4435841648
MI_B2235,45.54473656,9.21924065,242.2275019561,8784,22.8742319748,10.8403857058,18.1018697053,20.0044576640,242.2275019561
MI_B2236,45.54472486,9.22526124,375.7615232234,8784,30.6879626302,13.9000449957,21.3354124351,24.1832384341,375.7615232234
MI_B2237,45.54471280,9.23128181,604.0919369571,8784,51.8770511041,22.9337839574,33.9681330630,38.7734596582,604.0919369571
MI_B2238,45.54470048,9.23730240,503.6101760227,8784,43.4040299302,20.3291821013,29.1532905605,33.4772593677,503.6101760227
MI_B2239,45.54468776,9.24332296,270.9638099138,8784,26.6484981212,13.5480293963,16.7885843284,21.3418058946,270.9638099138
MI_B2240,45.54467486,9.24934355,110.8676638565,8784,7.9290740800,4.6676148001,5.5887833901,6.4325015761,110.8676638565
MI_B2241,45.54466151,9.25536410,156.1204427817,8784,10.3216348655,5.2349745567,7.5550465310,8.2760402919,156.1204427817
MI_B2242,45.54464793,9.26138467,147.6650381274,8784,10.4531752518,5.0789787323,7.4451813207,8.3071455465,147.6650381274
MI_B2243,45.54463393,9.26740521,298.5431088154,8784,19.5655602043,10.0552232293,12.6095633143,13.7338836877,298.5431088154
MI_B2244,45.54461970,9.27342577,231.4110728531,8784,17.8968282949,9.7258811992,11.3601794328,12.8655857996,231.4110728531
MI_B2245,45.54460516,9.27944632,248.6207895687,8784,16.3221624348,8.3112653920,11.4044498937,13.5989818134,248.6207895687
MI_B2246,45.54459025,9.28546686,297.8212361482,8784,17.9552134212,9.8252074955,13.2673919246,14.1227504862,297.8212361482
MI_B2247,45.54457505,9.29148740,240.1930020179,8784,14.3344582674,7.8606604653,10.9366672785,11.5674902525,240.1930020179
MI_B2248,45.54455952,9.29750793,257.6787697283,8784,15.1480404659,8.2733309016,11.0481106603,11.5392707582,257.6787697283
MI_B2249,45.54454371,9.30352847,272.1052444742,8784,17.7477701929,10.1685488292,11.1112812718,11.5335907218,272.1052444742
MI_B2250,45.54452754,9.30954899,248.1980954879,8784,17.0295923103,9.9196617949,10.0513873705,10.5867924982,248.1980954879
MI_B2251,45.54917649,9.01454032,122.7299554228,8784,11.4470912862,7.4456070768,8.0924075284,8.2183437727,122.7299554228
MI_B2252,45.54917560,9.02056144,97.8488642489,8784,9.1723911142,6.0321958383,6.3643877124,6.4682035777,97.8488642489
MI_B2253,45.54917432,9.02658253,116.3966081069,8784,7.9125469159,4.8866301539,5.3468136254,5.6967267669,116.3966081069
MI_B2254,45.54917282,9.03260365,108.2354251914,8784,7.2631279113,4.3740195554,4.8249055494,5.3727697683,108.2354251914
MI_B2255,45.54917087,9.03862474,97.0712119988,8784,6.9576460797,4.1720763633,4.5295009251,5.1674756962,97.0712119988
MI_B2256,45.54916876,9.04464586,85.7152051242,8784,6.4551795006,3.9575805929,4.1741534720,4.8762128309,85.7152051242
MI_B2257,45.54916619,9.05066695,96.4909614919,8784,5.9449820265,3.4971045567,3.9991642175,4.7696709913,96.4909614919
MI_B2258,45.54916339,9.05668805,119.5873398772,8784,7.3794381409,3.6517734572,5.1079219319,5.8883256431,119.5873398772
MI_B2259,45.54916024,9.06270915,183.7966317166,8784,9.6628520883,5.2129150324,6.2471719018,6.9159181489,183.7966317166
MI_B2260,45.54915674,9.06873025,263.3322327844,8784,13.0843942617,7.3187075692,7.9755319110,8.4354994682,263.3322327844
MI_B2261,45.54915302,9.07475136,204.3428975172,8784,12.2060859539,6.7602909173,7.3691333408,7.6165499281,204.3428975172
MI_B2262,45.54914890,9.08077245,148.8139787484,8784,9.5190760075,5.2497022503,5.9948332809,6.1947550574,148.8139787484
MI_B2263,45.54914445,9.08679354,146.3990261391,8784,9.0656554177,4.9440948565,5.9292350760,6.2838497185,146.3990261391
MI_B2264,45.54913972,9.09281463,115.5571042747,8784,6.2502673356,3.1402261982,4.0753214509,4.4275751499,115.5571042747
MI_B2265,45.54913470,9.09883573,141.6722830831,8784,7.7032353009,3.9648341433,4.8519031579,5.2647292216,141.6722830831
MI_B2266,45.54912933,9.10485682,133.2340607316,8784,8.0246574965,4.3866846730,4.8990382861,5.3552125620,133.2340607316
MI_B2267,45.54912362,9.11087791,150.5837616259,8784,11.3184555472,7.1171597226,7.4039798913,8.5892771609,150.5837616259
MI_B2268,45.54911763,9.11689899,178.6629127846,8784,10.4961164067,5.2247244262,6.8365452210,6.9942335291,178.6629127846
MI_B2269,45.54911130,9.12292008,196.9515089848,8784,11.1404939785,5.8928899186,7.3315079778,7.2850141823,196.9515089848
MI_B2270,45.54910466,9.12894116,146.5252521652,8784,10.6438411777,12.0758432235,6.5558123994,6.7900664004,146.5252521652
MI_B2271,45.54909772,9.13496225,132.0134015088,8784,9.9228226644,13.5335584704,6.1722595701,6.4011662230,132.0134015088
MI_B2272,45.54909042,9.14098332,95.9178191820,8784,6.4504748877,23.8960687043,4.6190927027,4.7348359326,95.9178191820
MI_B2273,45.54908285,9.14700440,98.3771029989,8784,6.1867671926,25.3618105981,4.5289006536,4.6712227258,98.3771029989
MI_B2274,45.54907495,9.15302547,141.8224897075,8784,7.8445936948,14.7780114461,5.4262646459,6.3200978200,141.8224897075
MI_B2275,45.54906670,9.15904654,303.0510955512,8784,13.8731640864,7.0835436632,9.1094764998,10.8451417611,303.0510955512
MI_B2276,45.54905822,9.16506762,353.5680005722,8784,15.6978693376,7.9010963482,9.9418939292,11.4557989742,353.5680005722
MI_B2277,45.54904930,9.17108868,243.2386024591,8784,13.1777048707,6.6725355754,8.2644461877,9.4220236231,243.2386024591
MI_B2278,45.54904014,9.17710974,297.1002009993,8784,22.1034973147,11.1979415269,13.6139020142,15.2345272851,297.1002009993
MI_B2279,45.54903064,9.18313080,440.4361150542,8784,28.7735227888,13.7824710351,17.8655894925,19.8772426572,440.4361150542
MI_B2280,45.54902082,9.18915186,474.9455309538,8784,28.1478508148,14.4849097014,17.9968658085,19.6843356115,474.9455309538
MI_B2281,45.54901068,9.19517291,153.1090104526,8784,16.1891319026,7.5283076206,10.8562788542,12.1507821931,153.1090104526
MI_B2282,45.54900024,9.20119396,149.5533036030,8784,13.7011577115,6.2050895921,9.4341770837,10.0450752324,149.5533036030
MI_B2283,45.54898950,9.20721501,257.3022339650,8784,19.4990584488,9.9424159824,13.7009346473,14.4892885073,257.3022339650
MI_B2284,45.54897839,9.21323605,404.5741721389,8784,32.6673369359,16.2024803830,22.3938636152,24.2205325711,404.5741721389
MI_B2285,45.54896699,9.21925709,328.5730089831,8784,31.6741210085,17.7816346808,22.4647519811,24.8466001514,328.5730089831
MI_B2286,45.54895530,9.22527813,373.5716000715,8784,34.9441281617,15.9126228363,23.6253476208,27.2413307734,373.5716000715
MI_B2287,45.54894329,9.23129917,452.6337260222,8784,39.6559859209,17.0202122481,27.1306539347,32.2632987820,452.6337260222
MI_B2288,45.54893093,9.23732020,376.2166905912,8784,28.3349892712,12.4425792224,21.3098371637,24.2340761482,376.2166905912
MI_B2289,45.54891826,9.24334122,177.8826376042,8784,14.2237015536,6.3686415214,10.8691895504,12.1011887760,177.8826376042
MI_B2290,45.54890527,9.24936224,270.5825225404,8784,18.4709974829,7.6531357045,13.3995851977,14.5172503267,270.5825225404
MI_B2291,45.54889194,9.25538325,309.3473019799,8784,20.7281659610,7.7815735447,14.6721770927,15.4425797792,309.3473019799
MI_B2292,45.54887835,9.26140427,161.2888373887,8784,12.6420739660,5.2325133749,9.2974424841,10.0491137406,161.2888373887
MI_B2293,45.54886445,9.26742529,240.6602819209,8784,18.3130814163,8.0888949723,12.3192317212,13.5355848768,240.6602819209
MI_B2294,45.54885015,9.27344628,202.8165633445,8784,13.2972141565,7.2962858746,8.5243896050,9.4739849841,202.8165633445
MI_B2295,45.54883560,9.27946728,266.0879519476,8784,14.0995276877,7.1186005243,9.3320011319,10.1920298655,266.0879519476
MI_B2296,45.54882069,9.28548828,217.8386000602,8784,13.4409208576,7.0847646563,9.3458039124,9.9154873916,217.8386000602
MI_B2297,45.54880549,9.29150927,291.2448184514,8784,16.7210695770,9.0174037124,11.1310075969,11.7023259320,291.2448184514
MI_B2298,45.54878997,9.29753025,359.8924655769,8784,20.4297184228,11.2603175216,13.3846775302,13.7685509199,359.8924655769
MI_B2299,45.54877412,9.30355123,280.1818479264,8784,18.5869707014,10.5109833332,11.6051864236,11.8411436015,280.1818479264
MI_B2300,45.54875796,9.30957220,243.2173740981,8784,17.6413960341,9.7811549335,10.1354092348,10.5222546293,243.2173740981
MI_B2301,45.55340701,9.01454142,123.8631326630,8784,8.4624362879,6.2464751280,6.0614869873,5.9473963936,123.8631326630
MI_B2302,45.55340609,9.02056298,117.7564263493,8784,8.2693936020,6.0986008721,5.8969247244,5.7969780881,117.7564263493
MI_B2303,45.55340485,9.02658453,82.1432921600,8784,5.5165270867,3.5227823340,3.6886227177,3.9532099594,82.1432921600
MI_B2304,45.55340328,9.03260609,82.0809822696,8784,6.1396780398,3.8126020264,4.0869959867,4.5784260246,82.0809822696
MI_B2305,45.55340145,9.03862765,79.8758512561,8784,6.3573427599,3.8299458847,4.0549233701,4.7348709314,79.8758512561
MI_B2306,45.55339917,9.04464919,86.8554847374,8784,6.2870393783,3.7334191082,4.0540901812,4.7536694666,86.8554847374
MI_B2307,45.55339670,9.05067075,95.6117316369,8784,5.7324886659,3.2170085639,3.8159090980,4.5471743390,95.6117316369
MI_B2308,45.55339385,9.05669230,99.6167965726,8784,6.0529838873,3.5013170340,4.0496212533,4.8050774644,99.6167965726
MI_B2309,45.55339072,9.06271386,151.6392234267,8784,9.5986328524,5.2778462601,5.9257406826,6.3083394313,151.6392234267
MI_B2310,45.55338726,9.06873541,214.7608006398,8784,12.7186245383,7.0250695429,7.6766358614,7.9240942379,214.7608006398
MI_B2311,45.55338346,9.07475695,205.8936354031,8784,12.3877596543,6.7737546538,7.5803738301,7.7881679286,205.8936354031
MI_B2312,45.55337934,9.08077850,158.8671894276,8784,10.7922356992,5.5905146820,7.1855051266,7.1598591240,158.8671894276
MI_B2313,45.55337501,9.08680006,146.5060837701,8784,10.0314662022,5.0996078897,6.6591507377,6.7542804473,146.5060837701
MI_B2314,45.55337025,9.09282160,130.1104013892,8784,7.9647841648,4.0283966921,5.2779056762,5.5981211742,130.1104013892
MI_B2315,45.55336515,9.09884314,136.8151472852,8784,7.7304716020,4.0724574268,4.8021447123,5.1695812185,136.8151472852
MI_B2316,45.55335979,9.10486468,93.7141827195,8784,5.7301791651,2.9348002732,3.3981842989,3.7077963422,93.7141827195
MI_B2317,45.55335413,9.11088623,79.5489691607,8784,4.5984550700,2.2854086742,2.7662067807,2.9866879027,79.5489691607
MI_B2318,45.55334809,9.11690776,123.4048585897,8784,7.4125255157,3.6881488775,4.4473663316,4.5247914231,123.4048585897
MI_B2319,45.55334180,9.12292930,138.8691248770,8784,8.4456797325,4.2447343543,5.0788398054,5.1518858637,138.8691248770
MI_B2320,45.55333514,9.12895083,127.6191618084,8784,8.2457159635,7.7439142876,5.1405913919,5.1425431471,127.6191618084
MI_B2321,45.55332822,9.13497237,100.8659208579,8784,7.7000297165,11.5599017997,4.8756293510,5.0877678842,100.8659208579
MI_B2322,45.55332090,9.14099389,84.1861264892,8784,5.3914110584,12.8134902945,3.6850759017,4.1716892177,84.1861264892
MI_B2323,45.55331335,9.14701543,126.7360768426,8784,6.6802827514,8.0891832033,4.6185273293,5.3875723168,126.7360768426
MI_B2324,45.55330542,9.15303695,123.7008564385,8779,6.3113166051,4.4688375794,4.4241424406,5.3695485075,123.7008564385
MI_B2325,45.55329724,9.15905848,273.7413615155,8783,11.6278351021,6.9172494941,7.6419342640,8.7921927772,273.7413615155
MI_B2326,45.55328863,9.16507999,365.2507654767,8784,13.7775766422,7.9900035053,8.7183881153,10.0748436310,365.2507654767
MI_B2327,45.55327978,9.17110151,183.5216924159,8784,8.7629092809,4.7548745190,5.3974798035,6.7016691425,183.5216924159
MI_B2328,45.55327064,9.17712303,261.3854496730,8784,18.5948935202,9.4583212388,11.9445145096,13.2457445719,261.3854496730
MI_B2329,45.55326116,9.18314455,327.0631558728,8784,21.6201597399,10.7635651424,14.4919999989,15.6697331978,327.0631558728
MI_B2330,45.55325131,9.18916605,282.4144547974,8784,21.0066840712,10.7421248713,13.4475184280,14.6295300776,282.4144547974
MI_B2331,45.55324117,9.19518755,268.3778908383,8784,21.2158343477,11.5969404144,13.2679496408,14.3460607725,268.3778908383
MI_B2332,45.55323076,9.20120906,196.6958921709,8784,16.4582145486,8.3615691748,10.6357099245,11.5259796322,196.6958921709
MI_B2333,45.55321996,9.20723056,297.2203758804,8784,25.1336945706,13.4487459799,17.2682894047,18.1739489983,297.2203758804
MI_B2334,45.55320891,9.21325206,881.8605114703,8784,72.1854041175,36.0923938344,47.0416048878,49.9280685499,881.8605114703
MI_B2335,45.55319754,9.21927356,684.8763871350,8784,62.1394241336,30.9795318896,41.8896690153,44.9534159578,684.8763871350
MI_B2336,45.55318575,9.22529503,337.1698796004,8784,36.4971578050,16.6567227611,25.3255358386,28.3026943796,337.1698796004
MI_B2337,45.55317376,9.23131652,246.4273337039,8784,25.3376940209,10.6946630986,17.4849098314,20.3737621747,246.4273337039
MI_B2338,45.55316136,9.23733800,316.7817477025,8784,26.1193950508,9.3224673782,18.2554416621,22.2804362997,316.7817477025
MI_B2339,45.55314872,9.24335948,269.0247377950,8784,19.7969360100,7.2483088185,15.6579204184,17.6773064807,269.0247377950
MI_B2340,45.55313572,9.24938095,280.9626895148,8784,18.0362647354,7.6566916296,13.8075868314,15.2861202560,280.9626895148
MI_B2341,45.55312246,9.25540243,284.8704373415,8784,17.2793356269,7.4449456938,12.4596312491,13.5356804133,284.8704373415
MI_B2342,45.55310880,9.26142388,149.5026313354,8784,10.2666469123,4.2027492387,7.7729618322,8.6627085352,149.5026313354
MI_B2343,45.55309486,9.26744534,253.1859685459,8784,11.1563810781,4.0530737960,8.0655042389,9.2003936936,253.1859685459
MI_B2344,45.55308064,9.27346680,195.4064262454,8784,8.5586666124,3.9932138794,6.5670500430,7.5440663173,195.4064262454
MI_B2345,45.55306602,9.27948825,211.9122197694,8784,9.7132789632,4.6774501440,6.6829686776,7.4845773907,211.9122197694
MI_B2346,45.55305116,9.28550970,182.1715901218,8784,10.6012786019,5.0600154287,6.9076415623,7.4764930695,182.1715901218
MI_B2347,45.55303593,9.29153114,241.9168119105,8784,13.4633876759,6.3858578803,8.3857942278,8.9117274863,241.9168119105
MI_B2348,45.55302041,9.29755257,404.4877070022,8784,21.9246993276,11.0259365492,13.4371342061,14.0476976752,404.4877070022
MI_B2349,45.55300459,9.30357401,351.1728302887,8784,21.2051256912,11.5527627815,12.6874775693,12.8863639387,351.1728302887
MI_B2350,45.55298841,9.30959543,263.9879585887,8784,16.2818797341,9.8170691228,9.6317842402,10.0858134704,263.9879585887
MI_B2351,45.55763747,9.01454250,102.6941178279,8784,7.0601750077,5.1340245988,5.0142662939,4.9603943406,102.6941178279
MI_B2352,45.55763660,9.02056452,60.5448549173,8784,5.3306740479,4.1346469513,3.8299758198,3.7991178241,60.5448549173
MI_B2353,45.55763531,9.02658652,17.7954025447,8784,2.1241848409,1.5382900395,1.4056735217,1.4969794480,17.7954025447
MI_B2354,45.55763377,9.03260853,16.9603918803,8784,2.3405002839,1.5310541935,1.5596967104,1.7648740054,16.9603918803
MI_B2355,45.55763189,9.03863054,20.2284020116,8784,2.6733777671,1.6701139381,1.7330882666,1.9662571532,20.2284020116
MI_B2356,45.55762972,9.04465255,35.7886955666,8784,3.1919359391,1.8558719579,2.0399166927,2.3613927744,35.7886955666
MI_B2357,45.55762718,9.05067455,80.4569851281,8784,4.7745556910,2.5313312298,3.1183681479,3.6713596189,80.4569851281
MI_B2358,45.55762436,9.05669656,94.7870682367,8784,6.2547075181,2.8616833330,3.9113627144,4.6391620125,94.7870682367
MI_B2359,45.55762121,9.06271856,92.2801330936,8784,6.6166924614,3.0727820691,4.0343397129,4.6396005749,92.2801330936
MI_B2360,45.55761774,9.06874056,150.1842973953,8784,9.5889194286,5.0045543416,5.7798205520,6.1745316525,150.1842973953
MI_B2361,45.55761395,9.07476256,115.1002918911,8784,8.1605242983,3.9717190738,5.1165175954,5.5192189473,115.1002918911
MI_B2362,45.55760986,9.08078457,123.2002620775,8784,8.6882566624,3.9587162546,5.6193984239,6.0097248075,123.2002620775
MI_B2363,45.55760541,9.08680656,116.6826317894,8784,8.2359533382,3.5529711791,5.2621332545,5.7768082914,116.6826317894
MI_B2364,45.55760071,9.09282856,119.0586975840,8784,8.1617988452,3.5114029144,5.1944018172,5.7353834190,119.0586975840
MI_B2365,45.55759567,9.09885056,57.4098499410,8784,2.9076646793,1.3849622536,1.8239175337,1.9455096029,57.4098499410
MI_B2366,45.55759029,9.10487255,51.9958651725,8784,2.4828509370,1.1121223307,1.5731063776,1.6707821704,51.9958651725
MI_B2367,45.55758460,9.11089455,51.8294460765,8784,2.4454068644,1.1005335816,1.5606961924,1.6550938017,51.8294460765
MI_B2368,45.55757859,9.11691654,57.5680058818,8784,2.9074625611,1.3787271087,1.8422567342,1.9115383456,57.5680058818
MI_B2369,45.55757227,9.12293853,88.6861959465,8784,4.9358226159,2.8670181224,3.1288208027,3.0615505328,88.6861959465
MI_B2370,45.55756566,9.12896052,99.1628696202,8784,5.4200730858,5.2421891400,3.3947913061,3.3470091068,99.1628696202
MI_B2371,45.55755867,9.13498250,98.2716941772,8784,5.4237386037,6.3314650688,3.4316795784,3.5647433553,98.2716941772
MI_B2372,45.55755142,9.14100448,130.2592157077,8784,6.2697152740,3.7941731875,4.2936423885,5.1758115629,130.2592157077
MI_B2373,45.55754379,9.14702645,134.4909714125,8784,6.5212224960,3.4702900798,4.4503671141,5.3896301847,134.4909714125
MI_B2374,45.55753591,9.15304844,129.7558240010,8783,6.7879769234,4.5620283837,4.6125182439,5.5948906585,129.7558240010
MI_B2375,45.55752768,9.15907041,203.8757443135,8783,8.6863877910,5.6690096433,5.6484037980,6.8105032700,203.8757443135
MI_B2376,45.55751913,9.16509238,332.9914043598,8784,11.8471621762,7.3333823548,7.3810447152,8.7752754203,332.9914043598
MI_B2377,45.55751027,9.17111435,211.8368041786,8784,8.3836908178,4.9045279374,5.1521047947,6.5172828885,211.8368041786
MI_B2378,45.55750109,9.17713632,224.7905648747,8784,14.5686816642,7.3035218672,10.0258137798,11.1009166788,224.7905648747
MI_B2379,45.55749161,9.18315829,302.4737702060,8784,19.4229123428,9.6008347931,13.3607839417,14.3436472497,302.4737702060
MI_B2380,45.55748176,9.18918024,372.2419996047,8784,25.5008311509,13.9135953393,16.1034215774,16.7159531389,372.2419996047
MI_B2381,45.55747165,9.19520220,404.7712306233,8784,28.4312976581,16.4711361690,17.3579763281,17.7718615692,404.7712306233
MI_B2382,45.55746122,9.20122416,194.1554133658,8784,15.6564446415,19.0622459318,10.0324225592,10.9347946078,194.1554133658
MI_B2383,45.55745044,9.20724611,226.4278996479,8784,18.0126727365,23.1283819543,12.0332077731,13.0652816873,226.4278996479
MI_B2384,45.55743933,9.21326805,553.1245269773,8784,41.0837644009,23.2638141015,27.5599841555,29.1747600574,553.1245269773
MI_B2385,45.55742795,9.21929000,421.8047390997,8784,39.6213518103,19.1869477301,26.5614911377,28.6860564518,421.8047390997
MI_B2386,45.55741625,9.22531194,231.5525335929,8784,24.4744471476,11.6208593936,17.1950086696,19.4109621072,231.5525335929
MI_B2387,45.55740417,9.23133387,277.4731751852,8784,22.4541650691,10.5227228950,16.9112321547,18.9372970584,277.4731751852
MI_B2388,45.55739184,9.23735581,317.7265693928,8784,20.8171816486,7.8376326893,14.8961890206,16.7361810601,317.7265693928
MI_B2389,45.55737916,9.24337774,310.8166881451,8784,18.9109231693,6.6982356036,13.7738839006,15.3846419026,310.8166881451
MI_B2390,45.55736617,9.24939966,92.0925800518,8784,8.2989681304,4.0559862699,6.4289164151,7.2587833743,92.0925800518
MI_B2391,45.55735287,9.25542158,303.0733937665,8784,19.3216053304,9.2980676213,13.7244317044,14.9590647145,303.0733937665
MI_B2392,45.55733928,9.26144350,524.1819043573,8784,31.0694980522,14.2928695252,22.4938864852,24.4757732901,524.1819043573
MI_B2393,45.55732530,9.26746541,304.3848647956,8784,14.8834109175,6.0519212421,10.5733297691,11.9213091769,304.3848647956
MI_B2394,45.55731104,9.27348732,201.5370485913,8784,8.1348557097,3.1049428650,5.8632102009,6.8800143921,201.5370485913
MI_B2395,45.55729650,9.27950923,180.2774395553,8784,7.9498110228,3.4952953561,5.6621984051,6.9487349040,180.2774395553
MI_B2396,45.55728157,9.28553112,185.7317658702,8784,9.5856323876,4.1761059478,6.4840963746,7.8770204019,185.7317658702
MI_B2397,45.55726642,9.29155302,182.9265233848,8784,10.7780696850,4.6829565382,6.7503773362,7.8785663886,182.9265233848
MI_B2398,45.55725081,9.29757489,304.2674924526,8784,18.8644960090,8.7807548424,11.3849184043,12.6096915027,304.2674924526
MI_B2399,45.55723502,9.30359679,301.4118777270,8784,17.6501914034,9.2282751830,10.9757900049,11.6388005632,301.4118777270
MI_B2400,45.55721884,9.30961866,171.1255165903,8784,10.6557744149,6.5223582177,6.4662542388,6.9173710773,171.1255165903
MI_B2401,45.56186803,9.01454361,27.7246023301,8784,3.4199034522,2.2108839516,2.3122125470,2.6552780038,27.7246023301
MI_B2402,45.56186707,9.02056606,24.6094384102,8784,2.9394313470,1.4816805416,1.8673743623,2.4243729179,24.6094384102
MI_B2403,45.56186580,9.02658852,17.0792092220,8784,2.2873161854,1.2827456691,1.4871671982,1.7960535362,17.0792092220
MI_B2404,45.56186428,9.03261098,11.1728159304,8784,1.7842615755,1.0535697371,1.1703293577,1.3317519267,11.1728159304
MI_B2405,45.56186238,9.03863344,9.8277312637,8784,1.6443950091,0.9264030680,1.0600823398,1.2112354814,9.8277312637
MI_B2406,45.56186019,9.04465590,10.1706019212,8784,1.6487488065,0.9298136333,1.0691736237,1.2186457523,10.1706019212
MI_B2407,45.56185766,9.05067835,21.9460033350,8784,2.0384638412,1.0795411377,1.2613832232,1.4263331713,21.9460033350
MI_B2408,45.56185489,9.05670082,56.4809368635,8784,4.4355200356,2.1163723305,2.6887121763,3.1043425654,56.4809368635
MI_B2409,45.56185167,9.06272326,84.3693915896,8784,6.7625529567,3.2285119037,4.0354188049,4.5325003120,84.3693915896
MI_B2410,45.56184826,9.06874573,106.7638259825,8784,7.6590339613,3.6580691352,4.5599515528,5.0746615972,106.7638259825
MI_B2411,45.56184445,9.07476818,95.3630433800,8784,7.2420116062,3.4573791296,4.3802267110,4.8785459652,95.3630433800
MI_B2412,45.56184034,9.08079063,115.3402129322,8784,8.0166311027,3.4184048101,5.1094202938,5.6698484855,115.3402129322
MI_B2413,45.56183596,9.08681309,117.4643418406,8784,8.1648591121,3.4393791633,5.1963998469,5.7651971508,117.4643418406
MI_B2414,45.56183119,9.09283553,110.2313664729,8784,7.5804691438,3.2163994943,4.8111199777,5.3355602772,110.2313664729
MI_B2415,45.56182614,9.09885798,55.1141429952,8784,2.6150414067,1.1671523120,1.6463799785,1.7545184850,55.1141429952
MI_B2416,45.56182075,9.10488042,51.8374938591,8784,2.4926344211,1.1014461389,1.5699064992,1.6711356058,51.8374938591
MI_B2417,45.56181511,9.11090287,51.8359730149,8784,2.4839960594,1.1012822405,1.5682392280,1.6682120574,51.8359730149
MI_B2418,45.56180906,9.11692531,53.5134156150,8784,2.5123870164,1.2173188122,1.6500726308,1.6834764537,53.5134156150
MI_B2419,45.56180274,9.12294775,40.7371835600,8784,1.7591806610,1.0111184570,1.1266724058,1.0117551733,40.7371835600
MI_B2420,45.56179613,9.12897019,118.5137533804,8784,3.7852655844,1.9122304608,2.3294559488,2.1809695131,118.5137533804
MI_B2421,45.56178912,9.13499262,161.1803713356,8784,5.2269046477,3.0596640996,3.2068598136,3.0603724418,161.1803713356
MI_B2422,45.56178188,9.14101506,154.7497326782,8784,6.1685408482,3.2578557031,4.0393528533,4.5540374001,154.7497326782
MI_B2423,45.56177432,9.14703750,177.9436555074,8784,8.3710086605,4.0288836861,6.1159441325,6.9397662735,177.9436555074
MI_B2424,45.56176635,9.15305992,202.8112847877,8784,10.3903983696,5.1452060880,8.0242251421,8.8034528560,202.8112847877
MI_B2425,45.56175817,9.15908235,266.2147994927,8784,14.4971996078,8.4055342590,9.7285270408,10.7074593924,266.2147994927
MI_B2426,45.56174963,9.16510478,328.6994832695,8784,14.0318750273,8.3065697458,8.9820544221,10.1874140970,328.6994832695
MI_B2427,45.56174073,9.17112719,250.3124047184,8784,10.6248213176,5.8942082288,6.5895493628,7.8676149098,250.3124047184
MI_B2428,45.56173158,9.17714962,258.3627737877,8784,13.5620665276,6.9303265942,8.7390410432,9.8117097549,258.3627737877
MI_B2429,45.56172203,9.18317202,283.8860773230,8784,15.0035696656,7.2522081919,10.5005069788,11.4118169003,283.8860773230
MI_B2430,45.56171225,9.18919444,310.9526703763,8784,16.4706135372,8.3350750076,11.0976971075,11.9065330057,310.9526703763
MI_B2431,45.56170209,9.19521685,354.3402362872,8784,23.5761766589,14.1353867085,14.7435767832,15.3121373316,354.3402362872
MI_B2432,45.56169166,9.20123926,133.4769813500,8784,9.6740825385,20.9544308035,5.8568165160,6.6946242535,133.4769813500
MI_B2433,45.56168089,9.20726166,125.0713705285,8784,9.2370674892,20.8980205998,5.6387052008,6.4555830518,125.0713705285
MI_B2434,45.56166983,9.21328406,253.1979176008,8784,19.0722197765,14.7018599642,13.5269248247,14.1395702521,253.1979176008
MI_B2435,45.56165838,9.21930645,335.8865608689,8784,23.0451673639,11.5704533927,16.4040904457,16.7284606659,335.8865608689
MI_B2436,45.56164669,9.22532885,258.8140995424,8784,18.4711116481,8.6117209186,13.7843323912,14.9287614380,258.8140995424
MI_B2437,45.56163467,9.23135124,192.5501072423,8784,16.4188398428,7.2437027117,13.5688138598,15.0189304828,192.5501072423
MI_B2438,45.56162227,9.23737362,249.8958014714,8784,18.0557271728,8.2178511500,15.1423590008,16.3531019273,249.8958014714
MI_B2439,45.56160965,9.24339601,329.2088453570,8784,15.5655702700,8.1777165132,12.2600049950,13.1640060758,329.2088453570
MI_B2440,45.56159664,9.24941838,133.3118484506,8784,9.3841600107,4.9065749585,7.2771581142,8.0987009969,133.3118484506
MI_B2441,45.56158331,9.25544075,231.6063674003,8784,15.8298615101,7.5154153325,10.8779495992,12.1849787854,231.6063674003
MI_B2442,45.56156968,9.26146312,285.8629803629,8784,17.9488460674,8.4871856262,11.4545808179,12.8287691198,285.8629803629
MI_B2443,45.56155576,9.26748549,251.9909134163,8784,16.8512621921,8.1482959282,10.9728542620,12.2487888406,251.9909134163
MI_B2444,45.56154150,9.27350784,207.7737844230,8784,9.5463667912,4.3038372092,6.5520432420,7.5817850611,207.7737844230
MI_B2445,45.56152691,9.27953020,310.2419306937,8784,10.8226378777,4.5157184156,8.3154971593,9.8270091831,310.2419306937
MI_B2446,45.56151201,9.28555254,166.0302215982,8784,8.8944705001,3.5788096398,6.3895631354,7.4536862208,166.0302215982
MI_B2447,45.56149684,9.29157490,141.0745251673,8784,10.0261395907,4.1398865991,6.7124425535,7.5653096464,141.0745251673
MI_B2448,45.56148127,9.29759723,261.8979207586,8784,16.5351700381,7.6470315696,10.1317597057,11.4263054509,261.8979207586
MI_B2449,45.56146541,9.30361956,200.2612567789,8784,11.8731409498,5.9756876232,7.7838475715,8.7011324197,200.2612567789
MI_B2450,45.56144924,9.30964189,174.2960679039,8784,10.3584898399,5.7593289942,7.0559629642,7.6936683941,174.2960679039
MI_B2451,45.56609849,9.01454470,24.8604623659,8784,2.9487286079,1.4812993602,1.9004187079,2.4774903885,24.8604623659
MI_B2452,45.56609754,9.02056760,25.4142265261,8784,3.0486034432,1.5141201150,1.9456858039,2.5422347438,25.4142265261
MI_B2453,45.56609633,9.02659052,19.6071774522,8784,2.5237683722,1.2913583195,1.6147609587,2.0468923516,19.6071774522
MI_B2454,45.56609471,9.03261342,11.8515433091,8784,1.7337393573,0.9754533620,1.1143114295,1.2656247225,11.8515433091
MI_B2455,45.56609285,9.03863634,16.7731749273,8784,1.9204743060,1.1073550785,1.2502779221,1.4045980837,16.7731749273
MI_B2456,45.56609069,9.04465925,46.4614625809,8784,2.9873038717,1.9004347511,2.0699823723,2.2390764610,46.4614625809
MI_B2457,45.56608818,9.05068216,43.9386142523,8784,2.6008342514,1.6388432238,1.8028746455,1.9447326201,43.9386142523
MI_B2458,45.56608530,9.05670506,27.0692448838,8784,2.6683765357,1.3229472741,1.6108157650,1.8427636118,27.0692448838
MI_B2459,45.56608215,9.06272797,61.4329573138,8784,5.3444317533,2.5458587869,3.4059279796,3.8034928673,61.4329573138
MI_B2460,45.56607874,9.06875089,156.4386496159,8784,8.8005748181,4.2853627307,5.3689862166,5.9059563330,156.4386496159
MI_B2461,45.56607488,9.07477378,110.0797946342,8784,7.5303000799,3.6973219167,4.5808296334,5.0704400472,110.0797946342
MI_B2462,45.56607085,9.08079670,128.4678571632,8784,10.4564999350,5.1614611565,6.2460727969,6.7877472412,128.4678571632
MI_B2463,45.56606640,9.08681959,132.7373430892,8784,11.0469705129,5.2892372335,6.6591456762,7.2320507685,132.7373430892
MI_B2464,45.56606168,9.09284250,69.1430185932,8784,4.5704311402,2.1193313440,2.8365681208,3.1628943329,69.1430185932
MI_B2465,45.56605665,9.09886540,58.8906368083,8784,3.4656233170,1.6633752224,2.1436700355,2.3844351891,58.8906368083
MI_B2466,45.56605127,9.10488830,57.6977611547,8784,2.8441523379,1.2990540939,1.7876455020,1.9284423306,57.6977611547
MI_B2467,45.56604556,9.11091119,55.3004229379,8784,2.5560713801,1.1405614364,1.6181001986,1.7183620524,55.3004229379
MI_B2468,45.56603954,9.11693409,34.6009342360,8784,1.6848142529,0.8025344866,1.0748169180,1.1082894193,34.6009342360
MI_B2469,45.56603324,9.12295698,41.3483749542,8784,1.6472359664,0.9458798093,1.0470522725,0.9355363777,41.3483749542
MI_B2470,45.56602656,9.12897987,52.5584410785,8784,1.9771585166,1.1001218727,1.2489819179,1.1238143379,52.5584410785
MI_B2471,45.56601967,9.13500277,113.6846108324,8784,3.6473560561,1.8477785062,2.2477838139,2.1005570029,113.6846108324
MI_B2472,45.56601234,9.14102564,163.3066399320,8784,6.8397899081,3.4454704130,4.3749184148,4.5328862623,163.3066399320
MI_B2473,45.56600477,9.14704853,245.0206362522,8784,14.5854235766,7.4726926949,10.6047012506,11.3661304563,245.0206362522
MI_B2474,45.56599682,9.15307141,297.7236500186,8784,18.9399429908,9.9910928506,13.6446180731,14.6208564852,297.7236500186
MI_B2475,45.56598859,9.15909428,356.2787061159,8784,22.6798585795,12.4889687663,15.0117706496,15.7797620117,356.2787061159
MI_B2476,45.56598008,9.16511717,334.9037131275,8784,20.1188454767,10.9687179206,13.2161314504,14.0762079378,334.9037131275
MI_B2477,45.56597121,9.17114004,259.4879483840,8784,12.5836482782,6.4428573895,7.8491404516,8.9768771211,259.4879483840
MI_B2478,45.56596202,9.17716291,253.6156121729,8784,12.4313098571,6.2987465096,7.8683282874,8.9485887910,253.6156121729
MI_B2479,45.56595252,9.18318578,255.2575154167,8784,12.2864934033,5.8115799261,8.4975022983,9.4347334047,255.2575154167
MI_B2480,45.56594271,9.18920864,275.0608419592,8784,12.5231717258,5.7973023511,8.9817482162,9.9046645138,275.0608419592
MI_B2481,45.56593260,9.19523151,259.5819718328,8784,12.1038974338,6.7803850846,8.5827824158,9.5006365780,259.5819718328
MI_B2482,45.56592214,9.20125437,134.2220742990,8784,8.8733066485,15.9627725356,5.4442313131,5.9443217548,134.2220742990
MI_B2483,45.56591135,9.20727722,139.3041159596,8784,9.0525244678,11.6150990703,5.7727616992,5.9542024454,139.3041159596
MI_B2484,45.56590029,9.21330007,176.0991114879,8784,13.1781768046,11.9985106925,9.7608994350,9.8449419725,176.0991114879
MI_B2485,45.56588886,9.21932292,302.7097733310,8784,19.3717494022,10.7838019409,13.7965002062,13.7700619772,302.7097733310
MI_B2486,45.56587713,9.22534576,189.8516286830,8784,10.4793463338,5.2934401847,8.0530012669,8.7160602517,189.8516286830
MI_B2487,45.56586508,9.23136860,166.0476387538,8784,10.0300604169,4.6150345433,8.3674549511,9.2441462938,166.0476387538
MI_B2488,45.56585276,9.23739144,391.9941201250,8784,21.7835440127,10.2917426147,16.0504399271,17.4510869256,391.9941201250
MI_B2489,45.56584002,9.24341426,654.9026199500,8784,26.8256831355,13.2843780087,16.3004988107,17.4030237092,654.9026199500
MI_B2490,45.56582709,9.24943710,311.0017397637,8784,15.0249798743,7.6670051252,9.8497506030,10.8302458520,311.0017397637
MI_B2491,45.56581377,9.25545992,196.8850077340,8784,11.3977426550,5.2220494754,7.1210808090,8.1646388803,196.8850077340
MI_B2492,45.56580016,9.26148275,397.1396246130,8784,17.2656279000,7.7137306491,10.5366749915,11.9064065235,397.1396246130
MI_B2493,45.56578618,9.26750556,543.4641079204,8784,23.7993934709,11.4516173860,14.6461862635,15.6078896886,543.4641079204
MI_B2494,45.56577188,9.27352836,361.2326596532,8784,15.6092533002,7.4122500163,10.2698470990,10.9943578934,361.2326596532
MI_B2495,45.56575738,9.27955118,278.6091855306,8784,10.3107531152,4.3383629408,8.0032930881,9.3622177895,278.6091855306
MI_B2496,45.56574244,9.28557398,171.0292636621,8784,9.6389103830,4.2353629141,6.5901001609,7.6037539914,171.0292636621
MI_B2497,45.56572720,9.29159677,111.8968527933,8784,8.7358097696,3.7544387317,5.9635552610,6.6355132802,111.8968527933
MI_B2498,45.56571173,9.29761957,131.7659888699,8784,8.6539822468,4.1289608865,5.6943004382,6.5357908115,131.7659888699
MI_B2499,45.56569585,9.30364236,149.6145448444,8784,9.1658347138,4.4561618172,5.9434101602,6.8608121180,149.6145448444
MI_B2500,45.56567971,9.30966514,92.3506577510,8784,6.6077174689,3.3779498995,4.6600042246,5.2564093104,92.3506577510
