bs_id,latitude,longitude,total_duration(s),unique_users,lambda
BS_1,30.442177,120.618727,2871420,234,0.181607
BS_2,30.705762,121.335120,2837700,63,0.179474
BS_3,30.715526,121.351073,13088880,83,0.827823
BS_4,30.716044,121.291037,1135680,50,0.071828
BS_5,30.716187,121.349498,15794820,182,0.998964
BS_6,30.718108,121.283169,2035080,79,0.128711
BS_7,30.718302,121.314644,2360880,37,0.149317
BS_8,30.719537,121.355948,14835840,147,0.938312
BS_9,30.719644,121.345988,887880,23,0.056155
BS_10,30.721392,121.345766,197940,17,0.012519
BS_11,30.723654,121.330778,9186960,99,0.581041
BS_12,30.724560,121.344043,9617400,129,0.608265
BS_13,30.730296,121.342643,3734160,92,0.236172
BS_14,30.730789,121.343497,67980,14,0.004299
BS_15,30.730943,121.320069,9300,6,0.000588
BS_16,30.731903,121.334173,24665220,148,1.559984
BS_17,30.733903,121.341904,3095520,32,0.195780
BS_18,30.734070,121.350673,10647540,157,0.673418
BS_19,30.734301,121.257220,4660200,169,0.294740
BS_20,30.735262,121.351726,87000,4,0.005502
BS_21,30.735272,121.380359,27120,5,0.001715
BS_22,30.735389,121.358248,689460,12,0.043606
BS_23,30.735473,121.352751,110940,12,0.007017
BS_24,30.736093,121.355957,1256520,9,0.079470
BS_25,30.736314,121.354852,2311140,83,0.146171
BS_26,30.738649,121.382934,7084620,87,0.448076
BS_27,30.739639,121.373695,8087700,149,0.511517
BS_28,30.739797,121.327390,9475020,95,0.599260
BS_29,30.741272,121.334800,4594200,85,0.290566
BS_30,30.741390,121.380141,26693040,215,1.688236
BS_31,30.741693,121.367052,8882100,78,0.561760
BS_32,30.746286,121.344028,11166960,152,0.706269
BS_33,30.746649,121.378099,31800,3,0.002011
BS_34,30.747024,121.287991,2664240,68,0.168503
BS_35,30.747936,121.348822,346980,22,0.021945
BS_36,30.749894,121.270796,1184940,35,0.074943
BS_37,30.750457,121.376839,3820800,48,0.241651
BS_38,30.751838,121.360056,8266680,106,0.522837
BS_39,30.758612,121.320541,1291080,41,0.081656
BS_40,30.763589,121.264689,2234100,41,0.141299
BS_41,30.763912,121.333802,560100,51,0.035424
BS_42,30.765300,121.292527,803700,43,0.050831
BS_43,30.766975,121.362906,10324740,56,0.653002
BS_44,30.770905,121.407376,2198280,36,0.139033
BS_45,30.771941,121.373524,15923460,86,1.007100
BS_46,30.772261,121.378192,25020,5,0.001582
BS_47,30.773575,121.140930,243720,25,0.015414
BS_48,30.774911,121.259927,3814380,59,0.241245
BS_49,30.776480,121.358227,2249760,60,0.142289
BS_50,30.779826,121.376806,703620,117,0.044501
BS_51,30.781368,121.418953,1691100,36,0.106956
BS_52,30.781759,121.168333,453900,23,0.028707
BS_53,30.783400,121.299618,546960,27,0.034593
BS_54,30.790922,121.348126,6454320,56,0.408212
BS_55,30.793053,121.176224,366780,21,0.023197
BS_56,30.795602,121.152307,626940,28,0.039652
BS_57,30.796356,121.199264,1253280,43,0.079265
BS_58,30.796696,121.200272,261000,8,0.016507
BS_59,30.797060,121.431713,2871660,43,0.181622
BS_60,30.797557,121.356113,1879980,48,0.118902
BS_61,30.798179,121.426469,4083000,46,0.258235
BS_62,30.799332,121.268825,5843280,37,0.369566
BS_63,30.800042,121.417303,1118280,51,0.070727
BS_64,30.801265,121.395878,4008420,52,0.253518
BS_65,30.802260,121.311879,506760,30,0.032051
BS_66,30.802409,121.205114,1536720,25,0.097192
BS_67,30.802512,121.200039,12480,2,0.000789
BS_68,30.802978,121.397313,552120,33,0.034920
BS_69,30.806653,121.257345,991020,24,0.062678
BS_70,30.807278,121.304136,907620,51,0.057404
BS_71,30.808567,121.290740,11283000,55,0.713608
BS_72,30.810888,121.234763,1618800,76,0.102383
BS_73,30.811433,121.309343,430440,28,0.027224
BS_74,30.814394,121.182840,924060,9,0.058443
BS_75,30.814573,121.352883,7043760,102,0.445492
BS_76,30.815153,121.353426,42120,1,0.002664
BS_77,30.815977,121.436091,244620,21,0.015471
BS_78,30.816155,121.298392,3684360,58,0.233022
BS_79,30.823953,121.528367,3639060,110,0.230157
BS_80,30.824298,121.363989,5334600,144,0.337394
BS_81,30.824719,121.471519,2438040,39,0.154197
BS_82,30.827125,121.329382,3149400,14,0.199188
BS_83,30.828106,121.187081,542220,22,0.034293
BS_84,30.829073,121.470254,4560,2,0.000288
BS_85,30.829105,121.180127,2758380,19,0.174457
BS_86,30.830149,121.356520,3747360,85,0.237007
BS_87,30.831429,121.242309,4180200,28,0.264382
BS_88,30.831909,121.397355,2470560,73,0.156254
BS_89,30.831962,121.534676,610320,64,0.038600
BS_90,30.832370,121.439654,691860,19,0.043758
BS_91,30.832601,121.445485,1953480,37,0.123550
BS_92,30.832683,121.481868,5737500,105,0.362876
BS_93,30.834815,121.197836,10009920,36,0.633090
BS_94,30.837343,121.275733,247620,13,0.015661
BS_95,30.838141,121.189035,1091580,19,0.069038
BS_96,30.838466,121.228977,1135680,25,0.071828
BS_97,30.840600,121.251681,12021540,692,0.760318
BS_98,30.841016,121.482504,926700,49,0.058610
BS_99,30.841553,121.161299,538620,18,0.034066
BS_100,30.843004,121.438792,5885340,23,0.372226
BS_101,30.844397,121.528845,6488520,131,0.410375
BS_102,30.844717,121.528288,3009300,94,0.190327
BS_103,30.844718,121.256228,1283100,16,0.081151
BS_104,30.846072,121.323130,1268340,22,0.080218
BS_105,30.846647,121.431405,745500,27,0.047150
BS_106,30.847557,121.226776,5964480,58,0.377231
BS_107,30.850119,121.499982,1905360,64,0.120507
BS_108,30.851040,121.524116,664560,6,0.042031
BS_109,30.851080,121.855994,6923820,118,0.437906
BS_110,30.852446,121.262447,685740,15,0.043371
BS_111,30.852916,121.364997,753600,46,0.047662
BS_112,30.853798,121.344272,3220380,53,0.203677
BS_113,30.855412,121.569454,1783440,56,0.112796
BS_114,30.855815,121.311882,439080,23,0.027770
BS_115,30.858416,121.035215,4779300,507,0.302273
BS_116,30.860242,121.793880,16578300,43,1.048516
BS_117,30.860668,121.470193,6087960,50,0.385041
BS_118,30.862450,121.124035,159360,14,0.010079
BS_119,30.864276,121.112687,59280,13,0.003749
BS_120,30.865062,121.662776,8553600,28,0.540984
BS_121,30.866245,121.343018,9032880,86,0.571296
BS_122,30.866289,121.103027,3950640,53,0.249863
BS_123,30.866409,121.188512,426120,30,0.026951
BS_124,30.866830,121.833020,6726780,47,0.425444
BS_125,30.866941,121.595653,276300,22,0.017475
BS_126,30.867598,121.198612,692940,17,0.043826
BS_127,30.867838,121.737782,611580,18,0.038680
BS_128,30.869886,121.901843,792900,46,0.050148
BS_129,30.872205,121.530081,3697800,57,0.233872
BS_130,30.872829,121.424028,2933220,18,0.185515
BS_131,30.873326,121.284335,6209340,109,0.392718
BS_132,30.873376,121.040678,614040,61,0.038836
BS_133,30.873660,121.082631,1312200,56,0.082992
BS_134,30.874287,121.676030,2243700,44,0.141906
BS_135,30.874563,121.067902,3710100,75,0.234650
BS_136,30.874727,121.250912,1373340,18,0.086859
BS_137,30.875057,121.324697,4446960,53,0.281254
BS_138,30.875280,121.057676,287640,25,0.018192
BS_139,30.876032,121.466173,10275300,52,0.649875
BS_140,30.877060,121.856429,5915760,29,0.374150
BS_141,30.877822,121.548349,2641920,54,0.167092
BS_142,30.879349,121.094749,746220,75,0.047196
BS_143,30.879413,121.704723,710400,19,0.044930
BS_144,30.880213,121.907656,302760,27,0.019148
BS_145,30.880562,121.486561,8815440,63,0.557544
BS_146,30.881092,121.162611,447060,11,0.028275
BS_147,30.882016,121.532008,1419360,38,0.089769
BS_148,30.883780,121.573239,1174560,58,0.074287
BS_149,30.884387,121.408648,6665340,320,0.421558
BS_150,30.887807,121.346419,7680060,77,0.485735
BS_151,30.888384,121.980126,56280,7,0.003560
BS_152,30.888830,121.130607,2330100,42,0.147370
BS_153,30.889117,121.317123,823260,49,0.052068
BS_154,30.889117,121.319998,5682780,70,0.359415
BS_155,30.889225,121.177092,1070160,55,0.067684
BS_156,30.889354,121.488288,1916100,52,0.121186
BS_157,30.889377,121.176142,6285300,47,0.397522
BS_158,30.889897,121.320413,10578180,71,0.669031
BS_159,30.891109,121.903749,1912740,85,0.120974
BS_160,30.891157,121.186557,1484400,69,0.093883
BS_161,30.891482,121.739107,1904940,34,0.120480
BS_162,30.891706,121.171358,155160,13,0.009813
BS_163,30.892415,121.023553,20063160,321,1.268921
BS_164,30.893084,121.252519,1047840,59,0.066272
BS_165,30.893492,121.315973,1469700,45,0.092953
BS_166,30.893975,121.016922,6881160,289,0.435208
BS_167,30.894639,121.210160,4841280,93,0.306193
BS_168,30.894923,121.319564,4376760,95,0.276814
BS_169,30.895162,121.094602,1403100,86,0.088741
BS_170,30.895699,121.478289,5483160,78,0.346790
BS_171,30.895770,121.697282,1179660,38,0.074609
BS_172,30.896590,121.281933,1897800,51,0.120029
BS_173,30.897085,121.617832,6615960,64,0.418435
BS_174,30.897457,121.363240,3325080,84,0.210299
BS_175,30.897459,121.151158,608820,33,0.038506
BS_176,30.898128,121.536836,863760,43,0.054630
BS_177,30.898527,121.223670,2988900,33,0.189037
BS_178,30.898595,121.030128,6193440,149,0.391712
BS_179,30.898697,121.172576,1500300,42,0.094888
BS_180,30.899117,121.175731,10408260,114,0.658284
BS_181,30.899462,121.164967,222300,19,0.014060
BS_182,30.900013,121.049649,4123620,82,0.260804
BS_183,30.900276,121.251645,2100,3,0.000133
BS_184,30.900529,121.246804,3757980,42,0.237678
BS_185,30.900531,121.399787,1021920,28,0.064633
BS_186,30.900763,121.246509,3261240,63,0.206261
BS_187,30.901012,121.167878,111480,7,0.007051
BS_188,30.901155,121.933138,1980,1,0.000125
BS_189,30.901446,121.904248,315960,25,0.019983
BS_190,30.901978,121.452316,2259000,62,0.142873
BS_191,30.902581,121.167864,142500,6,0.009013
BS_192,30.902744,121.173518,67140,9,0.004246
BS_193,30.903041,121.922883,3086880,87,0.195234
BS_194,30.903117,121.146985,242040,32,0.015308
BS_195,30.903508,121.331287,10705800,169,0.677102
BS_196,30.903870,121.433071,4478880,41,0.283273
BS_197,30.903899,121.906187,942300,48,0.059597
BS_198,30.904648,121.173227,2490300,32,0.157502
BS_199,30.904757,121.467941,7134900,55,0.451256
BS_200,30.905367,121.832974,5757360,28,0.364132
BS_201,30.906180,121.178287,2003280,40,0.126700
BS_202,30.908341,121.870538,769920,19,0.048695
BS_203,30.908378,121.634574,7362420,76,0.465646
BS_204,30.908583,121.656169,12637380,95,0.799268
BS_205,30.909885,121.195459,4679040,23,0.295932
BS_206,30.910085,121.504947,7262880,74,0.459350
BS_207,30.910136,121.843044,13232880,104,0.836931
BS_208,30.910239,121.419143,3213660,72,0.203252
BS_209,30.910821,121.465194,182880,12,0.011566
BS_210,30.912581,121.465142,3245040,109,0.205237
BS_211,30.912905,121.801126,3975300,48,0.251423
BS_212,30.914669,121.471638,10647240,137,0.673399
BS_213,30.915122,121.560642,11965740,186,0.756789
BS_214,30.915200,121.664095,3993720,48,0.252588
BS_215,30.915686,121.462098,6315240,112,0.399416
BS_216,30.915722,121.763195,8814300,53,0.557472
BS_217,30.916416,121.467057,88500,2,0.005597
BS_218,30.917960,121.543057,7752540,43,0.490320
BS_219,30.918205,121.509992,7488960,65,0.473649
BS_220,30.918282,121.639066,5445360,72,0.344399
BS_221,30.918284,120.995861,110100,9,0.006963
BS_222,30.918525,121.743870,481920,26,0.030480
BS_223,30.918528,121.113765,129960,26,0.008219
BS_224,30.918549,121.476398,344640,16,0.021797
BS_225,30.919334,121.475563,14955360,147,0.945871
BS_226,30.919514,121.459360,7196940,101,0.455180
BS_227,30.919796,121.459621,9257700,109,0.585515
BS_228,30.919873,121.464262,5738760,128,0.362955
BS_229,30.920156,121.488943,6369600,246,0.402854
BS_230,30.920347,121.057024,704100,122,0.044532
BS_231,30.921604,121.471336,277380,33,0.017543
BS_232,30.922374,121.491159,39360,7,0.002489
BS_233,30.922611,121.473581,3562860,130,0.225338
BS_234,30.923134,121.481921,1684860,53,0.106561
BS_235,30.924050,121.648972,1504380,56,0.095146
BS_236,30.924981,121.710847,1268640,41,0.080237
BS_237,30.926430,121.782514,3351660,60,0.211980
BS_238,30.926464,121.682732,2949180,50,0.186525
BS_239,30.926680,121.466784,4698300,79,0.297150
BS_240,30.926900,121.467678,5144940,108,0.325398
BS_241,30.929412,121.460403,2650560,87,0.167638
BS_242,30.929541,121.616421,477840,28,0.030222
BS_243,30.929761,121.587992,319620,54,0.020215
BS_244,30.929919,121.206039,3535440,16,0.223604
BS_245,30.930023,121.011969,969360,56,0.061308
BS_246,30.930847,121.490112,511500,11,0.032350
BS_247,30.931335,121.472783,90420,13,0.005719
BS_248,30.932475,121.692651,11980680,46,0.757734
BS_249,30.932543,121.716591,1798380,47,0.113741
BS_250,30.933365,121.873737,8871840,74,0.561111
BS_251,30.933573,121.556510,775200,53,0.049029
BS_252,30.934254,121.279662,4830120,67,0.305487
BS_253,30.934396,121.369499,1059240,51,0.066993
BS_254,30.935029,121.186594,991200,66,0.062690
BS_255,30.935314,121.733322,8086440,56,0.511437
BS_256,30.935610,121.517165,3575700,138,0.226150
BS_257,30.935837,121.561311,2455680,72,0.155313
BS_258,30.935874,121.692581,3487500,39,0.220571
BS_259,30.936752,121.470783,2823780,85,0.178594
BS_260,30.938138,121.327668,15077100,82,0.953571
BS_261,30.938170,121.865652,7699680,62,0.486976
BS_262,30.939177,121.223182,11539080,34,0.729804
BS_263,30.939279,121.074396,906120,92,0.057309
BS_264,30.940039,121.548407,945900,56,0.059825
BS_265,30.940176,121.086747,506760,24,0.032051
BS_266,30.940804,121.073937,850620,55,0.053799
BS_267,30.941447,121.293964,7625880,70,0.482309
BS_268,30.941552,121.167600,1631700,92,0.103199
BS_269,30.943662,121.155665,1315920,36,0.083227
BS_270,30.944690,121.299291,4078500,36,0.257950
BS_271,30.945306,121.729327,2839920,24,0.179614
BS_272,30.945561,121.150834,3311940,40,0.209468
BS_273,30.946020,121.106186,770040,29,0.048702
BS_274,30.946702,121.624426,6430920,70,0.406732
BS_275,30.947965,121.640593,9441060,57,0.597112
BS_276,30.948124,121.381501,849900,26,0.053753
BS_277,30.948258,121.324472,1292220,16,0.081728
BS_278,30.948533,121.465504,1490220,91,0.094251
BS_279,30.948712,121.365593,11201580,85,0.708459
BS_280,30.949238,121.021134,512520,121,0.032415
BS_281,30.950067,121.449083,10891980,103,0.688878
BS_282,30.953524,121.483682,287520,18,0.018185
BS_283,30.953548,121.636227,3611220,51,0.228396
BS_284,30.954604,121.333773,24222660,121,1.531994
BS_285,30.954850,121.328077,395820,19,0.025034
BS_286,30.955208,121.732358,15177900,26,0.959946
BS_287,30.956183,121.908274,1822140,41,0.115244
BS_288,30.956486,121.405970,3056220,53,0.193295
BS_289,30.956624,121.334663,4381080,61,0.277087
BS_290,30.956973,121.097333,427560,82,0.027042
BS_291,30.957104,121.146044,1245660,18,0.078783
BS_292,30.957633,121.343012,5140200,76,0.325099
BS_293,30.960195,121.398632,3869280,23,0.244718
BS_294,30.960478,121.057529,4032420,68,0.255036
BS_295,30.960682,121.447242,4048860,262,0.256075
BS_296,30.962059,121.244644,1086060,30,0.068689
BS_297,30.963144,121.399360,3938640,57,0.249104
BS_298,30.963494,121.160188,290460,67,0.018371
BS_299,30.965531,121.208487,1198020,63,0.075770
BS_300,30.966714,121.771375,3033060,74,0.191830
BS_301,30.967591,121.656531,7539180,60,0.476825
BS_302,30.967758,121.083020,299460,59,0.018940
BS_303,30.967774,121.447499,17110200,168,1.082157
BS_304,30.969483,121.539720,2129040,79,0.134654
BS_305,30.970389,121.451558,1952760,66,0.123505
BS_306,30.971670,121.185692,176340,19,0.011153
BS_307,30.972355,121.610007,2307480,43,0.145940
BS_308,30.974035,121.554233,8106540,39,0.512709
BS_309,30.975236,121.195313,2047140,53,0.129474
BS_310,30.975316,121.349759,944700,40,0.059749
BS_311,30.975330,121.271449,4739280,78,0.299742
BS_312,30.975347,121.032558,837360,59,0.052960
BS_313,30.975655,121.228194,3331080,56,0.210679
BS_314,30.976182,121.750557,1351020,44,0.085447
BS_315,30.976672,121.459345,34380,2,0.002174
BS_316,30.977355,121.748080,1263660,41,0.079922
BS_317,30.977517,121.669761,1298580,24,0.082130
BS_318,30.978325,121.707670,2444040,47,0.154577
BS_319,30.978506,121.447689,16521180,274,1.044904
BS_320,30.978588,121.581677,822840,75,0.052042
BS_321,30.979350,121.815249,3700260,40,0.234028
BS_322,30.979419,121.022464,512640,39,0.032423
BS_323,30.981236,121.488197,611340,50,0.038665
BS_324,30.982046,121.207872,5363460,68,0.339219
BS_325,30.983141,121.540945,11306340,100,0.715084
BS_326,30.983162,121.054057,3692640,33,0.233546
BS_327,30.983830,121.235077,5805000,103,0.367145
BS_328,30.983966,121.737727,865740,59,0.054755
BS_329,30.984047,121.726879,3035760,80,0.192001
BS_330,30.985081,121.691229,13224060,284,0.836373
BS_331,30.986462,121.409757,1422300,140,0.089955
BS_332,30.987088,121.588932,3062640,61,0.193701
BS_333,30.988441,121.874860,4744920,39,0.300099
BS_334,30.989121,121.127308,3768300,42,0.238331
BS_335,30.990222,121.082742,477060,26,0.030172
BS_336,30.990550,121.126163,2764440,84,0.174841
BS_337,30.990721,121.803969,889800,61,0.056277
BS_338,30.990942,121.125410,2410140,102,0.152432
BS_339,30.991472,121.430726,17789640,135,1.125129
BS_340,30.991693,121.639711,1173060,70,0.074192
BS_341,30.992078,121.312070,632160,103,0.039982
BS_342,30.993285,121.367690,2109180,47,0.133398
BS_343,30.993467,121.234309,5306640,132,0.335625
BS_344,30.993594,121.348984,4980720,57,0.315012
BS_345,30.993883,121.129758,13510140,270,0.854466
BS_346,30.994999,121.264867,1188960,74,0.075197
BS_347,30.995671,121.095344,120300,12,0.007609
BS_348,30.995864,121.568444,7449480,65,0.471152
BS_349,30.996346,121.297687,3878640,52,0.245310
BS_350,30.997412,121.247239,1766220,60,0.111707
BS_351,30.998611,121.216212,13550040,124,0.856990
BS_352,30.999098,121.447826,24317100,195,1.537967
BS_353,30.999472,121.378674,2114820,50,0.133755
BS_354,31.000658,121.659325,1261140,61,0.079762
BS_355,31.001530,121.235235,944820,100,0.059756
BS_356,31.002291,121.873286,1960200,29,0.123975
BS_357,31.002479,121.390889,5198340,45,0.328776
BS_358,31.003024,121.254796,21600,11,0.001366
BS_359,31.004198,121.067198,5028420,121,0.318029
BS_360,31.005717,121.202014,6378240,129,0.403400
BS_361,31.006332,121.579916,1347360,77,0.085216
BS_362,31.006875,121.198317,15300,3,0.000968
BS_363,31.007327,121.431151,7804500,121,0.493606
BS_364,31.007639,121.416247,8519400,65,0.538821
BS_365,31.008160,121.274391,7996620,138,0.505757
BS_366,31.008378,121.431928,22260,2,0.001408
BS_367,31.009423,121.245898,13934880,157,0.881330
BS_368,31.009480,121.499800,7630140,65,0.482578
BS_369,31.009530,121.052076,1759200,37,0.111263
BS_370,31.010124,121.538644,7724220,50,0.488528
BS_371,31.010331,121.381275,6158760,57,0.389519
BS_372,31.010467,121.237408,1342260,88,0.084893
BS_373,31.010877,121.240031,258000,13,0.016318
BS_374,31.011339,121.296295,3549720,88,0.224507
BS_375,31.011886,121.234971,21992520,254,1.390946
BS_376,31.012103,121.414993,89580,13,0.005666
BS_377,31.012108,121.074488,1056780,28,0.066837
BS_378,31.012170,121.265575,12096360,214,0.765050
BS_379,31.012212,121.413472,13732800,131,0.868549
BS_380,31.012479,121.240994,223080,23,0.014109
BS_381,31.012788,121.228073,402180,38,0.025436
BS_382,31.012822,121.051558,134760,17,0.008523
BS_383,31.012926,121.423939,7180560,122,0.454144
BS_384,31.012940,121.637001,5316240,69,0.336233
BS_385,31.013082,121.391811,5755800,41,0.364033
BS_386,31.013227,121.552205,4646400,61,0.293868
BS_387,31.014893,121.047477,76260,9,0.004823
BS_388,31.015452,121.154814,8476740,108,0.536122
BS_389,31.015724,121.409070,7645380,40,0.483542
BS_390,31.015959,121.227509,9519900,157,0.602099
BS_391,31.016130,121.203009,8654760,180,0.547382
BS_392,31.016211,121.412788,3823740,78,0.241837
BS_393,31.016895,121.429710,9897720,182,0.625994
BS_394,31.017385,121.715431,6108060,125,0.386312
BS_395,31.018041,121.055413,650220,33,0.041124
BS_396,31.018176,121.418004,10358280,119,0.655123
BS_397,31.018376,121.405070,8001900,69,0.506091
BS_398,31.018662,121.420209,933480,7,0.059039
BS_399,31.019191,121.234929,26760,4,0.001692
BS_400,31.019246,121.250749,6332640,70,0.400516
BS_401,31.019533,121.388705,7728180,52,0.488779
BS_402,31.019691,121.249497,7505520,111,0.474696
BS_403,31.019982,121.244295,6848040,236,0.433113
BS_404,31.020065,121.233110,10937100,246,0.691731
BS_405,31.020849,121.759757,1744080,51,0.110307
BS_406,31.021245,121.226791,751380,44,0.047522
BS_407,31.021462,121.321255,8491800,153,0.537075
BS_408,31.021822,121.590566,9938220,103,0.628556
BS_409,31.022923,121.806437,4405140,49,0.278609
BS_410,31.023064,121.534267,3615900,88,0.228692
BS_411,31.023241,121.226517,587520,57,0.037158
BS_412,31.023300,121.247714,82980,14,0.005248
BS_413,31.023331,121.315006,2187720,129,0.138365
BS_414,31.023776,121.315484,7380,1,0.000467
BS_415,31.023902,121.350511,1587720,80,0.100417
BS_416,31.024417,121.471297,4493880,170,0.284221
BS_417,31.024911,121.255017,2840880,157,0.179675
BS_418,31.024958,120.918706,707160,121,0.044725
BS_419,31.025227,121.442510,21998640,231,1.391333
BS_420,31.025516,121.301690,538320,7,0.034047
BS_421,31.025763,121.541983,7191780,180,0.454854
BS_422,31.026816,121.426094,5803800,166,0.367069
BS_423,31.027984,121.267724,99840,6,0.006315
BS_424,31.028770,121.456878,1438080,6,0.090953
BS_425,31.030308,121.650922,9045660,133,0.572105
BS_426,31.030352,120.990008,28140,7,0.001780
BS_427,31.030356,121.535809,16300620,97,1.030954
BS_428,31.030606,121.225475,347640,31,0.021987
BS_429,31.030657,121.236586,3734280,132,0.236179
BS_430,31.030806,121.396875,2967360,68,0.187675
BS_431,31.031203,121.650090,16858500,58,1.066238
BS_432,31.031459,121.300841,10415400,62,0.658736
BS_433,31.032045,121.783775,6869340,61,0.434460
BS_434,31.032565,121.409407,21648240,95,1.369171
BS_435,31.033330,121.427385,14636700,229,0.925717
BS_436,31.033659,121.577846,4090020,103,0.258679
BS_437,31.034225,121.254609,106080,1,0.006709
BS_438,31.034322,121.601024,9861780,104,0.623721
BS_439,31.035151,121.544702,669180,54,0.042323
BS_440,31.035254,121.521118,300,1,0.000019
BS_441,31.035283,121.246093,6868740,106,0.434422
BS_442,31.035335,121.117893,4846620,56,0.306531
BS_443,31.036007,121.465390,1744320,10,0.110322
BS_444,31.036404,121.272345,6708900,223,0.424313
BS_445,31.036429,121.324198,3687420,122,0.233216
BS_446,31.036623,121.377512,4690500,109,0.296657
BS_447,31.036987,121.386554,14243280,135,0.900835
BS_448,31.037068,121.686977,2206140,101,0.139530
BS_449,31.037320,121.189630,4606680,202,0.291355
BS_450,31.037985,121.752781,4623600,65,0.292426
BS_451,31.038201,121.216468,20446320,166,1.293154
BS_452,31.038291,121.194794,15966900,178,1.009847
BS_453,31.038725,121.464203,5732460,84,0.362557
BS_454,31.038799,121.216584,73440,2,0.004645
BS_455,31.038898,121.239840,417780,71,0.026423
BS_456,31.038911,121.226883,3060420,141,0.193560
BS_457,31.038935,121.465427,2760,1,0.000175
BS_458,31.038964,121.226100,157020,21,0.009931
BS_459,31.039072,121.593700,3480,1,0.000220
BS_460,31.039155,121.241352,186780,20,0.011813
BS_461,31.039158,121.239632,8245980,152,0.521528
BS_462,31.039193,121.604274,14449020,113,0.913847
BS_463,31.039301,121.593594,10695060,86,0.676423
BS_464,31.039411,121.819385,2151540,41,0.136077
BS_465,31.039424,121.225364,153300,14,0.009696
BS_466,31.039725,121.225427,807840,52,0.051093
BS_467,31.039823,121.280347,99600,1,0.006299
BS_468,31.039851,121.603151,117300,8,0.007419
BS_469,31.040309,121.308498,5736720,193,0.362826
BS_470,31.040378,121.255563,24437220,281,1.545564
BS_471,31.040408,121.204524,38040,9,0.002406
BS_472,31.041182,121.739041,7268940,46,0.459734
BS_473,31.041390,121.741651,7747920,76,0.490027
BS_474,31.041762,120.928733,2791380,99,0.176544
BS_475,31.042021,121.204506,11129040,127,0.703871
BS_476,31.042056,121.720903,10804740,81,0.683360
BS_477,31.042149,121.539262,8050080,73,0.509138
BS_478,31.042348,121.289110,1539720,96,0.097382
BS_479,31.042415,121.482986,4772820,52,0.301863
BS_480,31.043159,121.420296,2559120,84,0.161855
BS_481,31.043246,120.924071,365580,38,0.023122
BS_482,31.043466,121.004091,52080,9,0.003294
BS_483,31.044065,121.537499,1365420,66,0.086358
BS_484,31.044667,121.461910,15567540,235,0.984589
BS_485,31.044697,121.224620,534900,50,0.033830
BS_486,31.045068,121.232113,2014320,75,0.127398
BS_487,31.045101,121.223676,8912880,210,0.563707
BS_488,31.045313,121.844791,6409920,32,0.405404
BS_489,31.045319,121.846169,1062480,27,0.067198
BS_490,31.045516,121.216817,10432080,165,0.659791
BS_491,31.045834,121.408322,16358340,191,1.034605
BS_492,31.045842,121.756555,1592100,7,0.100694
BS_493,31.045964,121.420076,324180,3,0.020503
BS_494,31.046524,121.749155,4181040,92,0.264435
BS_495,31.046753,121.062205,225720,24,0.014276
BS_496,31.046945,121.764826,10224540,118,0.646664
BS_497,31.047441,121.470836,7389240,128,0.467342
BS_498,31.047975,121.785062,6697080,93,0.423566
BS_499,31.048220,121.231928,4919220,205,0.311122
BS_500,31.048468,121.242219,27600,2,0.001746
BS_501,31.048503,121.141872,5271660,115,0.333413
BS_502,31.048845,121.231719,8194740,224,0.518287
BS_503,31.049556,121.600672,6602640,93,0.417593
BS_504,31.050344,121.770082,3942060,104,0.249321
BS_505,31.050708,121.217094,5752440,63,0.363821
BS_506,31.051162,121.311884,8855400,273,0.560071
BS_507,31.051247,121.480621,5144100,156,0.325345
BS_508,31.051731,121.423756,5803560,177,0.367054
BS_509,31.051898,121.769904,62696520,602,3.965323
BS_510,31.052253,121.347624,1252740,72,0.079231
BS_511,31.052413,121.218957,225660,11,0.014272
BS_512,31.052639,121.761696,6928200,118,0.438183
BS_513,31.052986,121.506423,5346720,128,0.338160
BS_514,31.053198,120.907525,1540260,210,0.097416
BS_515,31.053362,121.431405,8177580,280,0.517202
BS_516,31.054051,121.741771,327480,16,0.020712
BS_517,31.054254,121.087156,709320,24,0.044862
BS_518,31.054324,121.793035,2697300,110,0.170594
BS_519,31.054506,121.460002,10277040,150,0.649985
BS_520,31.054594,121.339133,8004480,143,0.506254
BS_521,31.054777,121.166179,43860,2,0.002774
BS_522,31.054947,120.995325,4032660,21,0.255051
BS_523,31.055129,121.770244,8664840,158,0.548019
BS_524,31.056596,121.721736,1974480,152,0.124879
BS_525,31.056648,121.404326,13071300,69,0.826711
BS_526,31.057069,121.599172,6238680,110,0.394573
BS_527,31.057607,121.030715,2352060,8,0.148759
BS_528,31.057696,121.207516,11180760,160,0.707142
BS_529,31.057816,121.413943,5707980,188,0.361009
BS_530,31.057990,121.626154,6958500,109,0.440099
BS_531,31.058092,121.235964,3130380,183,0.197985
BS_532,31.058150,120.970188,6945900,11,0.439303
BS_533,31.058407,121.330724,9430800,285,0.596463
BS_534,31.058805,121.593285,2853120,117,0.180449
BS_535,31.058917,121.770251,164340,16,0.010394
BS_536,31.058968,121.787072,4869060,102,0.307950
BS_537,31.059304,121.535660,9624180,135,0.608694
BS_538,31.059755,121.389723,19267380,113,1.218591
BS_539,31.060038,121.195223,7182480,119,0.454265
BS_540,31.060535,121.274528,231300,1,0.014629
BS_541,31.060659,121.399957,1566720,49,0.099089
BS_542,31.060813,121.789941,37380,2,0.002364
BS_543,31.061709,121.771457,401040,2,0.025364
BS_544,31.062583,121.449860,3811320,74,0.241052
BS_545,31.062883,121.744224,1111500,52,0.070298
BS_546,31.063443,121.227299,79260,4,0.005013
BS_547,31.063518,121.215539,391080,6,0.024734
BS_548,31.063923,121.353076,3377280,68,0.213600
BS_549,31.064763,121.396913,1431900,53,0.090562
BS_550,31.065206,121.803371,4326000,166,0.273604
BS_551,31.065868,121.534543,74640,8,0.004721
BS_552,31.065995,121.314532,1570860,7,0.099351
BS_553,31.066230,121.321933,30874860,545,1.952721
BS_554,31.066368,121.208200,24328920,324,1.538714
BS_555,31.067235,121.762108,4432920,76,0.280366
BS_556,31.068209,121.373076,7612620,110,0.481470
BS_557,31.068626,121.108326,2618340,54,0.165600
BS_558,31.069261,121.375484,12194460,106,0.771255
BS_559,31.069540,120.928583,502620,42,0.031789
BS_560,31.069676,121.773361,11373420,55,0.719327
BS_561,31.069757,121.399847,21586920,235,1.365293
BS_562,31.069946,121.719641,11334720,139,0.716879
BS_563,31.070388,121.520258,10544400,218,0.666894
BS_564,31.070388,121.532962,11902260,194,0.752774
BS_565,31.070433,121.467199,2552220,70,0.161418
BS_566,31.071950,121.150279,13457700,109,0.851150
BS_567,31.071955,121.234457,8966580,244,0.567103
BS_568,31.072138,121.661831,3238920,96,0.204850
BS_569,31.072213,121.658885,3601020,100,0.227751
BS_570,31.072520,121.404373,265260,13,0.016777
BS_571,31.073061,120.970637,3583200,31,0.226624
BS_572,31.073134,121.317814,15265620,279,0.965494
BS_573,31.073706,121.680729,3884520,112,0.245682
BS_574,31.074013,121.407487,10741980,243,0.679391
BS_575,31.074814,121.713455,4657680,59,0.294581
BS_576,31.075231,121.436269,12992760,189,0.821744
BS_577,31.075694,121.505294,117360,6,0.007423
BS_578,31.077825,121.339810,18672660,269,1.180977
BS_579,31.078365,121.404647,11118360,240,0.703195
BS_580,31.078561,121.564629,4900620,201,0.309946
BS_581,31.078791,121.422082,20881860,252,1.320701
BS_582,31.080002,121.798389,2161860,61,0.136730
BS_583,31.080824,121.390896,12252180,164,0.774905
BS_584,31.080930,121.159291,3457020,69,0.218644
BS_585,31.081110,121.263537,22560000,212,1.426837
BS_586,31.081475,121.523285,26437980,222,1.672105
BS_587,31.081917,121.062248,6793020,41,0.429633
BS_588,31.082557,121.430065,2518620,4,0.159293
BS_589,31.082614,121.523874,4050540,98,0.256182
BS_590,31.082701,121.448694,13436520,134,0.849810
BS_591,31.084634,120.989297,201840,32,0.012766
BS_592,31.085146,121.589124,12008220,166,0.759476
BS_593,31.085245,121.533086,148380,4,0.009384
BS_594,31.085320,121.237002,2280480,176,0.144232
BS_595,31.085713,120.966216,761160,27,0.048141
BS_596,31.086136,121.507054,8285580,180,0.524032
BS_597,31.086916,121.387535,19652520,218,1.242949
BS_598,31.087050,121.503604,1849320,3,0.116963
BS_599,31.087108,121.371206,1819500,3,0.115077
BS_600,31.087196,121.505435,666900,30,0.042179
BS_601,31.087224,121.466989,1261740,47,0.079800
BS_602,31.087306,121.275545,13052340,168,0.825512
BS_603,31.087507,121.398717,7574040,166,0.479030
BS_604,31.088099,121.430111,13636140,126,0.862435
BS_605,31.088700,121.513069,1681920,24,0.106375
BS_606,31.088801,121.536584,3238740,125,0.204838
BS_607,31.089060,121.722984,7527840,107,0.476108
BS_608,31.090076,121.406999,7084080,335,0.448042
BS_609,31.091117,121.549904,1498800,42,0.094794
BS_610,31.092010,121.395696,690840,8,0.043693
BS_611,31.092058,121.387530,35097240,289,2.219771
BS_612,31.092304,120.912151,437040,34,0.027641
BS_613,31.094143,121.488864,4746120,127,0.300175
BS_614,31.094914,121.436820,30287640,168,1.915581
BS_615,31.095422,121.393617,14160,3,0.000896
BS_616,31.095884,121.350551,18344520,126,1.160223
BS_617,31.095990,121.238111,727440,99,0.046008
BS_618,31.096053,121.518157,6856500,159,0.433648
BS_619,31.096325,121.341209,14871900,474,0.940593
BS_620,31.098201,121.323149,221580,4,0.014014
BS_621,31.098359,121.073778,6747600,61,0.426761
BS_622,31.098558,121.377147,13407120,284,0.847951
BS_623,31.098701,121.582178,14668620,146,0.927736
BS_624,31.099085,121.386207,6524460,165,0.412648
BS_625,31.099126,121.813976,768060,45,0.048577
BS_626,31.099642,121.449578,29180880,136,1.845583
BS_627,31.099755,121.009542,576660,75,0.036472
BS_628,31.100034,121.663489,9941880,136,0.628787
BS_629,31.100465,121.401931,12328260,354,0.779717
BS_630,31.101140,121.181649,4995960,281,0.315976
BS_631,31.101299,120.918138,216240,30,0.013676
BS_632,31.101868,121.461669,199500,9,0.012618
BS_633,31.102000,121.462298,12727500,119,0.804967
BS_634,31.102210,121.277743,1536540,5,0.097180
BS_635,31.102445,121.413911,16329480,155,1.032779
BS_636,31.103460,121.419988,106620,5,0.006743
BS_637,31.103599,121.416145,244980,12,0.015494
BS_638,31.103660,121.420217,24726120,257,1.563836
BS_639,31.103853,121.810034,7816260,193,0.494350
BS_640,31.103957,121.456645,41220,5,0.002607
BS_641,31.104981,121.360938,14238480,204,0.900531
BS_642,31.105352,121.438535,7247880,139,0.458402
BS_643,31.105808,121.038742,10634220,68,0.672575
BS_644,31.106089,121.039819,3920940,171,0.247985
BS_645,31.106411,121.450195,209160,6,0.013229
BS_646,31.106732,121.290566,563040,6,0.035610
BS_647,31.106759,121.398956,5950260,165,0.376332
BS_648,31.107362,121.020176,3659820,40,0.231470
BS_649,31.108567,121.766873,20072340,335,1.269501
BS_650,31.108792,121.061126,795300,63,0.050300
BS_651,31.108876,121.345256,11126460,237,0.703707
BS_652,31.108880,121.390919,10448100,289,0.660804
BS_653,31.109271,121.617421,13039320,171,0.824689
BS_654,31.109649,121.402441,16728300,262,1.058003
BS_655,31.109666,121.052906,2880600,33,0.182187
BS_656,31.109806,121.242241,10752300,168,0.680043
BS_657,31.109998,121.164842,14929920,90,0.944262
BS_658,31.110093,121.371253,1281960,184,0.081079
BS_659,31.110606,121.517194,4918200,7,0.311058
BS_660,31.110847,121.509512,14940,2,0.000945
BS_661,31.111061,121.395692,253020,30,0.016003
BS_662,31.111358,121.020928,3751860,87,0.237291
BS_663,31.111396,121.379353,19089240,313,1.207324
BS_664,31.111607,121.324796,10590120,160,0.669786
BS_665,31.111821,121.385462,28409760,543,1.796812
BS_666,31.111905,121.052290,249360,5,0.015771
BS_667,31.111986,121.385210,163560,3,0.010345
BS_668,31.112344,121.480257,10495620,158,0.663809
BS_669,31.112548,121.538798,16161900,145,1.022180
BS_670,31.112651,121.404584,60120,7,0.003802
BS_671,31.112806,121.462647,5027880,82,0.317995
BS_672,31.112899,121.367429,148620,3,0.009400
BS_673,31.113159,121.064210,3321540,153,0.210075
BS_674,31.113501,121.393037,6116040,284,0.386817
BS_675,31.113675,121.383752,356520,31,0.022549
BS_676,31.113744,121.341878,23198880,253,1.467243
BS_677,31.113798,121.382691,1298160,99,0.082104
BS_678,31.114038,121.415096,17770140,250,1.123896
BS_679,31.114131,121.394475,15767340,476,0.997226
BS_680,31.114470,121.460831,455280,81,0.028795
BS_681,31.115176,121.365790,8214900,174,0.519562
BS_682,31.115773,120.907942,169500,11,0.010720
BS_683,31.116021,121.287621,50683200,239,3.205525
BS_684,31.116086,121.488253,864720,96,0.054690
BS_685,31.116103,121.435710,25409820,214,1.607077
BS_686,31.116535,121.678055,4847640,84,0.306595
BS_687,31.116740,121.586334,25123020,117,1.588938
BS_688,31.116791,121.166516,8104140,53,0.512557
BS_689,31.116903,121.595022,18078180,154,1.143378
BS_690,31.117005,121.271194,28038060,262,1.773304
BS_691,31.117100,121.391692,976380,171,0.061752
BS_692,31.117844,121.402074,11461260,391,0.724882
BS_693,31.117940,121.457471,11004660,76,0.696004
BS_694,31.118723,121.248449,4863060,98,0.307571
BS_695,31.119287,121.204986,8577180,104,0.542475
BS_696,31.119557,121.036331,2752440,46,0.174082
BS_697,31.119755,121.577952,2434680,162,0.153985
BS_698,31.119806,121.071074,3001740,151,0.189849
BS_699,31.120602,121.581473,10157400,221,0.642418
BS_700,31.120714,121.426930,24180480,465,1.529326
BS_701,31.120753,121.381579,13519080,442,0.855032
BS_702,31.120822,121.290010,10975800,165,0.694179
BS_703,31.120864,121.389141,21298260,781,1.347036
BS_704,31.121127,121.243829,6789000,227,0.429379
BS_705,31.121152,121.141999,11665980,191,0.737830
BS_706,31.121363,121.369095,12392580,229,0.783785
BS_707,31.121932,121.334810,16554480,107,1.047010
BS_708,31.121996,121.393805,2935680,9,0.185671
BS_709,31.122449,121.582926,8055780,255,0.509498
BS_710,31.122623,121.433813,15813960,220,1.000175
BS_711,31.122643,121.734179,4772940,68,0.301871
BS_712,31.122978,121.704554,4401660,79,0.278389
BS_713,31.123026,120.926117,180060,13,0.011388
BS_714,31.123394,121.278015,21142560,218,1.337189
BS_715,31.123621,121.266561,1290480,88,0.081618
BS_716,31.123763,120.901878,104400,15,0.006603
BS_717,31.124080,121.716759,6034080,53,0.381633
BS_718,31.124501,121.327910,14513100,161,0.917900
BS_719,31.124664,121.323455,16640640,307,1.052459
BS_720,31.124812,121.508263,6258300,81,0.395814
BS_721,31.125467,121.581832,23588100,219,1.491860
BS_722,31.125695,121.464010,11163240,223,0.706034
BS_723,31.125764,121.562057,19150380,247,1.211191
BS_724,31.126179,121.378046,436920,23,0.027634
BS_725,31.126339,121.573213,6573060,162,0.415722
BS_726,31.126748,120.934108,370440,20,0.023429
BS_727,31.126777,121.367557,2075820,224,0.131288
BS_728,31.127217,121.335543,19397820,171,1.226840
BS_729,31.127539,121.389284,11110380,179,0.702690
BS_730,31.127837,121.380654,13201800,329,0.834965
BS_731,31.127879,121.452728,9404340,131,0.594790
BS_732,31.128227,121.454410,11758440,271,0.743678
BS_733,31.128344,121.629697,95940,12,0.006068
BS_734,31.129363,121.425144,340020,6,0.021505
BS_735,31.129482,121.192266,1709400,81,0.108113
BS_736,31.129955,121.336848,23727960,371,1.500706
BS_737,31.130862,121.091425,10916460,281,0.690426
BS_738,31.130891,121.472384,5821500,272,0.368188
BS_739,31.131070,121.298444,10398600,231,0.657673
BS_740,31.131231,121.398758,35192880,572,2.225820
BS_741,31.131416,121.429704,22133460,345,1.399860
BS_742,31.132311,121.362691,7572840,277,0.478954
BS_743,31.132602,121.095863,471540,87,0.029823
BS_744,31.132640,121.324430,9068640,158,0.573558
BS_745,31.132785,121.413457,16173120,246,1.022890
BS_746,31.132833,121.172810,3774660,54,0.238733
BS_747,31.133956,121.526289,15799560,146,0.999264
BS_748,31.134254,121.280533,14617200,224,0.924484
BS_749,31.134484,121.427640,4115400,165,0.260284
BS_750,31.134548,121.390950,16758480,407,1.059912
BS_751,31.134786,121.444969,15746280,279,0.995894
BS_752,31.134917,121.334281,2347140,256,0.148448
BS_753,31.135217,121.612931,26640,2,0.001685
BS_754,31.135275,121.765517,128160,5,0.008106
BS_755,31.136230,121.778480,1056060,49,0.066792
BS_756,31.136777,121.546762,7792800,72,0.492866
BS_757,31.136936,121.325876,139380,25,0.008815
BS_758,31.137143,121.545715,3552480,56,0.224681
BS_759,31.137509,121.407680,25570860,943,1.617262
BS_760,31.137560,121.339005,25049220,248,1.584271
BS_761,31.137582,121.083916,3993300,81,0.252561
BS_762,31.138371,121.416975,21837000,674,1.381110
BS_763,31.138666,121.398483,313860,53,0.019850
BS_764,31.139017,121.545465,3072840,1,0.194346
BS_765,31.139021,121.323325,80400,8,0.005085
BS_766,31.139023,121.356356,273300,3,0.017285
BS_767,31.139255,121.409759,4002720,89,0.253157
BS_768,31.139656,121.378972,428100,21,0.027076
BS_769,31.139657,121.298915,14841660,202,0.938680
BS_770,31.139721,121.673912,3998640,104,0.252899
BS_771,31.140348,121.210964,207180,16,0.013103
BS_772,31.140384,121.620758,36729480,465,2.323004
BS_773,31.140855,121.360032,22625100,353,1.430954
BS_774,31.140979,121.586245,15898020,163,1.005491
BS_775,31.141245,121.500503,9560580,461,0.604671
BS_776,31.141982,121.459872,17738040,227,1.121866
BS_777,31.142218,121.413767,3117660,217,0.197180
BS_778,31.142588,121.756503,163800,65,0.010360
BS_779,31.142865,121.330843,14726100,353,0.931371
BS_780,31.142941,121.443942,7168740,272,0.453396
BS_781,31.143297,121.132883,19008000,544,1.202186
BS_782,31.143351,121.352765,77820,5,0.004922
BS_783,31.143681,121.353698,990180,8,0.062625
BS_784,31.143754,121.434357,7131720,262,0.451055
BS_785,31.143774,121.519955,9438360,127,0.596941
BS_786,31.143835,120.935676,317520,11,0.020082
BS_787,31.143965,121.573343,11456340,296,0.724571
BS_788,31.144212,121.508250,7966800,208,0.503871
BS_789,31.144653,121.478451,3582600,318,0.226586
BS_790,31.144812,121.119606,7573260,132,0.478981
BS_791,31.145387,121.616230,13983600,188,0.884411
BS_792,31.145439,121.417433,29879220,1026,1.889750
BS_793,31.145641,121.449009,3447420,244,0.218037
BS_794,31.145654,121.375598,3405360,244,0.215376
BS_795,31.145979,121.376079,128940,14,0.008155
BS_796,31.146112,121.504322,254160,32,0.016075
BS_797,31.146285,121.518893,2148540,90,0.135887
BS_798,31.146311,121.399951,45118500,505,2.853578
BS_799,31.146522,121.352501,41739660,340,2.639879
BS_800,31.146551,121.235394,3158940,182,0.199791
BS_801,31.147783,121.366475,8498280,289,0.537485
BS_802,31.147903,121.403379,7022640,494,0.444156
BS_803,31.148334,121.420448,1003200,218,0.063449
BS_804,31.148773,121.387158,20469780,570,1.294638
BS_805,31.148785,121.115114,3234720,92,0.204584
BS_806,31.148848,121.314851,20933820,235,1.323987
BS_807,31.149062,121.392526,426900,46,0.027000
BS_808,31.149628,121.439240,11016000,269,0.696721
BS_809,31.149677,121.729053,20602320,75,1.303021
BS_810,31.149689,121.531301,19786980,352,1.251453
BS_811,31.150193,121.454190,3198360,186,0.202284
BS_812,31.150287,121.471783,532140,129,0.033656
BS_813,31.150303,121.430423,496320,72,0.031390
BS_814,31.150398,121.537521,22563780,237,1.427076
BS_815,31.150483,121.491401,13234680,430,0.837045
BS_816,31.150587,121.499019,919920,88,0.058182
BS_817,31.150662,121.434931,5584440,253,0.353195
BS_818,31.150797,121.728702,5268120,89,0.333189
BS_819,31.150865,121.336324,156720,7,0.009912
BS_820,31.151008,121.324166,2114400,27,0.133728
BS_821,31.151421,121.279419,6602580,126,0.417589
BS_822,31.151539,121.411090,15913620,443,1.006478
BS_823,31.151756,121.140651,109140,4,0.006903
BS_824,31.152045,121.420017,3303960,172,0.208963
BS_825,31.152157,121.514858,37256580,533,2.356341
BS_826,31.152177,121.172752,3189240,90,0.201708
BS_827,31.152182,121.564661,10410000,215,0.658394
BS_828,31.152280,121.118001,10813260,125,0.683899
BS_829,31.152563,121.460663,183720,4,0.011620
BS_830,31.152571,121.412981,105360,12,0.006664
BS_831,31.152749,121.182589,3425160,3,0.216629
BS_832,31.153746,121.504388,4997820,112,0.316094
BS_833,31.154144,121.118793,117660,12,0.007442
BS_834,31.154462,121.123826,69840,12,0.004417
BS_835,31.154497,121.501351,218820,39,0.013840
BS_836,31.154675,121.813740,2085060,381,0.131872
BS_837,31.154875,121.131226,5980200,121,0.378226
BS_838,31.154909,121.436989,1891320,172,0.119619
BS_839,31.154923,121.360450,30507000,524,1.929455
BS_840,31.155148,121.597536,2359740,9,0.149245
BS_841,31.155297,121.573504,17622480,150,1.114557
BS_842,31.155342,121.810500,2484900,406,0.157161
BS_843,31.155344,121.202500,6078240,149,0.384426
BS_844,31.155349,121.375527,1258800,165,0.079614
BS_845,31.155379,121.765101,8520,2,0.000539
BS_846,31.155384,121.771585,15750600,61,0.996167
BS_847,31.155403,121.576420,29699340,381,1.878374
BS_848,31.155620,121.130864,282360,2,0.017858
BS_849,31.155848,121.383402,20336280,430,1.286195
BS_850,31.156341,121.512599,937320,6,0.059282
BS_851,31.156361,121.131706,94980,5,0.006007
BS_852,31.156365,121.418310,400560,8,0.025334
BS_853,31.156454,121.815297,1539300,299,0.097355
BS_854,31.156811,121.236841,265440,32,0.016788
BS_855,31.156874,121.348458,11787900,319,0.745541
BS_856,31.156928,121.121902,1660440,49,0.105017
BS_857,31.156954,121.146623,340860,6,0.021558
BS_858,31.157020,121.106352,553740,26,0.035022
BS_859,31.157022,121.498865,308580,69,0.019517
BS_860,31.157151,121.431115,906240,238,0.057316
BS_861,31.157241,121.418919,33953220,386,2.147416
BS_862,31.157362,121.221594,3770160,196,0.238449
BS_863,31.157536,121.203337,18313380,141,1.158254
BS_864,31.157677,121.424531,5006160,162,0.316621
BS_865,31.157983,121.104293,46740,3,0.002956
BS_866,31.158202,121.389411,13093740,219,0.828131
BS_867,31.158515,121.138400,5122200,102,0.323960
BS_868,31.158559,121.319801,27570180,179,1.743712
BS_869,31.158843,121.127268,11414160,129,0.721903
BS_870,31.159304,121.358718,22120680,663,1.399051
BS_871,31.159523,121.435774,5520000,537,0.349120
BS_872,31.159536,121.144200,248460,28,0.015714
BS_873,31.159569,121.145966,1397640,62,0.088396
BS_874,31.159667,121.515041,1694280,74,0.107157
BS_875,31.159704,121.457647,12568560,229,0.794915
BS_876,31.159756,121.525433,12069720,310,0.763365
BS_877,31.159771,121.588960,1874100,5,0.118530
BS_878,31.160079,121.370790,4314060,296,0.272848
BS_879,31.160199,121.557134,5846100,235,0.369744
BS_880,31.160324,121.508559,56760,21,0.003590
BS_881,31.160355,121.454785,7403880,44,0.468268
BS_882,31.161027,121.722478,3414060,65,0.215927
BS_883,31.161066,121.354642,871920,72,0.055146
BS_884,31.161442,121.507559,305940,36,0.019350
BS_885,31.161635,121.286602,1994880,111,0.126169
BS_886,31.161896,121.135143,48840,1,0.003089
BS_887,31.162111,121.566673,431760,27,0.027307
BS_888,31.162282,121.426688,8659440,224,0.547678
BS_889,31.162395,121.353836,1529580,214,0.096740
BS_890,31.162463,121.364262,6634440,444,0.419604
BS_891,31.162714,121.772242,8305020,170,0.525262
BS_892,31.162868,121.448422,12281280,313,0.776746
BS_893,31.163201,121.111390,2720400,68,0.172055
BS_894,31.163339,121.469291,1559700,101,0.098645
BS_895,31.163393,121.381735,23608740,638,1.493166
BS_896,31.163400,121.396418,1310880,123,0.082908
BS_897,31.163432,121.354451,23486100,576,1.485409
BS_898,31.163459,121.574025,11168280,219,0.706352
BS_899,31.163460,121.405127,13613160,215,0.860982
BS_900,31.163705,121.503747,28307640,281,1.790354
BS_901,31.164195,121.330502,25797120,469,1.631573
BS_902,31.164838,121.410811,1476720,214,0.093397
BS_903,31.165276,121.419648,34020,2,0.002152
BS_904,31.165339,121.427732,7570380,209,0.478799
BS_905,31.165389,121.119468,119340,13,0.007548
BS_906,31.165840,121.530742,7424340,202,0.469562
BS_907,31.165863,121.398738,152760,11,0.009662
BS_908,31.166007,121.457766,5912220,208,0.373926
BS_909,31.166046,121.642137,2062080,110,0.130419
BS_910,31.166058,121.403691,3189060,271,0.201696
BS_911,31.166365,121.419792,4856520,126,0.307157
BS_912,31.166408,121.569203,16538340,397,1.045989
BS_913,31.166663,121.412681,243420,2,0.015395
BS_914,31.166910,121.115166,5596680,83,0.353969
BS_915,31.167195,121.389325,35280,9,0.002231
BS_916,31.167279,121.113649,6944040,95,0.439185
BS_917,31.167412,121.436492,9060,4,0.000573
BS_918,31.167548,121.425927,10980,2,0.000694
BS_919,31.167947,121.670231,5062680,166,0.320196
BS_920,31.168070,121.488657,4113780,395,0.260181
BS_921,31.168125,121.503534,332880,68,0.021053
BS_922,31.168241,121.437559,2863200,126,0.181087
BS_923,31.168296,121.588625,3751320,214,0.237257
BS_924,31.168501,121.402505,447900,8,0.028328
BS_925,31.168519,121.804669,5106240,425,0.322951
BS_926,31.168688,121.487892,304440,19,0.019255
BS_927,31.168720,121.768142,6939000,141,0.438866
BS_928,31.168853,121.394657,4145040,222,0.262158
BS_929,31.168922,121.412651,14174520,330,0.896486
BS_930,31.168938,121.543330,4176600,85,0.264155
BS_931,31.169078,121.433389,440760,28,0.027876
BS_932,31.169488,121.349667,121680,15,0.007696
BS_933,31.169494,121.302234,567840,5,0.035914
BS_934,31.169703,121.412163,1197240,10,0.075721
BS_935,31.169796,121.528470,2465040,17,0.155905
BS_936,31.169908,121.418183,149580,9,0.009460
BS_937,31.170097,121.608906,2518680,185,0.159297
BS_938,31.170230,121.337413,26746140,770,1.691595
BS_939,31.170526,121.349960,207180,2,0.013103
BS_940,31.170804,121.278846,17220,6,0.001089
BS_941,31.170967,121.400720,1029600,14,0.065118
BS_942,31.171101,121.507145,13456620,126,0.851082
BS_943,31.171480,121.411456,36960,3,0.002338
BS_944,31.171648,121.110276,2043060,91,0.129216
BS_945,31.171686,121.441221,7718640,444,0.488175
BS_946,31.171916,121.718029,2823960,114,0.178605
BS_947,31.171972,121.140685,10813740,474,0.683929
BS_948,31.172160,121.347748,177420,29,0.011221
BS_949,31.172470,121.404203,10789500,401,0.682396
BS_950,31.172550,121.363745,8796060,301,0.556318
BS_951,31.172550,121.405133,76980,3,0.004869
BS_952,31.172757,121.425965,16383120,459,1.036172
BS_953,31.172778,121.534530,836040,17,0.052876
BS_954,31.172866,121.434994,220620,17,0.013953
BS_955,31.173163,121.356571,6840360,198,0.432628
BS_956,31.173828,121.781108,211620,17,0.013384
BS_957,31.173856,121.350522,6627480,392,0.419164
BS_958,31.174053,121.282683,18688800,355,1.181998
BS_959,31.174203,121.431404,3024360,537,0.191280
BS_960,31.174217,121.289644,990660,39,0.062656
BS_961,31.174223,121.436719,66960,6,0.004235
BS_962,31.174287,121.435995,149280,23,0.009441
BS_963,31.174304,121.436093,361320,42,0.022852
BS_964,31.174400,121.285083,18112140,234,1.145526
BS_965,31.174460,121.798555,10800,3,0.000683
BS_966,31.174661,121.528220,22855500,225,1.445526
BS_967,31.174748,121.392470,4244040,137,0.268420
BS_968,31.175318,121.181299,17728380,114,1.121255
BS_969,31.175621,121.317835,13102920,347,0.828711
BS_970,31.175781,121.643301,5627220,242,0.355901
BS_971,31.175943,121.424363,1817280,265,0.114936
BS_972,31.175983,121.381611,1008720,106,0.063798
BS_973,31.176050,121.431225,4191840,219,0.265118
BS_974,31.176090,121.382302,172920,13,0.010937
BS_975,31.176250,121.418829,172020,10,0.010880
BS_976,31.176379,121.397706,10783680,119,0.682028
BS_977,31.176489,121.188906,888060,192,0.056167
BS_978,31.176650,121.132941,10023900,108,0.633975
BS_979,31.176728,121.407443,53880,8,0.003408
BS_980,31.176807,121.251063,13161720,133,0.832430
BS_981,31.176813,121.439114,6862140,254,0.434005
BS_982,31.176978,121.499522,13481280,337,0.852641
BS_983,31.176998,121.423586,7794720,258,0.492987
BS_984,31.177067,121.370844,8376300,319,0.529770
BS_985,31.177098,121.525845,223500,15,0.014136
BS_986,31.177169,121.445517,8618160,261,0.545067
BS_987,31.177248,121.512490,349380,12,0.022097
BS_988,31.177291,121.405153,497880,4,0.031489
BS_989,31.177439,121.108654,34440,5,0.002178
BS_990,31.177620,121.511042,19894800,131,1.258273
BS_991,31.177646,121.555355,7354860,192,0.465168
BS_992,31.177667,121.410757,60900,4,0.003852
BS_993,31.177836,121.408499,259380,7,0.016405
BS_994,31.177858,121.346956,13927260,536,0.880848
BS_995,31.178033,121.487803,1642800,237,0.103901
BS_996,31.178085,121.409564,91200,3,0.005768
BS_997,31.178088,121.413515,13991760,183,0.884927
BS_998,31.178278,121.606216,4908540,211,0.310447
BS_999,31.178359,121.279284,11127180,380,0.703753
BS_1000,31.178673,121.521509,172620,4,0.010918
BS_1001,31.178962,121.388264,1145700,191,0.072461
BS_1002,31.179351,121.312860,229260,15,0.014500
BS_1003,31.179390,121.754087,6669720,84,0.421835
BS_1004,31.179594,121.559510,114180,7,0.007221
BS_1005,31.179738,121.422728,55320,6,0.003499
BS_1006,31.179835,121.429502,10761420,287,0.680620
BS_1007,31.180043,121.609028,802320,113,0.050744
BS_1008,31.180175,121.422303,11970180,218,0.757070
BS_1009,31.180260,121.406339,8058420,323,0.509665
BS_1010,31.180466,121.441251,10443900,351,0.660538
BS_1011,31.180526,121.349428,74940,10,0.004740
BS_1012,31.180581,121.527653,722100,124,0.045670
BS_1013,31.180728,121.386832,9540,4,0.000603
BS_1014,31.180753,121.749174,3802800,100,0.240513
BS_1015,31.180763,121.476049,5644740,285,0.357009
BS_1016,31.180780,121.423677,816000,146,0.051609
BS_1017,31.180824,121.525363,1286700,141,0.081379
BS_1018,31.180897,121.463904,5124540,202,0.324108
BS_1019,31.180994,121.377204,309720,15,0.019589
BS_1020,31.181381,121.688934,5849640,86,0.369968
BS_1021,31.181485,121.520026,31509240,263,1.992843
BS_1022,31.181580,121.295188,13560,3,0.000858
BS_1023,31.181629,121.510713,266640,57,0.016864
BS_1024,31.181785,121.529159,7491120,269,0.473786
BS_1025,31.182032,121.388195,69240,14,0.004379
BS_1026,31.182122,121.377455,603720,53,0.038183
BS_1027,31.182189,121.394088,8282460,275,0.523835
BS_1028,31.182198,121.390214,6697080,249,0.423566
BS_1029,31.182284,121.449609,16680,1,0.001055
BS_1030,31.182300,121.394288,42120,6,0.002664
BS_1031,31.182371,121.526439,3569520,228,0.225759
BS_1032,31.182415,121.381272,2445840,86,0.154690
BS_1033,31.182483,121.576200,14138280,96,0.894194
BS_1034,31.182633,121.439015,528720,2,0.033440
BS_1035,31.182725,121.414920,4495260,101,0.284309
BS_1036,31.183039,121.434356,249600,27,0.015786
BS_1037,31.183064,121.407773,2115840,88,0.133819
BS_1038,31.183323,121.447822,22609560,753,1.429971
BS_1039,31.183857,121.637321,21215280,257,1.341788
BS_1040,31.183859,121.415119,53340,5,0.003374
BS_1041,31.184319,121.230946,9755340,126,0.616989
BS_1042,31.184327,121.381012,331800,33,0.020985
BS_1043,31.184347,121.441392,892200,129,0.056428
BS_1044,31.184426,121.158110,1561740,45,0.098774
BS_1045,31.184580,121.420921,542700,45,0.034324
BS_1046,31.184752,121.387556,119880,6,0.007582
BS_1047,31.184883,121.430689,2247420,156,0.142141
BS_1048,31.184888,121.510295,19981320,326,1.263745
BS_1049,31.184951,121.409317,576420,2,0.036456
BS_1050,31.184979,121.310460,2334000,121,0.147617
BS_1051,31.185044,121.414303,607860,3,0.038445
BS_1052,31.185065,121.503655,1735140,222,0.109741
BS_1053,31.185126,121.451633,1054620,2,0.066701
BS_1054,31.185189,121.445449,973740,14,0.061585
BS_1055,31.185228,121.169700,2599020,78,0.164378
BS_1056,31.185812,121.457923,4611660,170,0.291670
BS_1057,31.186057,121.448720,371100,44,0.023471
BS_1058,31.186176,121.539110,488520,52,0.030897
BS_1059,31.186202,121.547930,324120,22,0.020499
BS_1060,31.186411,121.402496,36420,5,0.002303
BS_1061,31.186465,121.429887,12755940,333,0.806766
BS_1062,31.186628,121.372116,9423900,210,0.596027
BS_1063,31.186698,121.448550,474000,107,0.029979
BS_1064,31.186740,121.380533,542280,33,0.034297
BS_1065,31.186975,121.398899,8340,2,0.000527
BS_1066,31.187130,121.451332,3768180,221,0.238323
BS_1067,31.187254,121.536259,14171220,169,0.896277
BS_1068,31.187384,121.470686,394920,25,0.024977
BS_1069,31.187492,121.452395,87300,8,0.005521
BS_1070,31.187712,121.432106,199560,7,0.012621
BS_1071,31.187829,121.452956,120780,28,0.007639
BS_1072,31.187859,121.444801,849300,177,0.053715
BS_1073,31.188068,121.699562,66060,17,0.004178
BS_1074,31.188145,121.432275,785820,5,0.049700
BS_1075,31.188181,121.442033,126060,9,0.007973
BS_1076,31.188183,121.440258,660,2,0.000042
BS_1077,31.188258,121.301297,1143900,4,0.072347
BS_1078,31.188332,121.405187,266700,6,0.016868
BS_1079,31.188510,121.403115,2194500,26,0.138794
BS_1080,31.188512,121.437591,2114160,237,0.133713
BS_1081,31.188514,121.498410,1518540,193,0.096042
BS_1082,31.188696,121.181232,5270400,84,0.333333
BS_1083,31.188821,121.387044,7222320,179,0.456785
BS_1084,31.188877,121.434120,1004460,6,0.063528
BS_1085,31.189000,121.431937,1091640,25,0.069042
BS_1086,31.189335,121.781953,16864140,228,1.066595
BS_1087,31.189366,121.443482,544380,78,0.034430
BS_1088,31.189701,121.543143,6067920,149,0.383774
BS_1089,31.189711,121.363392,360,1,0.000023
BS_1090,31.189723,121.356104,82020,2,0.005187
BS_1091,31.189816,121.430881,21540,6,0.001362
BS_1092,31.189897,121.354305,25440,6,0.001609
BS_1093,31.190103,121.485774,326760,68,0.020666
BS_1094,31.190168,121.467092,3341340,111,0.211327
BS_1095,31.190185,121.443475,16002660,601,1.012109
BS_1096,31.190301,121.566862,21245940,216,1.343727
BS_1097,31.190389,121.457678,10613160,258,0.671243
BS_1098,31.190483,121.434806,1431720,140,0.090551
BS_1099,31.190530,121.445372,224760,31,0.014215
BS_1100,31.190828,121.420662,261300,26,0.016526
BS_1101,31.190941,121.420437,300,2,0.000019
BS_1102,31.191041,121.713578,13140,3,0.000831
BS_1103,31.191070,121.554321,7728840,164,0.488821
BS_1104,31.191178,121.466480,186780,17,0.011813
BS_1105,31.191240,121.507961,1821300,125,0.115190
BS_1106,31.191430,121.411411,14316540,374,0.905468
BS_1107,31.191496,121.410930,319200,5,0.020188
BS_1108,31.191674,121.699103,8100180,219,0.512306
BS_1109,31.191700,121.440205,257220,3,0.016268
BS_1110,31.191702,121.449143,732180,59,0.046308
BS_1111,31.191797,121.442896,56700,8,0.003586
BS_1112,31.191818,121.538713,5877480,197,0.371729
BS_1113,31.191830,121.590970,6181260,153,0.390942
BS_1114,31.191847,121.381117,9879540,194,0.624844
BS_1115,31.192060,121.438501,7363320,141,0.465703
BS_1116,31.192182,121.466139,497220,77,0.031447
BS_1117,31.192275,121.462826,11445180,172,0.723865
BS_1118,31.192320,121.142889,4963800,93,0.313942
BS_1119,31.192395,121.748164,184200,19,0.011650
BS_1120,31.192397,121.384407,827400,12,0.052330
BS_1121,31.192457,121.443575,124800,17,0.007893
BS_1122,31.192480,121.596297,31080,4,0.001966
BS_1123,31.192915,121.682688,11491320,91,0.726784
BS_1124,31.192935,121.399680,144660,12,0.009149
BS_1125,31.192975,121.449755,14122080,325,0.893169
BS_1126,31.193320,121.430385,12460260,540,0.788065
BS_1127,31.193331,121.599017,471300,59,0.029808
BS_1128,31.193409,121.393885,10151700,282,0.642058
BS_1129,31.193515,121.531662,758700,93,0.047985
BS_1130,31.193608,121.448072,70140,10,0.004436
BS_1131,31.193643,121.402511,4342380,5,0.274639
BS_1132,31.193646,121.449596,2112600,15,0.133614
BS_1133,31.193686,121.423417,1888980,3,0.119471
BS_1134,31.193771,121.546521,408420,64,0.025831
BS_1135,31.193811,121.373792,3049680,275,0.192881
BS_1136,31.193820,121.495240,39950160,1147,2.526700
BS_1137,31.194107,121.399831,316200,3,0.019998
BS_1138,31.194194,121.456589,12981480,288,0.821031
BS_1139,31.194364,121.400164,16620,2,0.001051
BS_1140,31.194525,121.511600,69060,5,0.004368
BS_1141,31.194567,121.453929,610740,8,0.038627
BS_1142,31.194580,121.436178,5154420,188,0.325998
BS_1143,31.194719,121.448676,183420,30,0.011601
BS_1144,31.194792,121.466884,2305740,256,0.145830
BS_1145,31.194928,121.366998,2059980,231,0.130286
BS_1146,31.195086,121.440792,220560,3,0.013950
BS_1147,31.195131,121.418788,6633420,263,0.419539
BS_1148,31.195139,121.385973,10213980,261,0.645997
BS_1149,31.195321,121.445546,445380,4,0.028169
BS_1150,31.195442,121.754406,62640,15,0.003962
BS_1151,31.195613,121.404250,10295100,236,0.651127
BS_1152,31.195619,121.518297,231240,9,0.014625
BS_1153,31.195623,121.398393,424740,113,0.026863
BS_1154,31.195642,121.446626,392520,2,0.024825
BS_1155,31.195650,121.439802,354000,7,0.022389
BS_1156,31.195709,121.424093,1327980,155,0.083990
BS_1157,31.195877,121.597043,1161540,3,0.073463
BS_1158,31.195887,121.591747,646020,2,0.040858
BS_1159,31.195907,121.410659,5062800,115,0.320203
BS_1160,31.196010,121.444227,164640,9,0.010413
BS_1161,31.196135,121.558528,8301420,259,0.525034
BS_1162,31.196220,121.468181,376680,5,0.023824
BS_1163,31.196266,121.537132,12985740,264,0.821300
BS_1164,31.196602,121.461665,885960,169,0.056034
BS_1165,31.196975,121.440602,12240,3,0.000774
BS_1166,31.196991,121.710603,71820,8,0.004542
BS_1167,31.197034,121.391103,109440,19,0.006922
BS_1168,31.197060,121.095538,5046300,38,0.319160
BS_1169,31.197080,121.382863,42420,7,0.002683
BS_1170,31.197114,121.442853,11356020,626,0.718226
BS_1171,31.197152,121.444999,840000,47,0.053127
BS_1172,31.197367,121.479142,96780,16,0.006121
BS_1173,31.197512,121.470198,3275640,9,0.207172
BS_1174,31.197573,121.376410,4004040,190,0.253241
BS_1175,31.197573,121.454035,2863140,280,0.181083
BS_1176,31.197656,121.463533,6139080,238,0.388274
BS_1177,31.197909,121.426542,8320440,453,0.526237
BS_1178,31.198048,121.604048,19242420,220,1.217012
BS_1179,31.198093,121.126168,13985460,198,0.884529
BS_1180,31.198113,121.590353,2072580,6,0.131083
BS_1181,31.198142,121.446688,12720,4,0.000804
BS_1182,31.198149,121.443929,93600,3,0.005920
BS_1183,31.198268,121.383605,206520,29,0.013062
BS_1184,31.198273,121.445101,174540,35,0.011039
BS_1185,31.198372,121.355749,3591840,359,0.227171
BS_1186,31.198673,121.479377,789060,28,0.049905
BS_1187,31.198680,121.485666,3059160,229,0.193481
BS_1188,31.198799,121.383701,2993760,182,0.189344
BS_1189,31.198836,121.215066,11695200,178,0.739678
BS_1190,31.198912,121.444187,86100,16,0.005446
BS_1191,31.198952,121.702440,8409360,107,0.531861
BS_1192,31.198953,121.516066,291780,57,0.018454
BS_1193,31.199070,121.517372,447720,23,0.028317
BS_1194,31.199096,121.401958,26940,4,0.001704
BS_1195,31.199128,121.540588,45900,7,0.002903
BS_1196,31.199140,121.438003,50640,17,0.003203
BS_1197,31.199167,121.433919,141780,12,0.008967
BS_1198,31.199270,121.622800,233220,1,0.014750
BS_1199,31.199450,121.434169,4980,4,0.000315
BS_1200,31.199522,121.446970,1215720,180,0.076890
BS_1201,31.199535,121.456715,555240,41,0.035117
BS_1202,31.199721,121.325753,20380200,1142,1.288972
BS_1203,31.199790,121.389906,2580000,134,0.163175
BS_1204,31.200003,121.566460,10740,1,0.000679
BS_1205,31.200179,121.551597,553620,32,0.035014
BS_1206,31.200224,121.316463,4423500,82,0.279770
BS_1207,31.200248,121.474414,1921740,203,0.121543
BS_1208,31.200249,121.443811,6443520,289,0.407529
BS_1209,31.200293,121.400145,1108980,10,0.070139
BS_1210,31.200428,121.437655,3062880,9,0.193716
BS_1211,31.200432,121.447381,13347780,466,0.844198
BS_1212,31.200668,121.480775,79980,17,0.005058
BS_1213,31.200719,121.519009,203580,18,0.012876
BS_1214,31.200779,121.533917,46560,3,0.002945
BS_1215,31.200783,121.446011,3884160,472,0.245659
BS_1216,31.200811,121.444401,6350340,770,0.401636
BS_1217,31.200865,121.448273,14400,10,0.000911
BS_1218,31.200875,121.481499,49320,6,0.003119
BS_1219,31.200882,121.446511,27831300,258,1.760227
BS_1220,31.201009,121.610969,2114220,6,0.133717
BS_1221,31.201064,121.438699,4102920,327,0.259495
BS_1222,31.201121,121.445016,1632600,59,0.103256
BS_1223,31.201237,121.669336,6960420,218,0.440221
BS_1224,31.201251,121.561484,11698620,239,0.739895
BS_1225,31.201259,121.401430,12075240,574,0.763714
BS_1226,31.201279,121.709485,21929820,275,1.386980
BS_1227,31.201303,121.434409,5318880,225,0.336400
BS_1228,31.201321,121.404211,3127980,8,0.197833
BS_1229,31.201647,121.420098,6061380,358,0.383360
BS_1230,31.201720,121.743118,2379240,100,0.150478
BS_1231,31.201817,121.452116,200100,5,0.012656
BS_1232,31.201880,121.479048,57840,2,0.003658
BS_1233,31.201959,121.610950,1082100,3,0.068439
BS_1234,31.201965,121.452457,11472600,430,0.725600
BS_1235,31.201966,121.545756,182100,7,0.011517
BS_1236,31.202004,121.591317,2580,2,0.000163
BS_1237,31.202075,121.187355,8813640,147,0.557430
BS_1238,31.202103,121.445912,704880,53,0.044581
BS_1239,31.202118,121.395128,1722780,147,0.108959
BS_1240,31.202226,121.399589,19440,2,0.001230
BS_1241,31.202262,121.564812,292200,57,0.018481
BS_1242,31.202376,121.434660,11100,1,0.000702
BS_1243,31.202395,121.627800,25135800,248,1.589747
BS_1244,31.202570,121.480687,21120,1,0.001336
BS_1245,31.202814,121.416250,15600,1,0.000987
BS_1246,31.202883,121.476296,8961360,269,0.566773
BS_1247,31.202912,121.712449,3466500,56,0.219243
BS_1248,31.203019,121.443614,477000,32,0.030168
BS_1249,31.203031,121.443586,8792040,154,0.556064
BS_1250,31.203194,121.468650,901620,139,0.057024
BS_1251,31.203225,121.399229,86640,13,0.005480
BS_1252,31.203252,121.441646,66060,10,0.004178
BS_1253,31.203349,121.413890,22440,4,0.001419
BS_1254,31.203422,121.526246,104160,6,0.006588
BS_1255,31.203473,121.445984,7537500,442,0.476719
BS_1256,31.203513,121.422001,132300,5,0.008367
BS_1257,31.203552,121.371544,5501520,140,0.347951
BS_1258,31.203621,121.393816,54000,6,0.003415
BS_1259,31.203670,121.543991,403680,82,0.025531
BS_1260,31.203742,121.461251,130980,30,0.008284
BS_1261,31.203911,121.590509,1067760,3,0.067532
BS_1262,31.203978,121.423912,13400460,423,0.847530
BS_1263,31.203981,121.483421,793500,112,0.050186
BS_1264,31.203987,121.520591,21536700,283,1.362117
BS_1265,31.204036,121.437644,392340,2,0.024814
BS_1266,31.204135,121.432003,168600,11,0.010663
BS_1267,31.204140,121.406657,588600,8,0.037227
BS_1268,31.204167,121.411602,37080,3,0.002345
BS_1269,31.204179,121.538588,11060760,448,0.699552
BS_1270,31.204322,121.455438,261060,17,0.016511
BS_1271,31.204343,121.407018,4385100,185,0.277341
BS_1272,31.204349,121.693531,8757720,183,0.553893
BS_1273,31.204601,121.484087,217560,21,0.013760
BS_1274,31.204614,121.432408,7295580,235,0.461418
BS_1275,31.204728,121.454952,8820,5,0.000558
BS_1276,31.204763,121.526768,931500,6,0.058914
BS_1277,31.204787,121.452154,10080,3,0.000638
BS_1278,31.204999,121.471193,8858580,113,0.560272
BS_1279,31.205050,121.393756,12180,2,0.000770
BS_1280,31.205115,121.492127,93360,6,0.005905
BS_1281,31.205507,121.527506,44160,5,0.002793
BS_1282,31.205618,121.420639,36660,5,0.002319
BS_1283,31.205759,121.263160,13163040,279,0.832514
BS_1284,31.205813,121.413544,5385300,539,0.340600
BS_1285,31.205839,121.462046,10380600,309,0.656535
BS_1286,31.206089,121.105074,708960,85,0.044839
BS_1287,31.206194,121.456569,7185600,438,0.454463
BS_1288,31.206201,121.085991,1262400,93,0.079842
BS_1289,31.206458,121.562768,201600,26,0.012750
BS_1290,31.206547,121.306923,15095040,389,0.954706
BS_1291,31.206573,121.701043,99420,16,0.006288
BS_1292,31.206640,121.419118,32460,6,0.002053
BS_1293,31.206668,121.449678,994620,235,0.062906
BS_1294,31.206761,121.399923,97080,26,0.006140
BS_1295,31.206940,121.459659,2491200,365,0.157559
BS_1296,31.206958,121.591146,2048460,207,0.129558
BS_1297,31.207094,121.713617,252780,59,0.015987
BS_1298,31.207125,121.299924,7330440,188,0.463623
BS_1299,31.207139,121.449578,2380920,260,0.150584
BS_1300,31.207205,121.482691,6599580,238,0.417399
BS_1301,31.207247,121.572933,1395300,205,0.088248
BS_1302,31.207251,121.407122,3157020,44,0.199670
BS_1303,31.207348,121.701850,6921180,155,0.437739
BS_1304,31.207679,121.489691,7869060,267,0.497689
BS_1305,31.207700,121.669382,20577240,254,1.301434
BS_1306,31.208108,121.414830,1987920,227,0.125729
BS_1307,31.208153,121.410830,79740,7,0.005043
BS_1308,31.208187,121.479316,60840,2,0.003848
BS_1309,31.208346,121.544892,19660080,252,1.243427
BS_1310,31.208384,121.466365,15285840,347,0.966773
BS_1311,31.208403,121.441631,34500,6,0.002182
BS_1312,31.208476,121.466867,36720,4,0.002322
BS_1313,31.208589,121.524447,5173560,229,0.327209
BS_1314,31.208636,121.464367,26700,4,0.001689
BS_1315,31.208892,121.556192,21780,3,0.001378
BS_1316,31.209010,121.478403,2321820,241,0.146847
BS_1317,31.209025,121.616514,19602660,221,1.239796
BS_1318,31.209070,121.436851,31500,3,0.001992
BS_1319,31.209182,121.535827,7938660,351,0.502091
BS_1320,31.209182,121.752433,3797100,134,0.240153
BS_1321,31.209344,121.414036,25740,4,0.001628
BS_1322,31.209344,121.466999,34500,7,0.002182
BS_1323,31.209424,121.530284,133080,36,0.008417
BS_1324,31.209454,121.524245,151260,19,0.009567
BS_1325,31.209479,121.702069,6212880,76,0.392942
BS_1326,31.209545,121.412006,160800,11,0.010170
BS_1327,31.209591,121.484233,14280,4,0.000903
BS_1328,31.209598,121.437679,43920,1,0.002778
BS_1329,31.209644,121.564470,14469720,544,0.915156
BS_1330,31.209704,121.368486,2965320,55,0.187546
BS_1331,31.209857,121.644884,388440,39,0.024567
BS_1332,31.209872,121.409627,358320,38,0.022662
BS_1333,31.209881,121.416504,161280,10,0.010200
BS_1334,31.209904,121.234203,5998440,134,0.379379
BS_1335,31.209905,121.374720,13335540,82,0.843424
BS_1336,31.209913,121.425292,7127340,229,0.450778
BS_1337,31.209934,121.604472,744660,2,0.047097
BS_1338,31.210033,121.405714,6535740,151,0.413361
BS_1339,31.210053,121.464569,45480,11,0.002876
BS_1340,31.210101,121.414922,104760,11,0.006626
BS_1341,31.210191,121.471168,81900,11,0.005180
BS_1342,31.210354,121.595268,506460,6,0.032032
BS_1343,31.210381,121.471721,64440,2,0.004076
BS_1344,31.210579,121.384648,2582520,46,0.163335
BS_1345,31.210579,121.453849,220140,38,0.013923
BS_1346,31.210582,121.529652,3819120,79,0.241545
BS_1347,31.210598,121.449688,26700,6,0.001689
BS_1348,31.210600,121.411728,222420,11,0.014067
BS_1349,31.210632,121.477007,306780,46,0.019403
BS_1350,31.210657,121.474053,91140,11,0.005764
BS_1351,31.210843,121.491168,19876080,236,1.257089
BS_1352,31.210887,121.315496,9727320,188,0.615217
BS_1353,31.210891,121.377900,6581400,103,0.416249
BS_1354,31.211021,121.569582,86880,11,0.005495
BS_1355,31.211093,121.409091,24120,4,0.001526
BS_1356,31.211107,121.590820,11461620,248,0.724905
BS_1357,31.211274,121.451304,22140,3,0.001400
BS_1358,31.211337,121.413801,2113920,40,0.133698
BS_1359,31.211339,121.406552,19440,4,0.001230
BS_1360,31.211380,121.728982,425940,47,0.026939
BS_1361,31.211395,121.465744,59820,10,0.003783
BS_1362,31.211400,121.476689,182940,29,0.011570
BS_1363,31.211485,121.403238,31359600,332,1.983379
BS_1364,31.211492,121.571765,2114280,176,0.133720
BS_1365,31.211534,121.510558,537780,91,0.034013
BS_1366,31.211574,121.366182,9299940,318,0.588187
BS_1367,31.211591,121.499553,11572020,575,0.731888
BS_1368,31.211598,121.439406,9849240,154,0.622928
BS_1369,31.211617,121.486703,3036780,113,0.192065
BS_1370,31.211634,121.520845,4649280,202,0.294050
BS_1371,31.211641,121.474534,3833520,318,0.242456
BS_1372,31.211757,121.464380,27300,3,0.001727
BS_1373,31.211760,121.453310,135960,12,0.008599
BS_1374,31.211781,121.405437,106440,2,0.006732
BS_1375,31.211846,121.475732,795420,184,0.050307
BS_1376,31.211918,121.479473,18660,1,0.001180
BS_1377,31.212027,121.491516,1042320,12,0.065923
BS_1378,31.212034,121.476918,74220,10,0.004694
BS_1379,31.212113,121.444193,6019740,152,0.380726
BS_1380,31.212328,121.407081,708540,7,0.044813
BS_1381,31.212450,121.637072,581460,5,0.036775
BS_1382,31.212572,121.537172,134340,18,0.008497
BS_1383,31.212716,121.419839,56160,11,0.003552
BS_1384,31.212718,121.447853,8421420,275,0.532624
BS_1385,31.212793,121.494061,1246560,6,0.078840
BS_1386,31.212833,121.423845,25920,2,0.001639
BS_1387,31.213015,121.547755,11320380,189,0.715972
BS_1388,31.213061,121.483541,2664780,220,0.168537
BS_1389,31.213090,121.531691,1237020,32,0.078237
BS_1390,31.213212,121.470589,105180,15,0.006652
BS_1391,31.213332,121.619545,87120,9,0.005510
BS_1392,31.213397,121.413655,2294280,10,0.145105
BS_1393,31.213510,121.372800,119040,7,0.007529
BS_1394,31.213561,121.634923,237000,14,0.014989
BS_1395,31.213582,121.383770,703500,28,0.044494
BS_1396,31.213659,121.455113,1392420,9,0.088065
BS_1397,31.213659,121.504661,5918220,256,0.374306
BS_1398,31.213701,121.418020,12856980,441,0.813156
BS_1399,31.213728,121.386102,16740120,378,1.058751
BS_1400,31.213849,121.430280,8760180,313,0.554049
BS_1401,31.213903,121.410198,941760,181,0.059563
BS_1402,31.214059,121.377640,2600640,183,0.164481
BS_1403,31.214115,121.406884,4214640,269,0.266560
BS_1404,31.214193,121.376945,2571000,81,0.162606
BS_1405,31.214209,121.659493,19269180,143,1.218704
BS_1406,31.214342,121.376038,158400,24,0.010018
BS_1407,31.214561,121.298904,21518460,210,1.360963
BS_1408,31.214600,121.522908,83040,13,0.005252
BS_1409,31.214641,121.525998,421020,40,0.026628
BS_1410,31.214683,121.551574,13676820,335,0.865008
BS_1411,31.214689,121.426655,112440,9,0.007111
BS_1412,31.214719,121.624972,1947360,187,0.123163
BS_1413,31.214741,121.427168,765660,5,0.048425
BS_1414,31.214767,121.444427,4435260,143,0.280514
BS_1415,31.214778,121.477545,15900,2,0.001006
BS_1416,31.214958,121.527054,10280280,383,0.650190
BS_1417,31.214969,121.586763,117240,3,0.007415
BS_1418,31.215028,121.438872,21360,4,0.001351
BS_1419,31.215081,121.481286,3586080,77,0.226806
BS_1420,31.215246,121.604329,17435880,349,1.102755
BS_1421,31.215311,121.523574,213720,14,0.013517
BS_1422,31.215347,121.134685,1896780,86,0.119964
BS_1423,31.215350,121.466060,544740,128,0.034453
BS_1424,31.215381,121.439262,5100900,213,0.322613
BS_1425,31.215428,121.660427,29996100,367,1.897143
BS_1426,31.215664,121.468290,12663960,443,0.800949
BS_1427,31.215893,121.558154,33480,7,0.002117
BS_1428,31.216092,121.508679,641520,5,0.040574
BS_1429,31.216146,121.472933,884760,74,0.055958
BS_1430,31.216154,121.557057,42240,15,0.002672
BS_1431,31.216269,121.435171,135300,4,0.008557
BS_1432,31.216359,121.397227,10416060,173,0.658777
BS_1433,31.216371,121.601926,14371320,204,0.908933
BS_1434,31.216462,121.677078,197940,58,0.012519
BS_1435,31.216472,121.413336,180900,5,0.011441
BS_1436,31.216526,121.326846,3627780,426,0.229444
BS_1437,31.216528,121.439617,771420,50,0.048789
BS_1438,31.216531,121.541197,42780,5,0.002706
BS_1439,31.216555,121.409176,54420,6,0.003442
BS_1440,31.216651,121.604749,155640,10,0.009844
BS_1441,31.216659,121.391301,771300,189,0.048782
BS_1442,31.216682,121.468605,180000,16,0.011384
BS_1443,31.216683,121.469647,63000,2,0.003985
BS_1444,31.216686,121.493011,1442400,226,0.091226
BS_1445,31.216752,121.476401,13144080,696,0.831315
BS_1446,31.216788,121.299974,504240,26,0.031891
BS_1447,31.216840,121.593486,61560,5,0.003893
BS_1448,31.217014,121.489550,4680,2,0.000296
BS_1449,31.217037,121.436490,533340,21,0.033732
BS_1450,31.217073,121.524494,464220,7,0.029360
BS_1451,31.217074,121.510123,9527580,621,0.602584
BS_1452,31.217162,121.411803,332400,33,0.021023
BS_1453,31.217217,121.558644,130080,32,0.008227
BS_1454,31.217237,121.432824,8866020,310,0.560743
BS_1455,31.217249,121.504369,2373420,80,0.150110
BS_1456,31.217261,121.391532,1046880,70,0.066211
BS_1457,31.217315,121.635295,2833620,18,0.179216
BS_1458,31.217323,121.753758,2822340,162,0.178503
BS_1459,31.217372,121.460724,7179600,306,0.454083
BS_1460,31.217476,121.494788,14332200,286,0.906459
BS_1461,31.217512,121.533844,2879880,230,0.182142
BS_1462,31.217516,121.452872,6597180,495,0.417247
BS_1463,31.217590,121.408290,98220,24,0.006212
BS_1464,31.217655,121.534591,665160,107,0.042069
BS_1465,31.217682,121.499709,5734140,168,0.362663
BS_1466,31.217729,121.472441,628680,80,0.039762
BS_1467,31.217968,121.414670,9650820,308,0.610379
BS_1468,31.218005,121.430759,676140,14,0.042763
BS_1469,31.218016,121.568018,2199060,21,0.139082
BS_1470,31.218022,121.504024,2332680,352,0.147533
BS_1471,31.218038,121.535218,12480,2,0.000789
BS_1472,31.218201,121.487151,24272760,322,1.535162
BS_1473,31.218516,121.463689,591720,5,0.037424
BS_1474,31.218517,121.477878,6420,1,0.000406
BS_1475,31.218520,121.440190,11195160,513,0.708053
BS_1476,31.218716,121.568667,9680700,146,0.612269
BS_1477,31.218812,121.401309,6256260,202,0.395685
BS_1478,31.218820,121.436387,360840,12,0.022822
BS_1479,31.218858,121.465451,37680,7,0.002383
BS_1480,31.218928,121.402968,955680,5,0.060443
BS_1481,31.218990,121.492002,621120,11,0.039284
BS_1482,31.219088,121.428934,139980,4,0.008853
BS_1483,31.219114,121.423499,15897540,505,1.005461
BS_1484,31.219133,121.524846,4434000,139,0.280434
BS_1485,31.219143,121.418582,25920,5,0.001639
BS_1486,31.219239,121.418564,1761540,170,0.111411
BS_1487,31.219437,121.374523,3581700,117,0.226529
BS_1488,31.219455,121.098597,3819060,47,0.241541
BS_1489,31.219530,121.455395,21180,10,0.001340
BS_1490,31.219533,121.427561,170520,13,0.010785
BS_1491,31.219647,121.446669,1585080,128,0.100250
BS_1492,31.219656,121.492340,295800,56,0.018708
BS_1493,31.219856,121.568149,218160,39,0.013798
BS_1494,31.219945,121.285654,6435420,248,0.407017
BS_1495,31.219947,121.467027,2333580,421,0.147590
BS_1496,31.220133,121.471187,94260,33,0.005962
BS_1497,31.220242,121.403403,9780,1,0.000619
BS_1498,31.220334,121.367655,1117800,229,0.070697
BS_1499,31.220416,121.529149,10812420,128,0.683846
BS_1500,31.220424,121.383546,140940,17,0.008914
BS_1501,31.220434,121.408625,3343920,150,0.211491
BS_1502,31.220472,121.440883,2340,1,0.000148
BS_1503,31.220649,121.359940,9388860,320,0.593811
BS_1504,31.220719,121.402337,6540,5,0.000414
BS_1505,31.220745,121.438858,46740,3,0.002956
BS_1506,31.220809,121.305363,12475740,247,0.789044
BS_1507,31.221001,121.731159,7200720,144,0.455419
BS_1508,31.221052,121.503967,6741060,127,0.426347
BS_1509,31.221201,121.497347,1481040,128,0.093670
BS_1510,31.221210,121.411568,3458280,162,0.218723
BS_1511,31.221319,121.166272,609360,87,0.038540
BS_1512,31.221320,121.438917,726480,4,0.045947
BS_1513,31.221325,121.448881,8936940,320,0.565228
BS_1514,31.221346,121.201454,3460500,79,0.218864
BS_1515,31.221350,121.391319,4417680,244,0.279402
BS_1516,31.221591,121.351862,4333260,340,0.274063
BS_1517,31.221662,121.539905,12488820,356,0.789872
BS_1518,31.221688,121.462858,213000,14,0.013471
BS_1519,31.221705,121.642288,4370160,127,0.276396
BS_1520,31.221777,121.558508,4402680,287,0.278453
BS_1521,31.221876,121.687381,3081000,136,0.194862
BS_1522,31.222119,121.454078,2660640,184,0.168276
BS_1523,31.222168,121.378951,4403340,133,0.278495
BS_1524,31.222233,121.623547,11957460,199,0.756265
BS_1525,31.222272,121.438997,183960,4,0.011635
BS_1526,31.222328,121.461659,1525920,10,0.096509
BS_1527,31.222550,121.440445,2123040,6,0.134274
BS_1528,31.222580,121.428599,14888580,278,0.941648
BS_1529,31.222609,121.378494,624840,152,0.039519
BS_1530,31.222617,121.460214,345960,2,0.021881
BS_1531,31.222697,121.444861,61260,4,0.003874
BS_1532,31.222754,121.459663,556020,4,0.035166
BS_1533,31.222780,121.450373,1890000,98,0.119536
BS_1534,31.223004,121.465956,12441960,495,0.786908
BS_1535,31.223017,121.465143,871680,16,0.055131
BS_1536,31.223107,121.454329,2707560,361,0.171243
BS_1537,31.223114,121.522857,3158880,178,0.199787
BS_1538,31.223117,121.504741,1191000,196,0.075326
BS_1539,31.223134,121.438170,661380,18,0.041830
BS_1540,31.223175,121.184646,3833400,68,0.242448
BS_1541,31.223297,121.430839,440040,10,0.027831
BS_1542,31.223306,121.378382,29280,8,0.001852
BS_1543,31.223367,121.465950,133680,21,0.008455
BS_1544,31.223411,121.428559,185940,28,0.011760
BS_1545,31.223446,121.432052,108180,10,0.006842
BS_1546,31.223648,121.467523,234300,14,0.014819
BS_1547,31.223665,121.458791,7849980,330,0.496482
BS_1548,31.223721,121.482534,76320,15,0.004827
BS_1549,31.223981,121.478274,5693100,501,0.360068
BS_1550,31.224006,121.423572,88140,7,0.005575
BS_1551,31.224027,121.423777,292380,5,0.018492
BS_1552,31.224117,121.473200,9221760,472,0.583242
BS_1553,31.224126,121.547664,1367400,230,0.086483
BS_1554,31.224154,121.438070,2135880,331,0.135087
BS_1555,31.224182,121.421183,70380,7,0.004451
BS_1556,31.224226,121.438390,14248140,355,0.901142
BS_1557,31.224373,121.364172,6953820,228,0.439803
BS_1558,31.224385,121.143509,822120,62,0.051996
BS_1559,31.224391,121.489143,93300,10,0.005901
BS_1560,31.224452,121.511537,3883620,216,0.245625
BS_1561,31.224487,121.452917,131880,6,0.008341
BS_1562,31.224539,121.550163,3030720,40,0.191682
BS_1563,31.224551,121.547983,468000,67,0.029599
BS_1564,31.224552,121.482535,1307700,275,0.082707
BS_1565,31.224718,121.344451,4641960,216,0.293587
BS_1566,31.224731,121.434640,5654460,174,0.357624
BS_1567,31.224758,121.446392,651420,3,0.041200
BS_1568,31.224841,121.440899,87840,11,0.005556
BS_1569,31.224854,121.476992,24240,2,0.001533
BS_1570,31.224855,121.480154,205920,3,0.013024
BS_1571,31.225092,121.384640,2707020,143,0.171209
BS_1572,31.225207,121.452948,10968480,318,0.693716
BS_1573,31.225266,121.444323,11905860,409,0.753002
BS_1574,31.225269,121.491889,757680,132,0.047920
BS_1575,31.225275,121.471640,6489600,403,0.410443
BS_1576,31.225318,121.437806,817920,4,0.051730
BS_1577,31.225477,121.448153,3285060,38,0.207768
BS_1578,31.225488,121.445983,32580,9,0.002061
BS_1579,31.225653,121.480878,386820,111,0.024465
BS_1580,31.225663,121.452017,95160,12,0.006019
BS_1581,31.225675,121.364645,14760,3,0.000934
BS_1582,31.225831,121.366810,1555920,2,0.098406
BS_1583,31.225831,121.412695,2642280,129,0.167114
BS_1584,31.225878,121.466952,173760,14,0.010990
BS_1585,31.226220,121.506261,11457780,256,0.724662
BS_1586,31.226242,121.450105,974880,11,0.061658
BS_1587,31.226260,121.551311,11400,4,0.000721
BS_1588,31.226286,121.600124,63840,10,0.004038
BS_1589,31.226560,121.490417,1281480,2,0.081049
BS_1590,31.226563,121.483486,411780,5,0.026044
BS_1591,31.226656,121.430679,18480,3,0.001169
BS_1592,31.226676,121.555069,445620,2,0.028184
BS_1593,31.226708,121.481109,404580,34,0.025588
BS_1594,31.226773,121.480316,8280,2,0.000524
BS_1595,31.226966,121.531740,22973820,392,1.453009
BS_1596,31.226998,121.556375,289740,4,0.018325
BS_1597,31.227140,121.391029,5479320,210,0.346547
BS_1598,31.227160,121.386851,13680,3,0.000865
BS_1599,31.227165,121.480195,5446620,435,0.344479
BS_1600,31.227167,121.633295,8275740,581,0.523410
BS_1601,31.227254,121.402789,1236900,13,0.078229
BS_1602,31.227348,121.350438,134220,29,0.008489
BS_1603,31.227544,121.537532,675900,119,0.042748
BS_1604,31.227630,121.536289,53040,8,0.003355
BS_1605,31.227666,121.431017,1308720,95,0.082772
BS_1606,31.227697,121.535592,21180,5,0.001340
BS_1607,31.227762,121.495598,1286220,170,0.081349
BS_1608,31.227795,121.254172,3298140,159,0.208595
BS_1609,31.227864,121.638217,757140,4,0.047886
BS_1610,31.227908,121.451169,1898760,3,0.120090
BS_1611,31.227933,121.453610,10558500,586,0.667786
BS_1612,31.228014,121.477667,6812940,490,0.430893
BS_1613,31.228017,121.444777,7951020,184,0.502873
BS_1614,31.228047,121.425893,2304840,355,0.145773
BS_1615,31.228175,121.432303,29160,2,0.001844
BS_1616,31.228282,121.556676,185220,32,0.011714
BS_1617,31.228542,121.538488,188820,18,0.011942
BS_1618,31.228627,121.480756,448740,25,0.028381
BS_1619,31.228634,121.536498,87120,11,0.005510
BS_1620,31.228726,121.482748,7501080,316,0.474416
BS_1621,31.228755,121.523626,13292040,344,0.840672
BS_1622,31.228847,121.338653,12409560,206,0.784859
BS_1623,31.228852,121.541643,8359740,310,0.528723
BS_1624,31.228895,121.463570,149880,4,0.009479
BS_1625,31.228906,121.451142,461760,8,0.029205
BS_1626,31.228927,121.486896,4071660,268,0.257517
BS_1627,31.228956,121.481687,140220,21,0.008868
BS_1628,31.228956,121.535003,668400,13,0.042274
BS_1629,31.229030,121.390900,603720,3,0.038183
BS_1630,31.229057,121.452254,1175040,98,0.074317
BS_1631,31.229071,121.452449,3127020,475,0.197772
BS_1632,31.229094,121.480266,436920,64,0.027634
BS_1633,31.229148,121.495962,113280,17,0.007165
BS_1634,31.229151,121.484838,93720,2,0.005927
BS_1635,31.229191,121.453189,189300,20,0.011973
BS_1636,31.229203,121.449776,442740,29,0.028002
BS_1637,31.229334,121.368291,10736100,289,0.679019
BS_1638,31.229645,121.481533,352260,7,0.022279
BS_1639,31.229780,121.540987,109560,9,0.006929
BS_1640,31.229818,121.462466,8340,1,0.000527
BS_1641,31.229886,121.536598,30120,6,0.001905
BS_1642,31.229963,121.425098,10740,1,0.000679
BS_1643,31.229998,121.538807,22860,4,0.001446
BS_1644,31.230109,121.434393,12481320,313,0.789397
BS_1645,31.230201,121.308739,3330780,63,0.210660
BS_1646,31.230223,121.642123,11520,2,0.000729
BS_1647,31.230272,121.557714,7140,4,0.000452
BS_1648,31.230277,121.448573,3532560,294,0.223421
BS_1649,31.230287,121.557116,19597740,664,1.239485
BS_1650,31.230363,121.505600,2178720,158,0.137796
BS_1651,31.230395,121.465990,11790540,483,0.745708
BS_1652,31.230405,121.534439,34500,10,0.002182
BS_1653,31.230406,121.482326,291780,10,0.018454
BS_1654,31.230429,121.468099,259140,6,0.016390
BS_1655,31.230519,121.520449,32940,3,0.002083
BS_1656,31.230665,121.449046,48660,1,0.003078
BS_1657,31.230671,121.552848,170700,25,0.010796
BS_1658,31.230748,121.485488,2311320,30,0.146182
BS_1659,31.230933,121.347295,15200880,195,0.961400
BS_1660,31.230950,121.537305,544860,8,0.034460
BS_1661,31.230981,121.542285,50040,3,0.003165
BS_1662,31.231035,121.555602,731580,5,0.046270
BS_1663,31.231068,121.402100,4125420,34,0.260918
BS_1664,31.231119,121.484436,101520,17,0.006421
BS_1665,31.231121,121.453557,43620,3,0.002759
BS_1666,31.231316,121.542420,153840,6,0.009730
BS_1667,31.231328,121.487479,463680,31,0.029326
BS_1668,31.231339,121.543694,55080,6,0.003484
BS_1669,31.231369,121.403139,86760,16,0.005487
BS_1670,31.231401,121.497622,168300,44,0.010644
BS_1671,31.231468,121.537215,3375720,165,0.213502
BS_1672,31.231508,121.577691,13646700,351,0.863103
BS_1673,31.231585,121.517218,5842740,110,0.369532
BS_1674,31.231663,121.428471,2125740,109,0.134445
BS_1675,31.231687,121.325760,10140540,551,0.641352
BS_1676,31.231700,121.546506,11177220,194,0.706918
BS_1677,31.231701,121.454022,46440,7,0.002937
BS_1678,31.231749,121.486203,228240,19,0.014435
BS_1679,31.231815,121.464062,1427520,12,0.090285
BS_1680,31.232002,121.359292,1842840,247,0.116553
BS_1681,31.232095,121.205830,7260000,133,0.459168
BS_1682,31.232268,121.541982,258360,19,0.016340
BS_1683,31.232395,121.564673,337440,33,0.021342
BS_1684,31.232407,121.652986,3917100,114,0.247742
BS_1685,31.232518,121.465177,5118300,406,0.323714
BS_1686,31.232527,121.530359,267300,26,0.016906
BS_1687,31.232548,121.478971,2719080,453,0.171972
BS_1688,31.232639,121.705254,16517700,47,1.044684
BS_1689,31.232710,121.455345,7131240,430,0.451025
BS_1690,31.232729,121.566935,21059580,390,1.331941
BS_1691,31.232820,121.468049,14220,4,0.000899
BS_1692,31.232853,121.486408,295800,41,0.018708
BS_1693,31.232857,121.475333,12783660,559,0.808519
BS_1694,31.232877,121.487530,6767220,534,0.428002
BS_1695,31.232893,121.380242,5320200,263,0.336483
BS_1696,31.232971,121.478820,25680,4,0.001624
BS_1697,31.233010,121.442524,3876420,262,0.245169
BS_1698,31.233010,121.556388,201480,7,0.012743
BS_1699,31.233011,121.523809,169020,33,0.010690
BS_1700,31.233051,121.455285,2182260,10,0.138020
BS_1701,31.233059,121.458379,344580,28,0.021793
BS_1702,31.233096,121.453321,80280,5,0.005077
BS_1703,31.233107,121.417598,513060,2,0.032449
BS_1704,31.233112,121.442667,436260,18,0.027592
BS_1705,31.233151,121.530498,606240,52,0.038342
BS_1706,31.233185,121.481944,161580,28,0.010219
BS_1707,31.233201,121.469528,13983360,422,0.884396
BS_1708,31.233248,121.479537,648000,10,0.040984
BS_1709,31.233410,121.483804,5880,3,0.000372
BS_1710,31.233431,121.471698,18420,6,0.001165
BS_1711,31.233452,121.480931,487500,63,0.030833
BS_1712,31.233516,121.491431,4604460,353,0.291215
BS_1713,31.233617,121.523688,1073820,126,0.067915
BS_1714,31.233629,121.532011,4415700,354,0.279277
BS_1715,31.233644,121.525549,191280,34,0.012098
BS_1716,31.233645,121.530180,181740,19,0.011494
BS_1717,31.233659,121.565806,273360,37,0.017289
BS_1718,31.233674,121.498294,11855040,690,0.749787
BS_1719,31.233679,121.494765,103860,30,0.006569
BS_1720,31.233708,121.454373,708720,9,0.044824
BS_1721,31.233733,121.496190,90600,9,0.005730
BS_1722,31.233761,121.670586,8244300,218,0.521422
BS_1723,31.233973,121.416410,11599680,497,0.733637
BS_1724,31.233983,121.455055,181740,10,0.011494
BS_1725,31.233984,121.524823,69300,13,0.004383
BS_1726,31.234004,121.276012,11964060,102,0.756683
BS_1727,31.234093,121.475011,68580,5,0.004337
BS_1728,31.234105,121.340440,48900,9,0.003093
BS_1729,31.234168,121.473173,666180,23,0.042133
BS_1730,31.234221,121.462296,304440,38,0.019255
BS_1731,31.234225,121.525481,340260,30,0.021520
BS_1732,31.234230,121.119889,2792280,35,0.176601
BS_1733,31.234230,121.436418,157680,16,0.009973
BS_1734,31.234238,121.521932,162960,16,0.010307
BS_1735,31.234259,121.525720,15728340,639,0.994759
BS_1736,31.234382,121.531106,855000,5,0.054076
BS_1737,31.234496,121.521516,2345820,10,0.148364
BS_1738,31.234499,121.463079,2042040,336,0.129151
BS_1739,31.234528,121.528657,59580,7,0.003768
BS_1740,31.234545,121.743402,589860,7,0.037306
BS_1741,31.234688,121.502656,85500,33,0.005408
BS_1742,31.234709,121.436318,303000,14,0.019164
BS_1743,31.234737,121.513936,194640,7,0.012310
BS_1744,31.234750,121.523857,377700,17,0.023888
BS_1745,31.234780,121.516680,14220,2,0.000899
BS_1746,31.234787,121.498324,203340,18,0.012861
BS_1747,31.234796,121.533464,4632900,531,0.293014
BS_1748,31.234835,121.527767,74220,10,0.004694
BS_1749,31.234845,121.530708,97920,10,0.006193
BS_1750,31.234867,121.463250,1391220,54,0.087990
BS_1751,31.234885,121.529933,174300,19,0.011024
BS_1752,31.234888,121.447606,54180,8,0.003427
BS_1753,31.234916,121.447878,15000,4,0.000949
BS_1754,31.235043,121.523389,175380,26,0.011092
BS_1755,31.235072,121.518805,8689920,270,0.549605
BS_1756,31.235154,121.533056,796260,164,0.050361
BS_1757,31.235177,121.451385,2206740,162,0.139568
BS_1758,31.235220,121.498835,85500,4,0.005408
BS_1759,31.235247,121.383101,6222120,269,0.393526
BS_1760,31.235252,121.415863,25800,3,0.001632
BS_1761,31.235309,121.529189,79260,8,0.005013
BS_1762,31.235341,121.477273,134580,15,0.008512
BS_1763,31.235370,121.522706,757920,28,0.047936
BS_1764,31.235414,121.461313,5580,2,0.000353
BS_1765,31.235419,121.486195,25980,4,0.001643
BS_1766,31.235430,121.447652,8392020,148,0.530764
BS_1767,31.235453,121.653548,8621700,261,0.545291
BS_1768,31.235454,121.172523,3580620,77,0.226461
BS_1769,31.235461,121.498056,12400860,109,0.784309
BS_1770,31.235500,121.417315,14508180,637,0.917589
BS_1771,31.235501,121.402602,42180,6,0.002668
BS_1772,31.235508,121.479001,37860,8,0.002395
BS_1773,31.235554,121.479641,104940,7,0.006637
BS_1774,31.235631,121.567852,20400,5,0.001290
BS_1775,31.235682,121.487831,3242040,366,0.205047
BS_1776,31.235847,121.536101,5349060,243,0.338308
BS_1777,31.235908,121.570670,300240,22,0.018989
BS_1778,31.235929,121.449652,29449080,271,1.862546
BS_1779,31.235930,121.220028,11210520,102,0.709024
BS_1780,31.235982,121.466191,584400,24,0.036961
BS_1781,31.236009,121.478941,8584800,971,0.542957
BS_1782,31.236055,121.434759,772260,50,0.048843
BS_1783,31.236104,121.375177,9988260,181,0.631721
BS_1784,31.236138,121.463199,6341940,378,0.401104
BS_1785,31.236173,121.466734,511320,29,0.032339
BS_1786,31.236177,121.493181,2432460,346,0.153844
BS_1787,31.236197,121.485283,1015980,9,0.064257
BS_1788,31.236260,121.493692,19260,1,0.001218
BS_1789,31.236337,121.490883,154320,5,0.009760
BS_1790,31.236339,121.525760,31740,4,0.002007
BS_1791,31.236369,121.476308,126780,15,0.008018
BS_1792,31.236381,121.484201,3988260,401,0.252243
BS_1793,31.236405,121.432864,13179180,268,0.833534
BS_1794,31.236431,121.460781,6120,3,0.000387
BS_1795,31.236531,121.491325,188760,2,0.011938
BS_1796,31.236576,121.465894,107340,10,0.006789
BS_1797,31.236599,121.469857,16740,3,0.001059
BS_1798,31.236693,121.467316,72480,9,0.004584
BS_1799,31.236720,121.488128,29580,3,0.001871
BS_1800,31.236728,121.424070,2608200,181,0.164959
BS_1801,31.236742,121.385193,164700,30,0.010417
BS_1802,31.236743,121.360860,1878240,4,0.118792
BS_1803,31.236828,121.514196,1468560,243,0.092881
BS_1804,31.236842,121.433815,86700,15,0.005483
BS_1805,31.236856,121.405540,15557820,273,0.983975
BS_1806,31.236862,121.355595,3262200,252,0.206322
BS_1807,31.236897,121.363985,82320,2,0.005206
BS_1808,31.236926,121.454604,847740,3,0.053616
BS_1809,31.236935,121.106513,9571980,77,0.605392
BS_1810,31.236937,121.526845,2040,1,0.000129
BS_1811,31.236991,121.441554,3264180,179,0.206447
BS_1812,31.237022,121.546184,9059220,265,0.572962
BS_1813,31.237221,121.467334,396240,47,0.025061
BS_1814,31.237435,121.455917,978540,157,0.061889
BS_1815,31.237466,121.397878,9120,1,0.000577
BS_1816,31.237479,121.462941,4020,2,0.000254
BS_1817,31.237544,121.490371,16020,5,0.001013
BS_1818,31.237596,121.488614,267960,11,0.016947
BS_1819,31.237635,121.476519,557640,24,0.035269
BS_1820,31.237667,121.434224,31980,7,0.002023
BS_1821,31.237696,121.382534,355380,7,0.022476
BS_1822,31.237789,121.461058,234660,8,0.014841
BS_1823,31.237808,121.488092,12240,2,0.000774
BS_1824,31.237830,121.491395,13260,3,0.000839
BS_1825,31.237870,121.543207,470340,90,0.029747
BS_1826,31.237872,121.470259,7978140,423,0.504588
BS_1827,31.237926,121.465940,1065300,8,0.067376
BS_1828,31.237944,121.693732,3490140,61,0.220738
BS_1829,31.237955,121.493402,33660,4,0.002129
BS_1830,31.237961,121.477253,915480,18,0.057901
BS_1831,31.238110,121.493447,66840,8,0.004227
BS_1832,31.238199,121.484427,370980,4,0.023463
BS_1833,31.238275,121.393667,265380,3,0.016784
BS_1834,31.238385,121.521449,268260,22,0.016966
BS_1835,31.238392,121.428006,747240,3,0.047260
BS_1836,31.238453,121.377045,9720,4,0.000615
BS_1837,31.238517,121.429012,377940,13,0.023903
BS_1838,31.238561,121.455041,5957220,138,0.376772
BS_1839,31.238579,121.496650,67260,8,0.004254
BS_1840,31.238593,121.450062,2866260,155,0.181280
BS_1841,31.238616,121.477514,135480,33,0.008569
BS_1842,31.238742,121.530031,1597080,230,0.101009
BS_1843,31.238774,121.496149,1191720,21,0.075372
BS_1844,31.238801,121.386263,279180,33,0.017657
BS_1845,31.238815,121.559352,2671500,133,0.168963
BS_1846,31.238839,121.438593,590700,7,0.037360
BS_1847,31.238943,121.498554,115140,20,0.007282
BS_1848,31.239025,121.551622,7258620,215,0.459081
BS_1849,31.239090,121.474138,1982700,40,0.125398
BS_1850,31.239094,121.519821,145920,19,0.009229
BS_1851,31.239149,121.488022,216480,44,0.013692
BS_1852,31.239230,121.483027,19560,2,0.001237
BS_1853,31.239319,121.265377,5266020,95,0.333056
BS_1854,31.239360,121.488752,4198080,297,0.265513
BS_1855,31.239436,121.326228,26880,5,0.001700
BS_1856,31.239437,121.470556,541800,5,0.034267
BS_1857,31.239454,121.460570,3459540,286,0.218803
BS_1858,31.239474,121.495166,545280,19,0.034487
BS_1859,31.239492,121.486003,127320,5,0.008053
BS_1860,31.239575,121.507490,52500,8,0.003320
BS_1861,31.239604,121.543386,91800,17,0.005806
BS_1862,31.239615,121.489026,659040,126,0.041682
BS_1863,31.239655,121.478097,9637380,761,0.609529
BS_1864,31.239692,121.380057,69240,6,0.004379
BS_1865,31.239726,121.139516,11120520,32,0.703332
BS_1866,31.239726,121.510008,1711500,7,0.108246
BS_1867,31.239743,121.512257,75600,6,0.004781
BS_1868,31.239760,121.482648,117420,2,0.007426
BS_1869,31.239763,121.540092,3828600,14,0.242145
BS_1870,31.239804,121.545118,157380,6,0.009954
BS_1871,31.239836,121.497502,83220,12,0.005263
BS_1872,31.239862,121.490491,220740,7,0.013961
BS_1873,31.239924,121.495466,536100,12,0.033906
BS_1874,31.240013,121.487148,31620,2,0.002000
BS_1875,31.240180,121.506063,793020,7,0.050156
BS_1876,31.240285,121.546323,59280,3,0.003749
BS_1877,31.240405,121.569186,380280,57,0.024051
BS_1878,31.240412,121.147662,7342800,48,0.464405
BS_1879,31.240412,121.457230,1988340,120,0.125755
BS_1880,31.240453,121.511773,3288420,35,0.207980
BS_1881,31.240478,121.526884,18046680,460,1.141386
BS_1882,31.240561,121.459431,164700,7,0.010417
BS_1883,31.240587,121.402322,2303760,154,0.145704
BS_1884,31.240588,121.379145,69660,4,0.004406
BS_1885,31.240601,121.442307,17567820,172,1.111100
BS_1886,31.240620,121.428563,334800,3,0.021175
BS_1887,31.240661,121.512436,287220,20,0.018166
BS_1888,31.240686,121.480699,4567980,161,0.288908
BS_1889,31.240806,121.481992,868860,96,0.054952
BS_1890,31.240837,121.409164,808380,75,0.051127
BS_1891,31.240865,121.426827,321120,17,0.020310
BS_1892,31.240869,121.481603,7897200,613,0.499469
BS_1893,31.240874,121.518086,9962520,453,0.630093
BS_1894,31.240905,121.489425,70200,12,0.004440
BS_1895,31.240977,121.494087,26160,3,0.001655
BS_1896,31.240979,121.677316,8100,1,0.000512
BS_1897,31.241014,121.485290,13837740,729,0.875186
BS_1898,31.241036,121.374063,10594080,193,0.670036
BS_1899,31.241054,121.449606,568920,106,0.035982
BS_1900,31.241084,121.467265,249420,6,0.015775
BS_1901,31.241131,121.487911,97080,10,0.006140
BS_1902,31.241184,121.516051,47100,8,0.002979
BS_1903,31.241188,121.483341,443640,71,0.028059
BS_1904,31.241223,121.458910,621480,11,0.039306
BS_1905,31.241233,121.484727,39300,7,0.002486
BS_1906,31.241234,121.460559,59340,5,0.003753
BS_1907,31.241242,121.517216,5402760,13,0.341705
BS_1908,31.241274,121.362720,13969380,177,0.883512
BS_1909,31.241362,121.395822,9986280,282,0.631595
BS_1910,31.241369,121.458067,54660,7,0.003457
BS_1911,31.241430,121.475172,12452880,377,0.787599
BS_1912,31.241577,121.485099,60240,15,0.003810
BS_1913,31.241594,121.485260,14940,4,0.000945
BS_1914,31.241604,121.491093,4800,2,0.000304
BS_1915,31.241674,121.485882,49140,19,0.003108
BS_1916,31.241675,121.441049,113400,9,0.007172
BS_1917,31.241739,121.537288,497100,78,0.031440
BS_1918,31.241762,121.504970,14602800,714,0.923573
BS_1919,31.241765,121.496726,462240,2,0.029235
BS_1920,31.241880,121.487961,31680,9,0.002004
BS_1921,31.241900,121.506952,186840,22,0.011817
BS_1922,31.242039,121.687875,5680320,188,0.359259
BS_1923,31.242078,121.331128,6156060,166,0.389348
BS_1924,31.242082,121.522779,124920,12,0.007901
BS_1925,31.242132,121.488632,418020,57,0.026438
BS_1926,31.242152,121.609858,261600,67,0.016545
BS_1927,31.242157,121.568785,10328100,258,0.653214
BS_1928,31.242208,121.509707,158820,18,0.010045
BS_1929,31.242261,121.507912,5454240,148,0.344961
BS_1930,31.242283,121.504967,144540,28,0.009142
BS_1931,31.242296,121.490613,55020,12,0.003480
BS_1932,31.242324,121.221984,89580,6,0.005666
BS_1933,31.242355,121.490982,280620,47,0.017748
BS_1934,31.242363,121.480168,143940,22,0.009104
BS_1935,31.242365,121.503571,9295800,820,0.587925
BS_1936,31.242512,121.481432,127740,6,0.008079
BS_1937,31.242514,121.493696,6426480,482,0.406451
BS_1938,31.242560,121.490511,650520,144,0.041143
BS_1939,31.242584,121.449606,3044640,132,0.192562
BS_1940,31.242608,121.419862,55140,3,0.003487
BS_1941,31.242627,121.730079,15122460,123,0.956440
BS_1942,31.242706,121.496880,126600,28,0.008007
BS_1943,31.242744,121.425797,24180,4,0.001529
BS_1944,31.242808,121.420927,11098860,403,0.701962
BS_1945,31.242837,121.455083,1828380,137,0.115638
BS_1946,31.242841,121.391309,5172540,343,0.327144
BS_1947,31.242864,121.426322,149340,14,0.009445
BS_1948,31.242867,121.490229,2456520,443,0.155366
BS_1949,31.242893,121.465382,7753860,538,0.490403
BS_1950,31.242948,121.608734,5348760,149,0.338289
BS_1951,31.242967,121.510480,4073820,34,0.257654
BS_1952,31.242991,121.515376,12985200,107,0.821266
BS_1953,31.243013,121.416207,14500200,117,0.917084
BS_1954,31.243039,121.478897,308820,2,0.019532
BS_1955,31.243061,121.517168,156720,9,0.009912
BS_1956,31.243189,121.515482,74100,10,0.004687
BS_1957,31.243213,121.504331,884880,2,0.055965
BS_1958,31.243266,121.443875,224160,17,0.014177
BS_1959,31.243292,121.518833,770580,43,0.048736
BS_1960,31.243338,121.253922,5024160,158,0.317760
BS_1961,31.243446,121.675041,4914960,106,0.310853
BS_1962,31.243463,121.490700,505500,44,0.031971
BS_1963,31.243532,121.330166,1193160,20,0.075463
BS_1964,31.243689,121.515122,179340,4,0.011343
BS_1965,31.243709,121.197504,1949280,59,0.123285
BS_1966,31.243738,121.475784,69480,2,0.004394
BS_1967,31.243738,121.486223,2868240,191,0.181406
BS_1968,31.243869,121.440506,67980,6,0.004299
BS_1969,31.243917,121.496829,2640,4,0.000167
BS_1970,31.243974,121.555758,495540,31,0.031341
BS_1971,31.244007,121.482838,21240,4,0.001343
BS_1972,31.244102,121.437744,10782060,186,0.681925
BS_1973,31.244229,121.475231,4331580,201,0.273956
BS_1974,31.244249,121.675329,361260,34,0.022848
BS_1975,31.244292,121.495265,4596780,578,0.290729
BS_1976,31.244438,121.531412,137520,10,0.008698
BS_1977,31.244479,121.429372,1006080,54,0.063631
BS_1978,31.244480,121.370620,15965340,334,1.009749
BS_1979,31.244530,121.518623,34620,4,0.002190
BS_1980,31.244555,121.509900,9624480,341,0.608713
BS_1981,31.244559,121.724977,7725120,53,0.488585
BS_1982,31.244568,121.441817,450060,105,0.028465
BS_1983,31.244604,121.516060,125340,8,0.007927
BS_1984,31.244701,121.514543,3102540,6,0.196224
BS_1985,31.244780,121.505751,355740,69,0.022499
BS_1986,31.244859,121.489305,4130400,302,0.261233
BS_1987,31.244865,121.549508,167820,8,0.010614
BS_1988,31.244931,121.508320,4374180,12,0.276651
BS_1989,31.245005,121.517227,576060,8,0.036434
BS_1990,31.245183,121.484965,1587540,22,0.100406
BS_1991,31.245215,121.601813,67080,11,0.004243
BS_1992,31.245242,121.479617,3572820,135,0.225968
BS_1993,31.245393,121.705496,5958480,91,0.376852
BS_1994,31.245488,121.513767,1195620,9,0.075619
BS_1995,31.245524,121.496417,8220,5,0.000520
BS_1996,31.245569,121.515600,137760,14,0.008713
BS_1997,31.245624,121.522839,11823900,330,0.747818
BS_1998,31.245663,121.449725,7026060,278,0.444372
BS_1999,31.245814,121.411472,4530960,200,0.286566
BS_2000,31.245830,121.392643,1485000,22,0.093921
BS_2001,31.245938,121.422548,110340,5,0.006979
BS_2002,31.245950,121.403327,73920,16,0.004675
BS_2003,31.246038,121.531441,319680,17,0.020219
BS_2004,31.246059,121.362706,7608420,326,0.481204
BS_2005,31.246097,121.399280,6870360,194,0.434525
BS_2006,31.246106,121.443663,13151700,365,0.831796
BS_2007,31.246109,121.496577,95580,26,0.006045
BS_2008,31.246151,121.472744,10800,1,0.000683
BS_2009,31.246176,121.494923,102600,18,0.006489
BS_2010,31.246212,121.535900,31740,4,0.002007
BS_2011,31.246271,121.425156,55980,7,0.003541
BS_2012,31.246345,121.453710,7490220,192,0.473729
BS_2013,31.246371,121.513215,1988280,5,0.125751
BS_2014,31.246387,121.458214,2488620,121,0.157396
BS_2015,31.246410,121.548541,4978200,147,0.314853
BS_2016,31.246433,121.443184,280560,15,0.017744
BS_2017,31.246512,121.514772,1638180,8,0.103609
BS_2018,31.246527,121.534982,19584300,216,1.238635
BS_2019,31.246573,121.495702,176520,12,0.011164
BS_2020,31.246573,121.509144,647820,83,0.040972
BS_2021,31.246672,121.527778,47640,5,0.003013
BS_2022,31.246720,121.386450,15960,3,0.001009
BS_2023,31.246782,121.528695,48240,2,0.003051
BS_2024,31.246871,121.409978,114900,23,0.007267
BS_2025,31.246935,121.494060,49260,6,0.003116
BS_2026,31.246946,121.513919,409920,13,0.025926
BS_2027,31.247009,121.479420,2725320,217,0.172366
BS_2028,31.247026,121.448423,31320,7,0.001981
BS_2029,31.247080,121.419525,11430060,336,0.722909
BS_2030,31.247155,121.231120,17307240,167,1.094619
BS_2031,31.247178,121.538466,38100,6,0.002410
BS_2032,31.247519,121.322265,33413760,341,2.113297
BS_2033,31.247569,121.415750,4258380,114,0.269327
BS_2034,31.247628,121.510061,763020,8,0.048258
BS_2035,31.247688,121.528106,2295000,124,0.145150
BS_2036,31.247703,121.536476,52140,6,0.003298
BS_2037,31.247886,121.391323,73380,14,0.004641
BS_2038,31.247955,121.495452,751740,139,0.047545
BS_2039,31.247971,121.513421,2901480,12,0.183508
BS_2040,31.248101,121.495385,48840,3,0.003089
BS_2041,31.248117,121.466399,227160,17,0.014367
BS_2042,31.248135,121.539233,232440,7,0.014701
BS_2043,31.248146,121.441241,4597860,109,0.290798
BS_2044,31.248195,121.490929,5751420,109,0.363756
BS_2045,31.248220,121.296297,12942300,137,0.818553
BS_2046,31.248296,121.492384,3360,2,0.000213
BS_2047,31.248325,121.158122,1083360,64,0.068519
BS_2048,31.248429,121.463698,734760,158,0.046471
BS_2049,31.248482,121.539580,11691840,259,0.739466
BS_2050,31.248587,121.277434,20761260,143,1.313073
BS_2051,31.248657,121.537875,1202580,3,0.076059
BS_2052,31.248715,121.481228,982680,171,0.062151
BS_2053,31.248836,121.463246,730860,16,0.046224
BS_2054,31.248866,121.478438,28200,6,0.001784
BS_2055,31.248969,121.473078,26880,4,0.001700
BS_2056,31.249067,121.543826,19680,2,0.001245
BS_2057,31.249162,121.487899,6291720,350,0.397928
BS_2058,31.249226,121.448568,1576500,13,0.099708
BS_2059,31.249356,121.410275,80580,10,0.005096
BS_2060,31.249708,121.429775,5700,4,0.000361
BS_2061,31.249796,121.582523,291840,63,0.018458
BS_2062,31.249810,121.497427,16500,4,0.001044
BS_2063,31.249854,121.497793,31680,3,0.002004
BS_2064,31.249918,121.478460,692700,73,0.043811
BS_2065,31.249972,121.422237,139920,5,0.008849
BS_2066,31.250030,121.406481,47160,9,0.002983
BS_2067,31.250070,121.546845,6873240,221,0.434707
BS_2068,31.250112,121.449922,128400,2,0.008121
BS_2069,31.250145,121.450312,51900,7,0.003282
BS_2070,31.250271,121.406561,12781140,274,0.808360
BS_2071,31.250332,121.594504,15327780,250,0.969425
BS_2072,31.250339,121.440196,3555960,201,0.224901
BS_2073,31.250363,121.465343,25620,2,0.001620
BS_2074,31.250370,121.488549,5904060,250,0.373410
BS_2075,31.250428,121.460956,312660,13,0.019775
BS_2076,31.250629,121.598677,9360,2,0.000592
BS_2077,31.250674,121.472820,14702220,468,0.929861
BS_2078,31.250734,121.487731,1526460,46,0.096543
BS_2079,31.250767,121.458177,3315180,23,0.209673
BS_2080,31.250790,121.489330,1345620,73,0.085105
BS_2081,31.250814,121.449225,127140,5,0.008041
BS_2082,31.250826,121.578689,5868540,153,0.371163
BS_2083,31.250978,121.446390,350100,12,0.022143
BS_2084,31.250986,121.460075,3724620,13,0.235568
BS_2085,31.251005,121.418683,319200,3,0.020188
BS_2086,31.251094,121.416046,120060,7,0.007593
BS_2087,31.251161,121.489743,656160,49,0.041500
BS_2088,31.251211,121.491022,73320,2,0.004637
BS_2089,31.251239,121.428578,18121080,340,1.146091
BS_2090,31.251313,121.488307,293400,47,0.018556
BS_2091,31.251358,121.485526,6287700,202,0.397674
BS_2092,31.251420,121.449186,403680,25,0.025531
BS_2093,31.251584,121.491700,10273020,327,0.649731
BS_2094,31.251614,121.464007,377520,62,0.023877
BS_2095,31.251619,121.486701,26580,10,0.001681
BS_2096,31.251746,121.488779,496800,36,0.031421
BS_2097,31.251883,121.418603,6452100,349,0.408071
BS_2098,31.251894,121.464026,6217800,460,0.393253
BS_2099,31.251986,121.456773,2759460,37,0.174526
BS_2100,31.252105,121.563980,15846300,316,1.002220
BS_2101,31.252241,121.570940,7125480,144,0.450660
BS_2102,31.252264,121.382690,28724580,315,1.816724
BS_2103,31.252347,121.459317,569700,13,0.036031
BS_2104,31.252404,121.435035,21113580,403,1.335356
BS_2105,31.252451,121.448382,6180,1,0.000391
BS_2106,31.252485,121.549613,1689600,43,0.106861
BS_2107,31.252495,121.390194,2805960,169,0.177467
BS_2108,31.252588,121.463263,355260,39,0.022469
BS_2109,31.252597,121.502424,34620,2,0.002190
BS_2110,31.252601,121.464869,5760,2,0.000364
BS_2111,31.252611,121.599798,4980,1,0.000315
BS_2112,31.252686,121.491508,65580,2,0.004148
BS_2113,31.252877,121.148181,3869760,100,0.244748
BS_2114,31.252974,121.502684,1185780,175,0.074996
BS_2115,31.253160,121.459116,62160,6,0.003931
BS_2116,31.253206,121.459958,1049400,15,0.066371
BS_2117,31.253346,121.448039,11923680,394,0.754129
BS_2118,31.253373,121.458187,34620,5,0.002190
BS_2119,31.253394,121.389864,8332560,330,0.527004
BS_2120,31.253405,121.091261,1891860,30,0.119653
BS_2121,31.253467,121.447489,74640,8,0.004721
BS_2122,31.253601,121.478200,7148400,229,0.452110
BS_2123,31.253657,121.443859,3757560,114,0.237652
BS_2124,31.253720,121.437778,1050180,146,0.066420
BS_2125,31.253808,121.483756,548100,84,0.034665
BS_2126,31.253930,121.455087,8545860,228,0.540494
BS_2127,31.254042,121.464758,8480280,725,0.536346
BS_2128,31.254111,121.408424,10243140,224,0.647841
BS_2129,31.254124,121.605142,7276980,141,0.460242
BS_2130,31.254166,121.224476,8563620,236,0.541617
BS_2131,31.254230,121.461072,1121520,270,0.070932
BS_2132,31.254308,121.459288,11307960,626,0.715187
BS_2133,31.254534,121.347720,6816960,297,0.431148
BS_2134,31.254617,121.493846,42960,11,0.002717
BS_2135,31.254643,121.569349,360660,68,0.022810
BS_2136,31.254745,121.556081,105900,4,0.006698
BS_2137,31.254863,121.509673,18960,3,0.001199
BS_2138,31.254912,121.371838,8807520,227,0.557043
BS_2139,31.254950,121.739898,561960,35,0.035542
BS_2140,31.254981,121.623923,10469160,129,0.662136
BS_2141,31.255025,121.199554,10320360,317,0.652725
BS_2142,31.255167,121.491376,55980,12,0.003541
BS_2143,31.255173,121.403569,7565460,235,0.478487
BS_2144,31.255248,121.416487,3542820,223,0.224070
BS_2145,31.255256,121.500499,3034380,158,0.191913
BS_2146,31.255293,121.493430,6380820,218,0.403563
BS_2147,31.255489,121.469155,10380,2,0.000656
BS_2148,31.255582,121.363523,2050260,30,0.129671
BS_2149,31.255630,121.508513,7756800,168,0.490589
BS_2150,31.255872,121.493382,125220,6,0.007920
BS_2151,31.255905,121.430231,10501860,151,0.664204
BS_2152,31.255910,121.439013,8460,3,0.000535
BS_2153,31.255942,121.381410,9083460,235,0.574495
BS_2154,31.256071,121.462096,3407640,450,0.215521
BS_2155,31.256113,121.510151,182100,37,0.011517
BS_2156,31.256151,121.557845,3265200,214,0.206512
BS_2157,31.256232,121.498254,3246720,166,0.205343
BS_2158,31.256426,121.610010,12179400,208,0.770302
BS_2159,31.256537,121.625952,592980,17,0.037504
BS_2160,31.256559,121.435570,9480420,107,0.599602
BS_2161,31.256584,121.470500,290040,2,0.018344
BS_2162,31.256595,121.493953,213420,8,0.013498
BS_2163,31.256654,121.599709,1390140,7,0.087921
BS_2164,31.256734,121.403657,20760,8,0.001313
BS_2165,31.256767,121.438713,305280,34,0.019308
BS_2166,31.256803,121.522183,80820,1,0.005112
BS_2167,31.256807,121.518545,3334500,166,0.210895
BS_2168,31.256971,121.509351,168120,9,0.010633
BS_2169,31.257123,121.503291,390780,43,0.024715
BS_2170,31.257157,121.398524,30960,3,0.001958
BS_2171,31.257343,121.625167,300,1,0.000019
BS_2172,31.257486,121.491309,84360,9,0.005335
BS_2173,31.257553,121.311711,16054800,361,1.015407
BS_2174,31.257717,121.397666,3240,2,0.000205
BS_2175,31.257724,121.595342,8100,4,0.000512
BS_2176,31.257756,121.601633,11521200,147,0.728673
BS_2177,31.258210,121.479271,6414120,251,0.405669
BS_2178,31.258255,121.471554,6229380,288,0.393985
BS_2179,31.258321,121.496097,622200,73,0.039352
BS_2180,31.258361,121.594427,41940,3,0.002653
BS_2181,31.258410,121.392912,138540,23,0.008762
BS_2182,31.258441,121.461361,210120,58,0.013289
BS_2183,31.258454,121.440744,74460,4,0.004709
BS_2184,31.258483,121.368346,4449960,31,0.281444
BS_2185,31.258551,121.584794,575580,49,0.036403
BS_2186,31.258629,121.491056,1094580,19,0.069228
BS_2187,31.258630,121.490496,1731660,32,0.109521
BS_2188,31.258656,121.472538,2760420,171,0.174586
BS_2189,31.258670,121.428896,460260,90,0.029110
BS_2190,31.258677,121.392956,8064420,166,0.510045
BS_2191,31.258745,121.370293,21840,6,0.001381
BS_2192,31.258790,121.627202,2227260,4,0.140866
BS_2193,31.258903,121.441965,2533380,244,0.160227
BS_2194,31.258982,121.494994,285600,12,0.018063
BS_2195,31.259010,121.657970,5951580,158,0.376415
BS_2196,31.259098,121.373134,773460,78,0.048918
BS_2197,31.259114,121.376147,98520,18,0.006231
BS_2198,31.259135,121.616618,63360,11,0.004007
BS_2199,31.259267,121.369254,47640,9,0.003013
BS_2200,31.259319,121.494159,10113180,266,0.639621
BS_2201,31.259353,121.427018,209100,16,0.013225
BS_2202,31.259398,121.364798,43680,6,0.002763
BS_2203,31.259633,121.594477,20886360,283,1.320985
BS_2204,31.259739,121.488421,561900,14,0.035538
BS_2205,31.259763,121.089338,468780,51,0.029649
BS_2206,31.259841,121.618221,167280,14,0.010580
BS_2207,31.260165,121.541462,3734220,180,0.236176
BS_2208,31.260173,121.348277,116520,8,0.007369
BS_2209,31.260191,121.617048,773940,10,0.048949
BS_2210,31.260217,121.525816,11379900,327,0.719737
BS_2211,31.260348,121.542138,506340,92,0.032024
BS_2212,31.260365,121.454262,501420,84,0.031713
BS_2213,31.260429,121.426787,4037100,78,0.255332
BS_2214,31.260465,121.461228,21492120,605,1.359297
BS_2215,31.260555,121.410883,6336300,208,0.400748
BS_2216,31.260709,121.087935,526140,31,0.033276
BS_2217,31.260715,121.622366,100260,8,0.006341
BS_2218,31.260723,121.490166,509220,10,0.032206
BS_2219,31.260724,121.469924,60120,8,0.003802
BS_2220,31.260742,121.399188,3299700,284,0.208694
BS_2221,31.260814,121.490337,6691200,331,0.423194
BS_2222,31.260816,121.369830,1907700,5,0.120655
BS_2223,31.260835,121.366953,8894100,294,0.562519
BS_2224,31.260888,121.340352,645360,48,0.040817
BS_2225,31.260903,121.618966,3358020,5,0.212382
BS_2226,31.260959,121.562594,9259680,192,0.585641
BS_2227,31.261062,121.500145,2371860,96,0.150011
BS_2228,31.261132,121.093167,712920,27,0.045090
BS_2229,31.261499,121.457989,340860,5,0.021558
BS_2230,31.261530,121.582783,52800,5,0.003339
BS_2231,31.261563,121.376836,16607400,179,1.050357
BS_2232,31.261655,121.474716,394140,84,0.024928
BS_2233,31.261686,121.465662,11700,3,0.000740
BS_2234,31.261924,121.568031,3696120,89,0.233766
BS_2235,31.262004,121.350318,2382180,9,0.150664
BS_2236,31.262032,121.117499,2195220,22,0.138840
BS_2237,31.262045,121.446891,1228020,159,0.077668
BS_2238,31.262048,121.458128,1747980,53,0.110553
BS_2239,31.262311,121.449241,74520,2,0.004713
BS_2240,31.262331,121.563212,298380,87,0.018871
BS_2241,31.262448,121.504717,6525000,180,0.412682
BS_2242,31.262746,121.517701,6339120,3,0.400926
BS_2243,31.262756,121.625447,7252080,137,0.458667
BS_2244,31.262782,121.215761,64440,6,0.004076
BS_2245,31.262941,121.602924,7503480,174,0.474567
BS_2246,31.262993,121.088140,11280,1,0.000713
BS_2247,31.263107,121.456686,21840,3,0.001381
BS_2248,31.263380,121.433161,5032080,166,0.318260
BS_2249,31.263380,121.517162,14361600,268,0.908318
BS_2250,31.263474,121.489340,142860,8,0.009035
BS_2251,31.263495,121.496653,1099920,159,0.069566
BS_2252,31.263574,121.586365,75360,7,0.004766
BS_2253,31.263651,121.573401,16208580,177,1.025133
BS_2254,31.263678,121.468663,5420820,271,0.342847
BS_2255,31.263762,121.481215,17473860,256,1.105157
BS_2256,31.263879,121.494360,1022580,19,0.064674
BS_2257,31.264003,121.489834,226140,11,0.014303
BS_2258,31.264146,121.532591,10124820,108,0.640357
BS_2259,31.264302,121.428277,1472640,58,0.093139
BS_2260,31.264332,121.379318,140580,2,0.008891
BS_2261,31.264391,121.519923,253860,2,0.016056
BS_2262,31.264405,121.489289,302520,24,0.019133
BS_2263,31.264433,121.541398,732660,34,0.046338
BS_2264,31.264477,121.442490,6422400,199,0.406193
BS_2265,31.264503,121.715846,1448580,54,0.091617
BS_2266,31.264645,121.446818,1293720,5,0.081823
BS_2267,31.264840,121.498029,2694180,142,0.170397
BS_2268,31.264874,121.459338,771480,97,0.048793
BS_2269,31.265000,121.489580,6371160,193,0.402952
BS_2270,31.265054,121.456413,7630980,337,0.482631
BS_2271,31.265321,121.503333,6810660,146,0.430749
BS_2272,31.265326,121.394456,8525280,166,0.539192
BS_2273,31.265413,121.564718,314400,1,0.019885
BS_2274,31.265578,121.489730,62760,7,0.003969
BS_2275,31.265604,121.567367,463440,2,0.029311
BS_2276,31.265705,121.420959,8295600,206,0.524666
BS_2277,31.265902,121.537589,2028540,58,0.128298
BS_2278,31.265918,121.428644,171240,40,0.010830
BS_2279,31.265994,121.519353,1417740,10,0.089667
BS_2280,31.266040,121.399004,9033780,202,0.571353
BS_2281,31.266108,121.341404,324420,7,0.020518
BS_2282,31.266232,121.402951,2977320,210,0.188304
BS_2283,31.266257,121.506521,1012200,21,0.064018
BS_2284,31.266413,121.351003,583260,13,0.036889
BS_2285,31.266483,121.545252,362640,6,0.022936
BS_2286,31.266646,121.609157,85620,4,0.005415
BS_2287,31.266666,121.598298,9010620,141,0.569888
BS_2288,31.266679,121.539067,1011780,1,0.063991
BS_2289,31.266743,121.481644,17342400,133,1.096843
BS_2290,31.266813,121.512658,12563340,342,0.794585
BS_2291,31.267263,121.086225,550860,33,0.034840
BS_2292,31.267266,121.385292,4370340,94,0.276408
BS_2293,31.267478,121.546800,7191660,187,0.454846
BS_2294,31.267480,121.578590,15913860,214,1.006493
BS_2295,31.267528,121.490264,39960,8,0.002527
BS_2296,31.267542,121.685192,886800,91,0.056087
BS_2297,31.267571,121.503200,612360,107,0.038730
BS_2298,31.267600,121.541803,4383420,140,0.277235
BS_2299,31.267654,121.473299,8731020,294,0.552205
BS_2300,31.267673,121.346341,156540,17,0.009901
BS_2301,31.267737,121.529422,494940,3,0.031303
BS_2302,31.267826,121.521146,3132060,94,0.198091
BS_2303,31.267858,121.495135,267000,6,0.016887
BS_2304,31.267888,121.467530,190920,2,0.012075
BS_2305,31.268106,121.493540,2956380,138,0.186980
BS_2306,31.268263,121.394134,5427960,79,0.343298
BS_2307,31.268538,121.497130,258360,2,0.016340
BS_2308,31.268642,121.332479,19112880,180,1.208819
BS_2309,31.268663,121.428101,5520660,223,0.349161
BS_2310,31.268862,121.434292,1674960,63,0.105935
BS_2311,31.268884,121.444020,89940,6,0.005688
BS_2312,31.268894,121.692432,15952740,84,1.008952
BS_2313,31.269050,121.627732,4640880,20,0.293519
BS_2314,31.269517,121.498812,11854620,145,0.749761
BS_2315,31.269521,121.153127,656700,79,0.041534
BS_2316,31.269535,121.497500,214200,1,0.013547
BS_2317,31.269868,121.533249,406680,37,0.025721
BS_2318,31.269929,121.453419,8852340,119,0.559878
BS_2319,31.269951,121.336766,142320,17,0.009001
BS_2320,31.269990,121.472205,48720,4,0.003081
BS_2321,31.270144,121.354637,88260,16,0.005582
BS_2322,31.270279,121.531241,10509300,264,0.664674
BS_2323,31.270302,121.398224,1933980,9,0.122317
BS_2324,31.270362,121.612773,11775720,272,0.744771
BS_2325,31.270369,121.443633,7278360,92,0.460329
BS_2326,31.270493,121.353356,480120,22,0.030366
BS_2327,31.270571,121.476897,18900,4,0.001195
BS_2328,31.270626,121.590800,18202020,104,1.151211
BS_2329,31.270634,121.521771,660,1,0.000042
BS_2330,31.270785,121.465575,708180,1,0.044790
BS_2331,31.270809,121.543999,1079700,14,0.068287
BS_2332,31.270878,121.658028,1800,1,0.000114
BS_2333,31.271086,121.549327,373200,3,0.023604
BS_2334,31.271321,121.521621,51840,6,0.003279
BS_2335,31.271455,121.513192,554580,92,0.035075
BS_2336,31.271472,121.494721,4076940,164,0.257851
BS_2337,31.271600,121.465223,6177060,299,0.390676
BS_2338,31.271819,121.546358,292380,8,0.018492
BS_2339,31.272097,121.379842,3300,1,0.000209
BS_2340,31.272151,121.375814,18844620,177,1.191853
BS_2341,31.272162,121.459351,3462420,83,0.218985
BS_2342,31.272257,121.513471,758760,14,0.047989
BS_2343,31.272659,121.601779,734880,59,0.046478
BS_2344,31.272769,121.578090,180360,5,0.011407
BS_2345,31.272774,121.436412,3688860,182,0.233307
BS_2346,31.273019,121.307617,21840300,216,1.381318
BS_2347,31.273024,121.425720,2012340,122,0.127273
BS_2348,31.273045,121.546148,8541180,179,0.540198
BS_2349,31.273183,121.488391,10609140,341,0.670989
BS_2350,31.273189,121.472745,132480,15,0.008379
BS_2351,31.273242,121.499598,11720640,199,0.741287
BS_2352,31.273276,121.130300,5832480,38,0.368883
BS_2353,31.273280,121.473760,2278860,145,0.144129
BS_2354,31.273451,121.681542,6603660,102,0.417657
BS_2355,31.273690,121.537119,7802220,157,0.493462
BS_2356,31.273767,121.222048,9256620,205,0.585447
BS_2357,31.273901,121.616429,53460,6,0.003381
BS_2358,31.273966,121.429374,3127140,111,0.197780
BS_2359,31.273982,121.512661,18379800,278,1.162454
BS_2360,31.274169,121.221302,6367620,105,0.402728
BS_2361,31.274310,121.448589,6983880,191,0.441705
BS_2362,31.274336,121.393280,3373920,106,0.213388
BS_2363,31.274417,121.257132,17291520,171,1.093625
BS_2364,31.274419,121.475879,19320,3,0.001222
BS_2365,31.274535,121.480340,5117280,228,0.323649
BS_2366,31.274536,121.097082,433560,21,0.027421
BS_2367,31.274564,121.519790,8520840,83,0.538912
BS_2368,31.274950,121.506381,138540,21,0.008762
BS_2369,31.275230,121.515265,1601160,4,0.101267
BS_2370,31.275255,121.459910,16020,1,0.001013
BS_2371,31.275331,121.286529,3186840,100,0.201556
BS_2372,31.275400,121.485024,52380,3,0.003313
BS_2373,31.275472,121.436799,759240,43,0.048019
BS_2374,31.275801,121.484797,939720,175,0.059434
BS_2375,31.275929,121.473484,12988140,167,0.821452
BS_2376,31.276178,121.553996,7821240,128,0.494665
BS_2377,31.276268,121.683198,3842580,85,0.243029
BS_2378,31.276315,121.564096,2298660,52,0.145382
BS_2379,31.276317,121.524794,14807040,172,0.936491
BS_2380,31.276349,121.395260,6968760,298,0.440748
BS_2381,31.276567,121.483483,8326260,248,0.526605
BS_2382,31.276616,121.593917,386760,47,0.024461
BS_2383,31.276718,121.371696,6827640,209,0.431823
BS_2384,31.276741,121.514196,213000,5,0.013471
BS_2385,31.276778,121.542361,29820,5,0.001886
BS_2386,31.276880,121.420858,304740,21,0.019274
BS_2387,31.276883,121.507533,145020,9,0.009172
BS_2388,31.276982,121.460649,12639780,360,0.799419
BS_2389,31.277147,121.514954,888300,13,0.056182
BS_2390,31.277260,121.460289,315300,34,0.019942
BS_2391,31.277484,121.382842,4213380,189,0.266481
BS_2392,31.277512,121.287969,20988540,430,1.327448
BS_2393,31.277576,121.460905,628440,14,0.039747
BS_2394,31.277632,121.380997,400020,9,0.025300
BS_2395,31.277766,121.433047,6346380,180,0.401385
BS_2396,31.277950,121.538718,10822140,306,0.684460
BS_2397,31.278008,121.492049,3416040,201,0.216052
BS_2398,31.278028,121.583992,587280,60,0.037143
BS_2399,31.278145,121.452159,51780,12,0.003275
BS_2400,31.278161,121.486144,214020,21,0.013536
BS_2401,31.278379,121.482276,37860,4,0.002395
BS_2402,31.278478,121.420747,685020,48,0.043325
BS_2403,31.278711,121.514214,918660,7,0.058102
BS_2404,31.278753,121.505741,92940,11,0.005878
BS_2405,31.278808,121.419722,5881500,202,0.371983
BS_2406,31.278892,121.710661,4570500,88,0.289067
BS_2407,31.278997,121.510278,361680,16,0.022875
BS_2408,31.279012,121.514374,22977600,264,1.453248
BS_2409,31.279258,121.474153,149220,16,0.009438
BS_2410,31.279298,121.485756,67920,3,0.004296
BS_2411,31.279322,121.466136,271200,23,0.017152
BS_2412,31.279484,121.437860,2100,1,0.000133
BS_2413,31.279562,121.467095,1182000,154,0.074757
BS_2414,31.279618,121.439189,586500,4,0.037094
BS_2415,31.279750,121.497791,30688020,351,1.940904
BS_2416,31.279800,121.459715,1813200,103,0.114678
BS_2417,31.280003,121.361419,852900,10,0.053943
BS_2418,31.280091,121.519684,538680,46,0.034070
BS_2419,31.280230,121.543164,8766540,107,0.554451
BS_2420,31.280262,121.364633,14021700,137,0.886821
BS_2421,31.280339,121.402957,10813860,175,0.683937
BS_2422,31.280348,121.592755,4356660,162,0.275543
BS_2423,31.280389,121.467635,4029180,167,0.254831
BS_2424,31.280452,121.480426,8273400,368,0.523262
BS_2425,31.280857,121.169253,6395640,744,0.404501
BS_2426,31.280867,121.656939,13228020,218,0.836623
BS_2427,31.281363,121.459935,7479540,439,0.473053
BS_2428,31.281567,121.557955,6351000,133,0.401677
BS_2429,31.281665,121.426210,491820,84,0.031106
BS_2430,31.281772,121.484273,478560,3,0.030267
BS_2431,31.281813,121.354285,25522560,195,1.614208
BS_2432,31.281917,121.435906,3845460,261,0.243211
BS_2433,31.281993,121.464732,273120,43,0.017274
BS_2434,31.281994,121.631556,3189420,4,0.201719
BS_2435,31.282019,121.494747,27660,10,0.001749
BS_2436,31.282066,121.494150,11160,6,0.000706
BS_2437,31.282237,121.420910,15391680,160,0.973467
BS_2438,31.282271,121.524511,15099240,276,0.954971
BS_2439,31.282514,121.343407,4652400,168,0.294247
BS_2440,31.283201,121.665402,4109880,115,0.259935
BS_2441,31.283289,121.510576,625260,109,0.039545
BS_2442,31.283403,121.541263,4905180,227,0.310235
BS_2443,31.283733,121.149832,1895820,194,0.119904
BS_2444,31.283777,121.379482,5100,3,0.000323
BS_2445,31.283793,121.518888,270240,60,0.017092
BS_2446,31.283860,121.530324,12703800,312,0.803468
BS_2447,31.283959,121.416644,9650880,137,0.610383
BS_2448,31.284042,121.583676,8512020,167,0.538354
BS_2449,31.284086,121.212427,2510760,74,0.158796
BS_2450,31.284148,121.481157,13085160,343,0.827588
BS_2451,31.284292,121.273506,3369360,121,0.213100
BS_2452,31.284348,121.564303,408480,35,0.025835
BS_2453,31.284385,121.511361,2618700,5,0.165623
BS_2454,31.284675,121.516006,6829080,111,0.431914
BS_2455,31.284953,121.489071,8320020,393,0.526211
BS_2456,31.285059,121.406807,8504940,174,0.537906
BS_2457,31.285391,121.497527,123120,21,0.007787
BS_2458,31.285418,121.471790,116640,5,0.007377
BS_2459,31.285698,121.612262,24530280,257,1.551450
BS_2460,31.285741,121.626244,20862960,207,1.319505
BS_2461,31.285798,121.546427,1264440,94,0.079971
BS_2462,31.285861,121.507007,7181700,252,0.454216
BS_2463,31.285944,121.444420,7344900,282,0.464538
BS_2464,31.286022,121.497436,14914620,232,0.943295
BS_2465,31.286066,121.474323,1137780,157,0.071960
BS_2466,31.286253,121.531109,255420,42,0.016154
BS_2467,31.286270,121.599397,3262980,12,0.206371
BS_2468,31.286501,121.363758,6021600,198,0.380844
BS_2469,31.286523,121.538876,117480,6,0.007430
BS_2470,31.286632,121.552094,5501940,135,0.347977
BS_2471,31.287110,121.226904,3962100,112,0.250588
BS_2472,31.287524,121.513380,245760,33,0.015543
BS_2473,31.287554,121.539000,101040,22,0.006390
BS_2474,31.287632,121.458734,4445040,281,0.281132
BS_2475,31.287814,121.355886,8634840,128,0.546122
BS_2476,31.288044,121.356098,159540,21,0.010090
BS_2477,31.288102,121.122551,426720,23,0.026988
BS_2478,31.288230,121.512731,20280,3,0.001283
BS_2479,31.288233,121.304952,3926940,113,0.248364
BS_2480,31.288572,121.534233,358620,50,0.022681
BS_2481,31.288583,121.428686,5205480,178,0.329227
BS_2482,31.288667,121.527375,15289320,190,0.966993
BS_2483,31.288777,121.390078,11595120,97,0.733349
BS_2484,31.289072,121.481426,431640,38,0.027300
BS_2485,31.289150,121.229167,1775640,73,0.112303
BS_2486,31.289282,121.378597,8374020,89,0.529626
BS_2487,31.289489,121.341656,6172320,59,0.390376
BS_2488,31.289509,121.447288,2242800,88,0.141849
BS_2489,31.289528,121.412608,8040,4,0.000509
BS_2490,31.289793,121.455017,6642600,148,0.420120
BS_2491,31.289799,121.455117,385560,4,0.024385
BS_2492,31.289846,121.462957,117720,17,0.007445
BS_2493,31.290316,121.457814,239040,7,0.015118
BS_2494,31.290434,121.425041,4388760,254,0.277573
BS_2495,31.290502,121.434311,33840,4,0.002140
BS_2496,31.290758,121.514018,91560,11,0.005791
BS_2497,31.290878,121.429094,28800,4,0.001821
BS_2498,31.290887,121.435064,3916680,75,0.247716
BS_2499,31.290912,121.498587,211440,11,0.013373
BS_2500,31.290920,121.359453,8271060,122,0.523114
BS_2501,31.290990,121.697503,8535240,65,0.539822
BS_2502,31.291143,121.472012,10745940,145,0.679641
BS_2503,31.291192,121.652630,1406520,51,0.088957
BS_2504,31.291242,121.489761,8610180,324,0.544562
BS_2505,31.291293,121.559335,1672320,107,0.105768
BS_2506,31.291587,121.511561,2483760,42,0.157089
BS_2507,31.291773,121.203129,2026020,77,0.128138
BS_2508,31.292008,121.369410,7062840,184,0.446699
BS_2509,31.292275,121.524795,14100,3,0.000892
BS_2510,31.292462,121.271212,3424860,114,0.216610
BS_2511,31.292519,121.549839,6641340,102,0.420040
BS_2512,31.292582,121.508354,43920,4,0.002778
BS_2513,31.292661,121.305822,6073320,164,0.384115
BS_2514,31.292699,121.478195,1293240,100,0.081793
BS_2515,31.292709,121.497635,1685160,21,0.106580
BS_2516,31.292717,121.482235,2591880,100,0.163927
BS_2517,31.292718,121.410291,24648960,212,1.558956
BS_2518,31.292867,121.422960,204540,50,0.012936
BS_2519,31.293519,121.223060,676860,8,0.042809
BS_2520,31.293561,121.362372,4143960,238,0.262090
BS_2521,31.293762,121.442609,3351720,218,0.211984
BS_2522,31.293848,121.528021,612660,1,0.038748
BS_2523,31.294057,121.171316,5857500,249,0.370465
BS_2524,31.294155,121.418063,6340500,121,0.401013
BS_2525,31.294157,121.432501,39300,9,0.002486
BS_2526,31.294194,121.316828,10792080,157,0.682559
BS_2527,31.294215,121.527852,332580,34,0.021034
BS_2528,31.294378,121.567937,1785000,32,0.112895
BS_2529,31.294393,121.497298,12249360,993,0.774727
BS_2530,31.294508,121.537685,5254860,94,0.332350
BS_2531,31.294598,121.206157,1445520,207,0.091424
BS_2532,31.294609,121.526886,15821880,228,1.000675
BS_2533,31.294657,121.341816,216660,4,0.013703
BS_2534,31.294732,121.496831,38820,4,0.002455
BS_2535,31.294781,121.494788,57660,17,0.003647
BS_2536,31.294834,121.431554,3010920,284,0.190430
BS_2537,31.294885,121.244609,4255200,195,0.269126
BS_2538,31.295004,121.516367,863100,20,0.054588
BS_2539,31.295335,121.555781,8008740,219,0.506523
BS_2540,31.295347,121.515155,25486680,355,1.611938
BS_2541,31.295365,121.166040,34800,11,0.002201
BS_2542,31.295646,121.498045,90120,6,0.005700
BS_2543,31.296101,121.505474,87540,3,0.005537
BS_2544,31.296226,121.494005,235200,469,0.014876
BS_2545,31.296405,121.392803,5644320,49,0.356982
BS_2546,31.296619,121.497055,689580,7,0.043613
BS_2547,31.296656,121.483976,8461020,260,0.535128
BS_2548,31.297053,121.525960,43560,3,0.002755
BS_2549,31.297110,121.519384,225300,10,0.014249
BS_2550,31.297233,121.496808,35040,8,0.002216
BS_2551,31.297281,121.505124,6374340,92,0.403153
BS_2552,31.297527,121.376000,8717340,198,0.551340
BS_2553,31.297689,121.447357,6466380,248,0.408975
BS_2554,31.297887,121.620770,563880,6,0.035663
BS_2555,31.298177,121.473198,8606880,254,0.544353
BS_2556,31.298418,121.539277,434640,24,0.027489
BS_2557,31.298560,121.495449,65160,6,0.004121
BS_2558,31.298668,121.541944,17755260,192,1.122955
BS_2559,31.298712,121.617334,676140,37,0.042763
BS_2560,31.298752,121.491919,4626420,410,0.292604
BS_2561,31.299073,121.552202,2788260,39,0.176347
BS_2562,31.299183,121.628904,5731440,103,0.362492
BS_2563,31.299261,121.578516,4333020,102,0.274048
BS_2564,31.299291,121.454034,202980,6,0.012838
BS_2565,31.299322,121.445001,28920,2,0.001829
BS_2566,31.299376,121.670896,865800,27,0.054759
BS_2567,31.299433,121.524696,84840,6,0.005366
BS_2568,31.299613,121.442959,72300,2,0.004573
BS_2569,31.299620,121.536202,126480,31,0.007999
BS_2570,31.299734,121.531717,99840,14,0.006315
BS_2571,31.299749,121.170321,7166940,326,0.453282
BS_2572,31.299799,121.530915,2497140,257,0.157935
BS_2573,31.299851,121.163211,2369580,87,0.149867
BS_2574,31.299874,121.298501,3195120,69,0.202080
BS_2575,31.299920,121.669771,4807740,71,0.304072
BS_2576,31.300084,121.504034,6656220,307,0.420981
BS_2577,31.300119,121.532041,9496920,105,0.600645
BS_2578,31.300163,121.504294,75120,2,0.004751
BS_2579,31.300338,121.526827,4302180,180,0.272097
BS_2580,31.300480,121.469206,581460,26,0.036775
BS_2581,31.300493,121.323029,5983920,307,0.378461
BS_2582,31.300545,121.170082,3241320,92,0.205002
BS_2583,31.300693,121.496182,14394000,307,0.910367
BS_2584,31.300808,121.540860,16680,5,0.001055
BS_2585,31.300920,121.168920,3740940,594,0.236601
BS_2586,31.301024,121.509195,61140,5,0.003867
BS_2587,31.301057,121.388942,7413180,68,0.468856
BS_2588,31.301105,121.430139,594240,2,0.037583
BS_2589,31.301132,121.177821,5667180,97,0.358428
BS_2590,31.301233,121.167693,68580,14,0.004337
BS_2591,31.301307,121.331240,7312020,269,0.462458
BS_2592,31.301584,121.490912,940440,1,0.059479
BS_2593,31.301602,121.487289,17869500,183,1.130180
BS_2594,31.301749,121.457406,8392020,372,0.530764
BS_2595,31.301877,121.353206,5917980,117,0.374290
BS_2596,31.301954,121.547440,8584140,124,0.542915
BS_2597,31.301967,121.515226,614460,25,0.038862
BS_2598,31.302000,121.670498,940620,55,0.059491
BS_2599,31.302086,121.510034,404340,93,0.025573
BS_2600,31.302288,121.510464,920160,17,0.058197
BS_2601,31.302355,121.515812,4910880,131,0.310595
BS_2602,31.302746,121.376994,6881400,51,0.435223
BS_2603,31.302776,121.527305,6720,2,0.000425
BS_2604,31.302901,121.553485,2967840,66,0.187705
BS_2605,31.303224,121.308726,3182040,50,0.201252
BS_2606,31.303318,121.522983,65340,15,0.004133
BS_2607,31.303333,121.455058,153000,6,0.009677
BS_2608,31.303373,121.442900,3007140,147,0.190190
BS_2609,31.303478,121.550820,5851560,110,0.370090
BS_2610,31.303610,121.492602,864540,6,0.054679
BS_2611,31.303790,121.455146,152700,24,0.009658
BS_2612,31.303800,121.450721,1043460,115,0.065995
BS_2613,31.303976,121.474504,10537560,102,0.666462
BS_2614,31.304036,121.448053,37560,7,0.002376
BS_2615,31.304081,121.326517,7580040,177,0.479410
BS_2616,31.304460,121.426575,2817840,135,0.178218
BS_2617,31.304538,121.526838,4556580,115,0.288187
BS_2618,31.304576,121.522177,12292980,479,0.777486
BS_2619,31.304737,121.522227,73620,11,0.004656
BS_2620,31.304918,121.497837,15445080,173,0.976844
BS_2621,31.305114,121.418980,1667940,45,0.105491
BS_2622,31.305124,121.454071,305160,12,0.019300
BS_2623,31.305269,121.397452,12375600,85,0.782711
BS_2624,31.305433,121.435633,1080600,76,0.068344
BS_2625,31.305522,121.483135,20163180,140,1.275247
BS_2626,31.306089,121.474725,16006620,98,1.012360
BS_2627,31.306306,121.289880,5794620,44,0.366488
BS_2628,31.306470,121.492925,5450040,169,0.344695
BS_2629,31.306500,121.429743,2951220,84,0.186654
BS_2630,31.306637,121.523563,389040,10,0.024605
BS_2631,31.306850,121.519579,3036660,222,0.192058
BS_2632,31.307142,121.362041,5116560,106,0.323604
BS_2633,31.307198,121.511929,12546300,226,0.793507
BS_2634,31.307215,121.486962,12636180,91,0.799192
BS_2635,31.307268,121.521916,32013420,558,2.024731
BS_2636,31.307339,121.534119,347460,3,0.021976
BS_2637,31.307358,121.524928,253080,27,0.016006
BS_2638,31.307614,121.526541,60300,16,0.003814
BS_2639,31.307814,121.504168,103440,16,0.006542
BS_2640,31.307911,121.518921,2898360,84,0.183311
BS_2641,31.308192,121.667576,3197760,157,0.202247
BS_2642,31.308350,121.657013,1473720,101,0.093207
BS_2643,31.308523,121.423052,101580,16,0.006425
BS_2644,31.308902,121.502016,274140,46,0.017338
BS_2645,31.308964,121.403345,5215980,71,0.329891
BS_2646,31.309000,121.525098,77520,8,0.004903
BS_2647,31.309342,121.580807,1266780,204,0.080119
BS_2648,31.309645,121.491100,1619220,38,0.102410
BS_2649,31.310089,121.640057,1978920,88,0.125159
BS_2650,31.310235,121.437455,7256700,124,0.458959
BS_2651,31.310425,121.439368,619200,3,0.039162
BS_2652,31.310614,121.476617,6162240,91,0.389739
BS_2653,31.311026,121.456026,249060,9,0.015752
BS_2654,31.311329,121.495756,19371300,254,1.225163
BS_2655,31.311405,121.553882,6541740,272,0.413741
BS_2656,31.311631,121.354326,9128160,110,0.577322
BS_2657,31.311763,121.212530,4009320,176,0.253575
BS_2658,31.311942,121.542040,19453080,216,1.230335
BS_2659,31.311982,121.457348,17760,9,0.001123
BS_2660,31.312069,121.172955,2533020,148,0.160204
BS_2661,31.312117,121.474859,2406480,86,0.152201
BS_2662,31.312192,121.456456,7000200,349,0.442737
BS_2663,31.312291,121.466310,6651360,144,0.420674
BS_2664,31.312494,121.157796,2313660,72,0.146330
BS_2665,31.312672,121.593011,8043360,328,0.508713
BS_2666,31.312825,121.491112,23702940,242,1.499123
BS_2667,31.312979,121.545236,222240,35,0.014056
BS_2668,31.313065,121.417971,11163960,100,0.706079
BS_2669,31.313444,121.309439,3629940,168,0.229580
BS_2670,31.313940,121.382812,19455000,304,1.230457
BS_2671,31.313954,121.499987,5263680,78,0.332908
BS_2672,31.314038,121.509762,13879800,145,0.877846
BS_2673,31.314113,121.110731,795060,114,0.050285
BS_2674,31.314136,121.549429,15360,2,0.000971
BS_2675,31.314684,121.522729,464880,1,0.029402
BS_2676,31.315405,121.532388,173640,12,0.010982
BS_2677,31.315501,121.535127,1657200,68,0.104812
BS_2678,31.315735,121.534779,61680,4,0.003901
BS_2679,31.315817,121.359172,286200,14,0.018101
BS_2680,31.315825,121.532151,5265420,128,0.333018
BS_2681,31.316181,121.405014,9251820,112,0.585143
BS_2682,31.316557,121.516135,1964340,62,0.124237
BS_2683,31.316634,121.657988,274860,11,0.017384
BS_2684,31.317240,121.237444,8114280,162,0.513198
BS_2685,31.317284,121.462980,120720,10,0.007635
BS_2686,31.317294,121.460019,13519800,423,0.855077
BS_2687,31.317417,121.483830,9265200,134,0.585990
BS_2688,31.317512,121.404518,219540,32,0.013885
BS_2689,31.317584,121.626266,1522440,14,0.096289
BS_2690,31.317624,121.405225,303600,42,0.019202
BS_2691,31.317640,121.496784,149820,16,0.009476
BS_2692,31.317987,120.619907,327900,10,0.020738
BS_2693,31.318258,121.167266,1435920,205,0.090817
BS_2694,31.318281,121.447698,14822460,162,0.937466
BS_2695,31.318369,121.407014,14578800,120,0.922055
BS_2696,31.318389,121.653955,1759800,105,0.111301
BS_2697,31.318438,121.497035,3406920,108,0.215475
BS_2698,31.318646,121.538990,22391940,250,1.416207
BS_2699,31.318661,121.194317,15816180,152,1.000315
BS_2700,31.318695,121.410448,815100,19,0.051552
BS_2701,31.318974,121.412838,2800800,108,0.177140
BS_2702,31.319077,121.331853,16887420,116,1.068067
BS_2703,31.319422,121.469372,4108320,50,0.259836
BS_2704,31.319501,121.584673,6952620,150,0.439728
BS_2705,31.319806,121.526248,9075720,210,0.574006
BS_2706,31.320121,121.459018,2800440,126,0.177117
BS_2707,31.320281,121.454478,18840,7,0.001192
BS_2708,31.320829,121.389518,2181900,46,0.137997
BS_2709,31.320837,121.542217,90360,12,0.005715
BS_2710,31.320870,121.393055,441900,18,0.027949
BS_2711,31.321039,121.453913,11967480,330,0.756899
BS_2712,31.321416,121.215000,7742280,104,0.489671
BS_2713,31.323091,121.364299,5906280,194,0.373550
BS_2714,31.323113,121.616609,6986220,201,0.441853
BS_2715,31.323457,121.578150,4839480,141,0.306079
BS_2716,31.323598,121.638883,1146780,47,0.072530
BS_2717,31.324066,121.536866,5865300,97,0.370959
BS_2718,31.324375,121.433451,2816280,43,0.178119
BS_2719,31.324464,121.387532,27850380,98,1.761434
BS_2720,31.324905,121.294160,10623540,161,0.671900
BS_2721,31.325382,121.553285,4527360,338,0.286339
BS_2722,31.325552,121.473746,118020,17,0.007464
BS_2723,31.325890,121.477565,213360,18,0.013494
BS_2724,31.326138,121.489730,16104720,237,1.018564
BS_2725,31.326226,121.612774,8640,3,0.000546
BS_2726,31.326418,121.501541,3509820,96,0.221983
BS_2727,31.326513,121.490258,55200,1,0.003491
BS_2728,31.326619,121.493433,3309000,93,0.209282
BS_2729,31.326648,121.304442,33028260,338,2.088915
BS_2730,31.326671,121.481254,161700,1,0.010227
BS_2731,31.327041,121.661258,4289640,135,0.271304
BS_2732,31.327049,121.443238,13128180,209,0.830309
BS_2733,31.327120,121.254377,8693220,178,0.549814
BS_2734,31.327190,121.530130,26116200,170,1.651753
BS_2735,31.327299,121.452936,6519780,293,0.412352
BS_2736,31.327319,121.462047,27234060,320,1.722454
BS_2737,31.327484,121.406697,10662780,146,0.674381
BS_2738,31.327488,121.437837,8893320,100,0.562470
BS_2739,31.327550,121.153430,1088700,226,0.068856
BS_2740,31.327657,121.544364,346500,24,0.021915
BS_2741,31.328439,121.384246,292920,34,0.018526
BS_2742,31.328545,121.538592,153300,14,0.009696
BS_2743,31.328990,121.323419,7209900,108,0.456000
BS_2744,31.330908,121.455160,2747340,160,0.173759
BS_2745,31.331055,121.529620,2549100,99,0.161221
BS_2746,31.331242,121.225906,11009040,118,0.696281
BS_2747,31.331670,121.440751,13587480,245,0.859358
BS_2748,31.331954,121.451325,200700,13,0.012694
BS_2749,31.332113,121.451373,278760,54,0.017631
BS_2750,31.332214,121.218580,3227160,55,0.204106
BS_2751,31.332279,121.286543,157440,13,0.009957
BS_2752,31.332871,121.640577,58740,3,0.003715
BS_2753,31.333313,121.333805,1386480,25,0.087690
BS_2754,31.333315,121.188402,2821020,75,0.178419
BS_2755,31.333408,121.552846,3133740,89,0.198197
BS_2756,31.333953,121.449114,64020,6,0.004049
BS_2757,31.334186,121.502380,9978600,220,0.631110
BS_2758,31.334437,121.640763,51780,9,0.003275
BS_2759,31.334449,121.536876,8084880,120,0.511339
BS_2760,31.334540,121.466110,5616540,122,0.355225
BS_2761,31.335141,121.413142,1150320,43,0.072753
BS_2762,31.335151,121.590721,6485460,87,0.410181
BS_2763,31.336058,121.274257,93000,8,0.005882
BS_2764,31.336782,121.593918,27000,3,0.001708
BS_2765,31.337091,121.543621,4246020,106,0.268545
BS_2766,31.337218,121.465181,23700000,220,1.498937
BS_2767,31.337262,121.473928,22480920,173,1.421835
BS_2768,31.337534,121.293635,644520,3,0.040764
BS_2769,31.337637,121.446597,3479220,39,0.220048
BS_2770,31.337749,121.579688,2639160,33,0.166917
BS_2771,31.337750,121.306733,12956880,171,0.819475
BS_2772,31.338059,121.289933,18785340,278,1.188103
BS_2773,31.338453,121.449399,459840,23,0.029083
BS_2774,31.338760,121.437747,4126860,47,0.261009
BS_2775,31.338810,121.604229,23280,2,0.001472
BS_2776,31.339114,121.321261,32171160,138,2.034707
BS_2777,31.339206,121.453188,5689380,209,0.359832
BS_2778,31.339700,121.298473,3866520,90,0.244543
BS_2779,31.339843,121.232133,342480,65,0.021661
BS_2780,31.340297,121.266520,1157700,53,0.073220
BS_2781,31.340851,121.632620,9037380,61,0.571581
BS_2782,31.341175,121.618019,4258560,136,0.269338
BS_2783,31.341417,121.271089,2682480,144,0.169657
BS_2784,31.342336,121.605688,2690820,116,0.170184
BS_2785,31.342417,121.409220,10645680,137,0.673300
BS_2786,31.343106,121.455682,18990720,191,1.201093
BS_2787,31.343354,121.593310,38700,6,0.002448
BS_2788,31.343386,121.208271,4639440,97,0.293427
BS_2789,31.343828,121.481620,48240,10,0.003051
BS_2790,31.344291,121.487858,26597340,290,1.682184
BS_2791,31.344366,121.519150,1495200,69,0.094566
BS_2792,31.344675,121.443963,19535100,275,1.235523
BS_2793,31.344797,121.500999,696600,28,0.044057
BS_2794,31.345387,121.596868,3840,2,0.000243
BS_2795,31.345443,121.596458,9722160,99,0.614891
BS_2796,31.346682,121.493520,5459340,96,0.345283
BS_2797,31.346801,121.577398,17311500,96,1.094888
BS_2798,31.348039,121.147744,131400,14,0.008311
BS_2799,31.348329,121.593744,11040,2,0.000698
BS_2800,31.348418,121.427796,45669840,161,2.888449
BS_2801,31.348473,121.384381,421560,50,0.026662
BS_2802,31.348925,121.178176,498120,26,0.031504
BS_2803,31.349748,121.506246,7234560,203,0.457559
BS_2804,31.350403,121.599242,381360,1,0.024120
BS_2805,31.350476,121.519951,71340,1,0.004512
BS_2806,31.350554,121.391849,114000,4,0.007210
BS_2807,31.350616,121.589116,7038720,70,0.445173
BS_2808,31.351256,121.519123,1199760,76,0.075880
BS_2809,31.351912,121.580740,13620,1,0.000861
BS_2810,31.352538,121.490272,3770160,72,0.238449
BS_2811,31.353347,121.441038,9109500,119,0.576142
BS_2812,31.353624,121.155902,931200,95,0.058895
BS_2813,31.354467,121.595273,38640,2,0.002444
BS_2814,31.354948,121.496863,13572540,101,0.858413
BS_2815,31.355364,121.537096,3188760,50,0.201677
BS_2816,31.355417,121.263102,40860,5,0.002584
BS_2817,31.355465,121.412867,15770760,174,0.997442
BS_2818,31.355737,121.403678,20536860,245,1.298881
BS_2819,31.355885,121.375057,7299720,252,0.461680
BS_2820,31.356008,121.596087,244320,2,0.015452
BS_2821,31.356238,121.568226,4922220,28,0.311312
BS_2822,31.356305,121.293716,1525620,45,0.096490
BS_2823,31.356868,121.555161,1868760,81,0.118192
BS_2824,31.357217,121.439635,6573780,74,0.415767
BS_2825,31.357773,121.508693,5353920,139,0.338616
BS_2826,31.358014,121.376170,9416880,141,0.595583
BS_2827,31.358732,121.508333,2043420,78,0.129239
BS_2828,31.358748,121.528060,2279220,59,0.144152
BS_2829,31.359311,121.310645,7941060,65,0.502243
BS_2830,31.359545,121.181560,5384580,60,0.340555
BS_2831,31.359987,121.417748,89340,17,0.005650
BS_2832,31.360292,121.583955,15050160,77,0.951867
BS_2833,31.360948,121.595293,3158520,72,0.199765
BS_2834,31.360977,121.444195,3615900,214,0.228692
BS_2835,31.361240,121.451839,6171480,121,0.390323
BS_2836,31.361645,121.475443,5299200,48,0.335155
BS_2837,31.362367,121.461011,76680,3,0.004850
BS_2838,31.364338,121.251014,1748340,2,0.110576
BS_2839,31.364407,121.561457,2386020,83,0.150907
BS_2840,31.364503,121.391608,8322420,96,0.526362
BS_2841,31.365012,121.504701,604380,70,0.038225
BS_2842,31.365408,121.245027,2258040,143,0.142813
BS_2843,31.365913,121.177965,2861760,80,0.180996
BS_2844,31.366638,121.435430,9506100,186,0.601226
BS_2845,31.367392,121.276877,1537320,91,0.097230
BS_2846,31.367578,121.318580,13423980,171,0.849017
BS_2847,31.368461,121.372259,6066960,69,0.383713
BS_2848,31.369006,121.255520,426480,2,0.026973
BS_2849,31.369100,121.415317,5077740,113,0.321148
BS_2850,31.370243,121.576881,2480520,1,0.156884
BS_2851,31.370336,121.265507,7280400,189,0.460458
BS_2852,31.370388,121.187891,16491180,280,1.043006
BS_2853,31.370457,121.470415,3598200,121,0.227573
BS_2854,31.370654,121.459272,7515660,200,0.475338
BS_2855,31.370992,121.177459,7463880,78,0.472063
BS_2856,31.371366,121.236234,3535380,142,0.223600
BS_2857,31.371694,121.443832,9610260,168,0.607813
BS_2858,31.371973,121.278978,5739720,82,0.363016
BS_2859,31.372190,121.448243,134340,12,0.008497
BS_2860,31.372730,121.546117,1843380,14,0.116587
BS_2861,31.373175,121.438741,881460,21,0.055749
BS_2862,31.373346,121.135761,651900,56,0.041230
BS_2863,31.373432,121.490334,4406340,73,0.278685
BS_2864,31.374842,121.264224,2374920,153,0.150205
BS_2865,31.375832,121.389413,208800,35,0.013206
BS_2866,31.376534,121.563363,89040,6,0.005631
BS_2867,31.376717,121.539395,1788120,79,0.113092
BS_2868,31.377094,121.500868,15480,2,0.000979
BS_2869,31.378141,121.503801,720360,23,0.045560
BS_2870,31.378285,121.436137,13683480,149,0.865430
BS_2871,31.378631,121.277965,3509460,113,0.221960
BS_2872,31.379455,121.372876,11431560,108,0.723004
BS_2873,31.379546,121.260455,220800,24,0.013965
BS_2874,31.380093,121.517779,9689040,90,0.612796
BS_2875,31.380359,121.304458,3651180,102,0.230924
BS_2876,31.381763,121.301878,8880600,77,0.561665
BS_2877,31.382369,121.258579,210900,4,0.013339
BS_2878,31.382497,121.548578,3383820,88,0.214014
BS_2879,31.382771,121.291756,8650920,46,0.547139
BS_2880,31.382812,121.242351,14921340,141,0.943720
BS_2881,31.383360,121.420672,10708500,93,0.677273
BS_2882,31.383625,121.268069,2583120,133,0.163373
BS_2883,31.384170,121.344688,607260,54,0.038407
BS_2884,31.384186,121.484871,4761300,69,0.301135
BS_2885,31.384742,121.277311,2842260,45,0.179762
BS_2886,31.385543,121.469415,7107780,134,0.449541
BS_2887,31.386162,121.255053,74580,13,0.004717
BS_2888,31.387389,121.431922,3142200,104,0.198733
BS_2889,31.387987,121.495216,17383320,190,1.099431
BS_2890,31.387989,121.396749,1946280,77,0.123095
BS_2891,31.388641,121.444174,18810480,144,1.189693
BS_2892,31.389487,121.259676,2246280,68,0.142069
BS_2893,31.390234,121.254572,17393100,393,1.100049
BS_2894,31.390340,121.272165,17532960,111,1.108895
BS_2895,31.391131,121.251789,596880,41,0.037750
BS_2896,31.391154,121.246483,162420,6,0.010272
BS_2897,31.392798,121.246646,956400,57,0.060489
BS_2898,31.395438,121.472743,2463960,78,0.155836
BS_2899,31.395694,121.391302,1479240,60,0.093556
BS_2900,31.395845,121.450008,194640,9,0.012310
BS_2901,31.395915,121.363062,14223300,141,0.899571
BS_2902,31.395973,121.258897,6436920,247,0.407111
BS_2903,31.396049,121.448747,198120,3,0.012530
BS_2904,31.396351,121.442220,6380220,138,0.403525
BS_2905,31.396658,121.496972,12548520,121,0.793648
BS_2906,31.396687,121.378844,7895940,71,0.499389
BS_2907,31.397140,121.507729,724080,2,0.045795
BS_2908,31.397562,121.158640,1613760,65,0.102064
BS_2909,31.397648,121.285510,3016140,43,0.190760
BS_2910,31.397749,121.267217,7522200,111,0.475751
BS_2911,31.398623,121.409041,1224840,39,0.077467
BS_2912,31.399445,121.464161,184080,3,0.011642
BS_2913,31.400853,121.483671,2510700,124,0.158793
BS_2914,31.401391,121.463758,10081680,87,0.637629
BS_2915,31.402193,121.367083,2310960,62,0.146160
BS_2916,31.402222,121.493387,12301740,188,0.778040
BS_2917,31.402828,121.487790,2274300,72,0.143841
BS_2918,31.403164,121.489072,21960,4,0.001389
BS_2919,31.403259,121.447841,4067700,102,0.257267
BS_2920,31.403690,121.255993,184320,4,0.011658
BS_2921,31.404161,121.471090,355020,9,0.022454
BS_2922,31.404925,121.473328,258840,4,0.016371
BS_2923,31.405231,121.506638,17730660,166,1.121399
BS_2924,31.405792,121.489703,4115040,133,0.260261
BS_2925,31.405917,121.474805,7980,2,0.000505
BS_2926,31.406017,121.240101,10158360,110,0.642479
BS_2927,31.406426,121.476433,10637040,122,0.672753
BS_2928,31.407391,121.490586,507180,32,0.032077
BS_2929,31.409644,121.303936,1461540,39,0.092437
BS_2930,31.410089,121.244982,7227420,60,0.457108
BS_2931,31.410106,121.261072,112980,14,0.007146
BS_2932,31.410197,121.500761,2932140,59,0.185447
BS_2933,31.410254,121.496122,137100,4,0.008671
BS_2934,31.410741,121.442349,2264460,34,0.143219
BS_2935,31.410799,121.489340,22080,5,0.001396
BS_2936,31.412391,121.491247,197160,24,0.012470
BS_2937,31.412982,121.496282,29329200,203,1.854964
BS_2938,31.413394,121.474339,16020,4,0.001013
BS_2939,31.413510,121.367585,658320,48,0.041636
BS_2940,31.413754,121.202263,4112340,124,0.260090
BS_2941,31.414397,121.481621,18833280,105,1.191135
BS_2942,31.414938,121.486809,9470040,122,0.598945
BS_2943,31.415025,121.466574,2280,2,0.000144
BS_2944,31.415037,121.260851,134940,4,0.008534
BS_2945,31.415226,121.349387,5365380,118,0.339340
BS_2946,31.415595,121.188844,6989760,137,0.442077
BS_2947,31.416300,121.496785,2572380,46,0.162694
BS_2948,31.417324,121.491388,280740,22,0.017756
BS_2949,31.418900,121.295725,1160580,57,0.073402
BS_2950,31.419300,121.285094,2965320,33,0.187546
BS_2951,31.419608,121.431596,474900,13,0.030036
BS_2952,31.420016,121.441130,6913680,92,0.437265
BS_2953,31.420118,121.349715,580680,42,0.036726
BS_2954,31.420803,121.280523,1751940,41,0.110804
BS_2955,31.421831,121.349166,2111640,60,0.133553
BS_2956,31.422250,121.355698,5650920,76,0.357400
BS_2957,31.423181,121.387917,7041780,76,0.445367
BS_2958,31.423448,121.433415,16666620,139,1.054102
BS_2959,31.424101,121.362592,37860,3,0.002395
BS_2960,31.425786,121.422506,15032160,94,0.950729
BS_2961,31.426865,121.351198,1823280,54,0.115316
BS_2962,31.427180,121.339250,2848560,53,0.180161
BS_2963,31.427978,121.433301,7439520,69,0.470522
BS_2964,31.428157,121.260412,80520,2,0.005093
BS_2965,31.429482,121.184088,904620,165,0.057214
BS_2966,31.430211,121.282390,3794940,14,0.240016
BS_2967,31.430745,121.187414,1849800,110,0.116993
BS_2968,31.431346,121.222574,3525120,78,0.222951
BS_2969,31.432457,121.359456,312360,23,0.019756
BS_2970,31.434069,121.448741,8395740,22,0.531000
BS_2971,31.436148,121.224416,2147940,268,0.135849
BS_2972,31.436901,121.294601,3148860,30,0.199154
BS_2973,31.437104,121.312850,706140,42,0.044661
BS_2974,31.437370,121.432451,4172820,16,0.263915
BS_2975,31.441487,121.179013,5302140,530,0.335341
BS_2976,31.441726,121.246593,1669500,38,0.105590
BS_2977,31.444014,121.256610,18417480,58,1.164838
BS_2978,31.444231,121.225828,738180,25,0.046687
BS_2979,31.447176,121.385936,2678520,21,0.169406
BS_2980,31.450256,121.254671,938280,16,0.059343
BS_2981,31.452354,121.338610,1668060,55,0.105499
BS_2982,31.453478,121.256429,2617980,31,0.165578
BS_2983,31.455174,121.413981,3141180,41,0.198668
BS_2984,31.456227,121.359857,2245080,51,0.141993
BS_2985,31.456258,121.413525,5605440,48,0.354523
BS_2986,31.456615,121.221022,3164400,148,0.200137
BS_2987,31.459342,121.319364,5973300,42,0.377789
BS_2988,31.459469,121.412299,2800320,38,0.177110
BS_2989,31.460409,121.401649,6527400,17,0.412834
BS_2990,31.462643,121.331794,1534200,15,0.097032
BS_2991,31.463063,121.345403,1584300,19,0.100201
BS_2992,31.467705,121.201637,1225200,89,0.077489
BS_2993,31.468523,121.425585,1431660,33,0.090547
BS_2994,31.469330,121.246736,947640,23,0.059935
BS_2995,31.469563,121.384552,2031420,41,0.128480
BS_2996,31.473557,121.331298,5625540,40,0.355795
BS_2997,31.475425,121.356951,2163120,25,0.136809
BS_2998,31.482590,121.348661,2997360,38,0.189572
BS_2999,31.483764,121.274813,1353300,43,0.085591
BS_3000,31.486000,121.243442,157800,20,0.009980
BS_3001,31.486771,121.360405,201780,37,0.012762
BS_3002,31.488248,121.349833,4017240,54,0.254076
BS_3003,31.492475,121.328439,4617600,63,0.292046
BS_3004,31.492988,121.292044,1286880,105,0.081390
BS_3005,31.497375,121.324955,1996680,21,0.126283
BS_3006,31.501733,121.334549,312840,26,0.019786
BS_3007,31.505950,121.282812,190200,32,0.012029
